# Blender 4.4.1
# www.blender.org
mtllib player.mtl
o 球體.023
v 0.000000 3.304395 1.200396
v 0.106529 3.306672 1.190154
v 0.208964 3.313413 1.159821
v 0.303368 3.324360 1.110562
v 0.386114 3.339092 1.044271
v 0.454022 3.357043 0.963496
v 0.504483 3.377524 0.871340
v 0.535556 3.399746 0.771344
v 0.546048 3.422857 0.667353
v 0.535556 3.445967 0.563361
v 0.504483 3.468190 0.463366
v 0.454022 3.488670 0.371210
v 0.386114 3.506621 0.290434
v 0.303368 3.521353 0.224143
v 0.208963 3.532300 0.174885
v 0.106528 3.539042 0.144552
v -0.000000 3.541318 0.134309
v -0.106529 3.539042 0.144552
v -0.208964 3.532300 0.174885
v -0.303368 3.521353 0.224144
v -0.386114 3.506621 0.290434
v -0.454022 3.488670 0.371210
v -0.504482 3.468189 0.463366
v -0.535556 3.445967 0.563361
v -0.546048 3.422856 0.667353
v -0.535555 3.399746 0.771344
v -0.504482 3.377523 0.871340
v -0.454022 3.357043 0.963496
v -0.386114 3.339092 1.044271
v -0.303368 3.324360 1.110562
v -0.208963 3.313413 1.159820
v -0.106528 3.306672 1.190153
v -0.000000 3.603467 1.197496
v -0.000000 3.470779 1.232342
v 0.093319 3.605462 1.188524
v 0.105571 3.473035 1.222192
v 0.183051 3.611367 1.161952
v 0.207084 3.479715 1.192132
v 0.265749 3.620956 1.118802
v 0.300640 3.490564 1.143316
v 0.338234 3.633862 1.060731
v 0.382642 3.505164 1.077622
v 0.397721 3.649587 0.989972
v 0.449940 3.522954 0.997572
v 0.441924 3.667527 0.909244
v 0.499946 3.543250 0.906245
v 0.469144 3.686994 0.821649
v 0.530740 3.565272 0.807149
v 0.478335 3.707239 0.730552
v 0.541138 3.588175 0.704092
v 0.469144 3.727484 0.639456
v 0.530740 3.611078 0.601036
v 0.441924 3.746951 0.551861
v 0.499946 3.633101 0.501940
v 0.397721 3.764891 0.471132
v 0.449939 3.653397 0.410612
v 0.338234 3.780617 0.400374
v 0.382642 3.671186 0.330563
v 0.265749 3.793522 0.342303
v 0.300640 3.685786 0.264868
v 0.183051 3.803111 0.299153
v 0.207084 3.696635 0.216053
v 0.093318 3.809016 0.272581
v 0.105571 3.703315 0.185992
v -0.000000 3.811010 0.263609
v -0.000000 3.705571 0.175842
v -0.093319 3.809016 0.272581
v -0.105571 3.703315 0.185993
v -0.183051 3.803111 0.299153
v -0.207085 3.696635 0.216053
v -0.265749 3.793521 0.342303
v -0.300640 3.685786 0.264869
v -0.338234 3.780616 0.400374
v -0.382642 3.671186 0.330563
v -0.397721 3.764891 0.471133
v -0.449940 3.653396 0.410612
v -0.441924 3.746950 0.551861
v -0.499946 3.633100 0.501940
v -0.469144 3.727484 0.639456
v -0.530740 3.611078 0.601036
v -0.478335 3.707239 0.730553
v -0.541138 3.588175 0.704092
v -0.469144 3.686994 0.821649
v -0.530740 3.565272 0.807149
v -0.441924 3.667527 0.909244
v -0.499946 3.543249 0.906245
v -0.397721 3.649586 0.989973
v -0.449939 3.522953 0.997572
v -0.338234 3.633861 1.060731
v -0.382642 3.505163 1.077621
v -0.265749 3.620956 1.118802
v -0.300640 3.490564 1.143316
v -0.183051 3.611367 1.161952
v -0.207084 3.479715 1.192132
v -0.093318 3.605462 1.188524
v -0.105570 3.473035 1.222192
v -0.000000 3.236484 1.665885
v -0.000000 2.634973 2.048654
v -0.000000 1.932770 2.172098
v -0.000000 1.577157 2.129036
v -0.069547 3.647214 1.075378
v -0.136421 3.472771 1.381012
v -0.198053 3.240716 1.646844
v -0.136421 3.651615 1.055575
v -0.198053 3.658762 1.023417
v -0.000000 3.757339 0.741687
v -0.198053 3.787368 0.444722
v -0.136421 3.794515 0.412564
v -0.069547 3.798915 0.392761
v -0.136421 3.770345 0.042010
v -0.198052 3.672725 -0.297086
v 0.000000 3.800402 0.386074
v 0.000000 3.773260 0.028894
v 0.000000 3.676957 -0.316128
v 0.000000 3.515194 -0.635733
v 0.000000 3.294188 -0.917638
v -0.000000 3.022431 -1.151011
v 0.000000 2.710367 -1.326882
v 0.000001 2.369989 -1.438493
v 0.069547 3.798915 0.392761
v 0.136421 3.770345 0.042010
v 0.198053 3.672725 -0.297086
v 0.136421 3.794515 0.412564
v 0.198052 3.787368 0.444722
v 0.198052 3.658762 1.023417
v 0.136421 3.651615 1.055575
v 0.069547 3.647214 1.075378
v 0.136421 3.472771 1.381012
v 0.198052 3.240716 1.646842
v -0.000000 3.645728 1.082065
v -0.000000 3.469857 1.394128
v -0.000000 2.954578 1.886891
v -0.000000 2.289951 2.144956
v -0.214576 2.294536 2.124326
v -0.214576 1.581742 2.108406
v -0.214576 1.937355 2.151468
v -0.214576 3.154844 1.712853
v -0.214576 2.639558 2.028024
v -0.214576 2.959163 1.866261
v -0.214576 2.365404 -1.417863
v -0.214576 2.705782 -1.306252
v -0.214576 3.017847 -1.130381
v -0.214576 3.289603 -0.897008
v -0.214576 3.671638 -0.292193
v -0.214576 3.622895 -0.393254
v -0.214576 3.241803 1.641951
v -0.214576 3.477915 1.357869
v -0.214576 3.550205 1.226323
v -0.214576 3.510610 -0.615103
v -0.214576 3.774971 0.214936
v -0.214576 3.765202 0.065154
v -0.214576 3.784426 0.457959
v -0.214576 3.774714 0.525737
v -0.214576 3.783926 0.418625
v -0.214576 3.701423 0.876133
v -0.214576 3.681613 0.944668
v -0.214576 3.644590 1.045599
v -0.214576 3.661703 1.010180
v -0.214576 3.727045 0.778677
v -0.214576 3.736709 0.737102
v -0.214576 3.715727 0.823487
v -0.214576 3.745564 0.695347
v -0.214576 3.754291 0.649961
v -0.214576 3.763631 0.596212
v 0.214576 2.365404 -1.417863
v 0.214576 2.705782 -1.306252
v 0.214576 3.017846 -1.130381
v 0.214576 3.289603 -0.897008
v 0.214576 3.622895 -0.393252
v 0.214576 3.510610 -0.615103
v 0.214576 3.671638 -0.292193
v 0.214576 3.765202 0.065154
v 0.214576 3.774971 0.214936
v 0.214576 3.154842 1.712854
v 0.214576 3.241803 1.641949
v 0.214576 1.581743 2.108404
v 0.214576 1.937355 2.151467
v 0.214576 2.294536 2.124325
v 0.214576 2.639558 2.028023
v 0.214576 2.959163 1.866261
v 0.214576 3.784426 0.457959
v 0.214576 3.783926 0.418626
v 0.214576 3.774714 0.525737
v 0.214576 3.736709 0.737102
v 0.214576 3.745564 0.695347
v 0.214576 3.754291 0.649961
v 0.214576 3.763631 0.596212
v 0.214576 3.701423 0.876133
v 0.214576 3.681613 0.944668
v 0.214576 3.644590 1.045599
v 0.214576 3.661703 1.010180
v 0.214576 3.550205 1.226324
v 0.214576 3.477915 1.357869
v 0.214576 3.727045 0.778677
v 0.214576 3.715727 0.823487
v -0.072545 0.876491 1.951674
v -0.072545 1.660153 -1.574595
v 0.072545 1.660153 -1.574595
v 0.072545 0.876491 1.951673
v -0.214576 2.012778 -1.496229
v -0.214576 1.229117 2.030040
v -0.000000 1.224532 2.050670
v 0.214575 1.229117 2.030038
v 0.000001 2.017363 -1.516859
v 0.214575 2.012778 -1.496229
v -0.214576 1.974042 -1.321927
v -0.214576 1.267853 1.855737
v -0.072545 1.621417 -1.400293
v -0.072545 0.915227 1.777371
v 0.072545 1.621417 -1.400293
v 0.072545 0.915227 1.777371
v 0.214575 1.974042 -1.321927
v 0.214575 1.267853 1.855737
v 0.214576 2.326668 -1.243561
v 0.214576 1.620479 1.934103
v -0.214576 2.326668 -1.243561
v -0.214576 1.620479 1.934103
v 1.000000 0.740390 1.000000
v 1.000000 2.551208 1.000000
v -1.000000 0.740390 1.000000
v -1.000000 2.551208 1.000000
v 1.000000 0.740390 0.000000
v 1.000000 2.551208 0.000000
v -1.000000 0.740390 0.000000
v -1.000000 2.551208 0.000000
v 1.000000 1.750800 1.000000
v -1.000000 1.750800 1.000000
v -1.000000 1.750800 0.000000
v 1.000000 1.750800 0.000000
v 1.000000 1.245595 1.000000
v -1.000000 1.245595 1.000000
v -1.000000 1.245595 0.000000
v 1.000000 1.245595 0.000000
v 0.000000 0.740390 1.000000
v 0.000000 2.551208 1.000000
v 0.000000 2.551208 -1.000000
v 0.000000 2.551208 0.000000
v 0.000000 0.740390 0.000000
v 0.000000 1.750800 -1.316740
v 0.000000 1.750800 1.000000
v 0.000000 1.245595 1.000000
v 0.000000 1.245595 -1.115041
v 1.000000 0.912081 -0.288244
v -1.000000 2.551208 -0.500200
v 1.000000 2.551208 -0.500200
v -1.000000 0.912081 -0.288244
v 1.000000 1.750800 -0.500200
v -1.000000 1.750800 -0.500200
v -1.000000 1.245595 -0.500200
v 1.000000 1.245595 -0.500200
v 0.000000 2.551208 -0.500200
v 0.000000 0.551033 -0.293265
v 0.662899 2.551208 -1.000000
v -0.662899 2.551208 -1.000000
v 0.661638 1.750800 -1.000000
v -0.661638 1.750800 -1.000000
v -0.657754 1.245595 -1.000000
v 0.657754 1.245595 -1.000000
v 0.000000 0.919811 -1.000000
v 1.000000 1.750800 -0.645507
v 0.928725 1.750800 -0.786218
v -0.928725 1.750800 -0.786218
v -1.000000 1.750800 -0.645507
v -0.831378 1.151936 -0.789080
v -1.000000 0.983685 -0.651307
v 1.000000 0.983685 -0.651307
v 0.831378 1.151936 -0.789080
v 0.000000 0.565064 -0.789768
v 0.000000 0.389945 -0.653305
v 1.000000 2.245595 1.000000
v -1.000000 2.245595 1.000000
v -1.000000 2.245595 0.000000
v 1.000000 2.245595 0.000000
v 0.000000 2.172851 -1.071177
v 0.000000 2.245595 1.000000
v 1.000000 2.245595 -0.500200
v -1.000000 2.245595 -0.500200
v 0.662269 2.172851 -0.898417
v -0.662269 2.172851 -0.898417
v 1.000000 2.245595 -0.644637
v 0.928803 2.245595 -0.785735
v -1.000000 2.245595 -0.644637
v -0.928803 2.245595 -0.785735
v -0.541117 2.033500 -0.958809
v -0.544785 1.962906 -0.963929
v -0.549729 1.892660 -0.971942
v -0.562640 1.763892 -0.995320
v -0.500358 2.101007 -0.974285
v -0.500239 2.032733 -0.977392
v -0.503106 1.962124 -0.982876
v -0.508851 1.891893 -0.990525
v -0.517251 1.824738 -1.000047
v -0.527986 1.763242 -1.011075
v -0.540641 1.709766 -1.023184
v -0.554731 1.666366 -1.035911
v -0.569714 1.634709 -1.048765
v -0.585014 1.616013 -1.061254
v -0.464509 2.100634 -0.993792
v -0.462182 2.032337 -0.998100
v -0.464303 1.961720 -1.003990
v -0.470793 1.891497 -1.011234
v -0.481402 1.824365 -1.019554
v -0.495722 1.762906 -1.028630
v -0.513203 1.709480 -1.038114
v -0.533173 1.666141 -1.047641
v -0.554866 1.634555 -1.056845
v -0.577445 1.615934 -1.065372
v -0.428409 2.032327 -1.020137
v -0.429869 1.961710 -1.026458
v -0.437021 1.891487 -1.033270
v -0.449589 1.824356 -1.040311
v -0.467091 1.762897 -1.047312
v -0.488855 1.709473 -1.054001
v -0.514043 1.666136 -1.060124
v -0.541688 1.634551 -1.065443
v -0.570727 1.615932 -1.069756
v -0.400218 2.032703 -1.042655
v -0.401126 1.962093 -1.049417
v -0.408830 1.891863 -1.055788
v -0.423034 1.824710 -1.061523
v -0.443192 1.763216 -1.066402
v -0.468531 1.709744 -1.070236
v -0.498074 1.666348 -1.072879
v -0.530688 1.634697 -1.074229
v -0.565120 1.616007 -1.074235
v -0.378693 2.033451 -1.064789
v -0.379179 1.962856 -1.071985
v -0.387305 1.892610 -1.077922
v -0.402758 1.825414 -1.082373
v -0.424944 1.763850 -1.085166
v -0.453012 1.710283 -1.086194
v -0.485881 1.666772 -1.085417
v -0.522289 1.634989 -1.082866
v -0.560838 1.616156 -1.078637
v -0.364661 2.034542 -1.085689
v -0.364873 1.963968 -1.093294
v -0.373273 1.893701 -1.098822
v -0.389540 1.826442 -1.102060
v -0.413048 1.764775 -1.102884
v -0.442895 1.711070 -1.101262
v -0.477932 1.667390 -1.097256
v -0.516814 1.635415 -1.091020
v -0.558047 1.616373 -1.082795
v -0.358661 2.035934 -1.104551
v -0.358755 1.965387 -1.112526
v -0.367273 1.895093 -1.117685
v -0.383888 1.827753 -1.119828
v -0.407962 1.765955 -1.118875
v -0.438569 1.712073 -1.114861
v -0.474534 1.668179 -1.107941
v -0.514474 1.635958 -1.098380
v -0.556853 1.616650 -1.086547
v -0.360924 2.037573 -1.120651
v -0.361061 1.967059 -1.128942
v -0.369536 1.896733 -1.133784
v -0.386020 1.829298 -1.134994
v -0.409879 1.767345 -1.132524
v -0.440200 1.713255 -1.126468
v -0.475815 1.669107 -1.117061
v -0.515356 1.636598 -1.104662
v -0.557303 1.616976 -1.089749
v -0.371361 2.039398 -1.133370
v -0.371704 1.968919 -1.141910
v -0.379973 1.898557 -1.146503
v -0.395852 1.831016 -1.146975
v -0.418729 1.768892 -1.143306
v -0.447726 1.714571 -1.135638
v -0.481728 1.670141 -1.124265
v -0.519429 1.637310 -1.109625
v -0.559380 1.617339 -1.092279
v -0.389573 2.041337 -1.142219
v -0.390273 1.970896 -1.150932
v -0.398185 1.900496 -1.155352
v -0.413008 1.832843 -1.155310
v -0.434169 1.770535 -1.150808
v -0.460856 1.715968 -1.142018
v -0.492044 1.671239 -1.129278
v -0.526535 1.638066 -1.113077
v -0.563002 1.617724 -1.094039
v -0.414861 2.043315 -1.146858
v -0.416055 1.972913 -1.155662
v -0.423473 1.902475 -1.159992
v -0.436827 1.834707 -1.159680
v -0.455606 1.772213 -1.154741
v -0.479087 1.717395 -1.145362
v -0.506368 1.672360 -1.131906
v -0.536401 1.638838 -1.114887
v -0.568032 1.618118 -1.094962
v -0.446251 2.045258 -1.147109
v -0.448061 1.974894 -1.155918
v -0.454863 1.904418 -1.160242
v -0.466396 1.836537 -1.159917
v -0.482217 1.773860 -1.154953
v -0.501719 1.718796 -1.145543
v -0.524149 1.673460 -1.132048
v -0.548650 1.639596 -1.114985
v -0.574276 1.618505 -1.095012
v -0.482537 2.047090 -1.142962
v -0.485058 1.976762 -1.151689
v -0.491149 1.906250 -1.156095
v -0.500577 1.838262 -1.156010
v -0.512979 1.775413 -1.151438
v -0.527879 1.720116 -1.142553
v -0.544704 1.674498 -1.129698
v -0.562808 1.640311 -1.113367
v -0.581494 1.618869 -1.094187
v -0.522326 2.048741 -1.134576
v -0.525626 1.978446 -1.143139
v -0.530938 1.907901 -1.147709
v -0.538057 1.839818 -1.148111
v -0.546710 1.776813 -1.144329
v -0.556565 1.721307 -1.136508
v -0.567243 1.675433 -1.124948
v -0.578332 1.640955 -1.110095
v -0.589409 1.619197 -1.092519
v -0.560503 2.117411 -1.110761
v -0.564088 2.050148 -1.122274
v -0.568206 1.979879 -1.130596
v -0.572700 1.909307 -1.135408
v -0.577396 1.841142 -1.136523
v -0.582114 1.778005 -1.133900
v -0.586674 1.722321 -1.127638
v -0.590898 1.676230 -1.117980
v -0.594627 1.641504 -1.105295
v -0.597715 1.619477 -1.090072
v -0.600188 2.118454 -1.095930
v -0.606217 2.051255 -1.106529
v -0.611161 1.981009 -1.114543
v -0.614829 1.910415 -1.119663
v -0.617081 1.842186 -1.121691
v -0.617830 1.778944 -1.120552
v -0.617047 1.723119 -1.116287
v -0.614763 1.676858 -1.109061
v -0.611065 1.641936 -1.099152
v -0.606095 1.619697 -1.086940
v -0.638695 2.119176 -1.078424
v -0.647096 2.052022 -1.087945
v -0.652840 1.981791 -1.095595
v -0.655708 1.911182 -1.101079
v -0.655588 1.842908 -1.104186
v -0.652486 1.779594 -1.104797
v -0.646519 1.723672 -1.102889
v -0.637919 1.677292 -1.098534
v -0.627015 1.642235 -1.091901
v -0.614226 1.619850 -1.083244
v -0.674544 2.119550 -1.058918
v -0.685153 2.052418 -1.067237
v -0.691643 1.982195 -1.074482
v -0.693765 1.911578 -1.080371
v -0.691437 1.843281 -1.084680
v -0.684748 1.779930 -1.087242
v -0.673957 1.723958 -1.087959
v -0.659477 1.677516 -1.086804
v -0.641864 1.642390 -1.083821
v -0.621796 1.619929 -1.079125
v -0.706357 2.119559 -1.038160
v -0.718926 2.052428 -1.045201
v -0.726077 1.982205 -1.052014
v -0.727538 1.911588 -1.058334
v -0.723250 1.843291 -1.063922
v -0.713380 1.779938 -1.068560
v -0.698306 1.723965 -1.072072
v -0.678607 1.677522 -1.074322
v -0.655042 1.642394 -1.075223
v -0.628514 1.619931 -1.074741
v -0.732912 2.119205 -1.016948
v -0.747116 2.052052 -1.022683
v -0.754820 1.981822 -1.029054
v -0.755728 1.911212 -1.035817
v -0.749805 1.842937 -1.042710
v -0.737278 1.779620 -1.049470
v -0.718630 1.723694 -1.055837
v -0.694576 1.677309 -1.061566
v -0.666041 1.642247 -1.066437
v -0.634122 1.619856 -1.070262
v -0.600044 1.610996 -1.072895
v -0.731001 2.180065 -0.993305
v -0.753188 2.118500 -0.996098
v -0.768641 2.051304 -1.000549
v -0.776767 1.981059 -1.006486
v -0.777253 1.910464 -1.013682
v -0.770081 1.842232 -1.021860
v -0.755526 1.778986 -1.030706
v -0.734148 1.723155 -1.039879
v -0.706769 1.676885 -1.049028
v -0.674439 1.641955 -1.057801
v -0.638403 1.619707 -1.065859
v -0.742898 2.179140 -0.975587
v -0.766406 2.117473 -0.976411
v -0.782673 2.050214 -0.979649
v -0.791074 1.979947 -0.985177
v -0.791285 1.909373 -0.992782
v -0.783299 1.841205 -1.002173
v -0.767422 1.778061 -1.012988
v -0.744265 1.722368 -1.024812
v -0.714717 1.676267 -1.037189
v -0.679915 1.641530 -1.049646
v -0.641194 1.619490 -1.061702
v -0.747984 2.177960 -0.959597
v -0.772058 2.116162 -0.958643
v -0.788674 2.048821 -0.960787
v -0.797192 1.978528 -0.965945
v -0.797286 1.907981 -0.973920
v -0.788951 1.839893 -0.984405
v -0.772509 1.776881 -0.996997
v -0.748591 1.721365 -1.011212
v -0.718116 1.675479 -1.026505
v -0.682256 1.640987 -1.042286
v -0.642388 1.619213 -1.057950
v -0.746066 2.176570 -0.945948
v -0.769927 2.114617 -0.943477
v -0.786411 2.047182 -0.944687
v -0.794885 1.976856 -0.949530
v -0.795023 1.906342 -0.957820
v -0.786820 1.838349 -0.969239
v -0.770591 1.775491 -0.983348
v -0.746960 1.720183 -0.999605
v -0.716834 1.674550 -1.017385
v -0.681373 1.640347 -1.036004
v -0.641938 1.618887 -1.054748
v -0.737218 2.175023 -0.935165
v -0.760094 2.112899 -0.931496
v -0.775973 2.045357 -0.931968
v -0.784242 1.974996 -0.936562
v -0.784585 1.904517 -0.945101
v -0.776987 1.836630 -0.957258
v -0.761742 1.773944 -0.972566
v -0.739434 1.718867 -0.990435
v -0.710922 1.673517 -1.010180
v -0.677300 1.639635 -1.031042
v -0.639862 1.618524 -1.052218
v -0.721778 2.173379 -0.927663
v -0.742939 2.111072 -0.923161
v -0.757760 2.043419 -0.923119
v -0.765673 1.973019 -0.927540
v -0.766372 1.902578 -0.936252
v -0.759832 1.834804 -0.948923
v -0.746302 1.772300 -0.965064
v -0.726304 1.717470 -0.984055
v -0.700605 1.672418 -1.005168
v -0.670194 1.638879 -1.027589
v -0.636239 1.618139 -1.050458
v -0.700340 2.171702 -0.923731
v -0.719119 2.109208 -0.918791
v -0.732473 2.041440 -0.918480
v -0.739890 1.971001 -0.922809
v -0.741085 1.900600 -0.931613
v -0.736012 1.832940 -0.944553
v -0.724865 1.770623 -0.961131
v -0.708073 1.716043 -0.980711
v -0.686281 1.671298 -1.002540
v -0.660327 1.638106 -1.025779
v -0.631209 1.617745 -1.049535
v -0.673729 2.170055 -0.923518
v -0.689550 2.107378 -0.918555
v -0.701084 2.039497 -0.918229
v -0.707885 1.969020 -0.922554
v -0.709695 1.898657 -0.931363
v -0.706443 1.831110 -0.944317
v -0.698254 1.768976 -0.960919
v -0.685442 1.714642 -0.980530
v -0.668500 1.670197 -1.002398
v -0.648080 1.637348 -1.025681
v -0.624965 1.617359 -1.049485
v -0.655369 2.105652 -0.922461
v -0.664797 2.037665 -0.922376
v -0.670888 1.967152 -0.926782
v -0.673408 1.896825 -0.935510
v -0.672262 1.829384 -0.948223
v -0.667491 1.767423 -0.964434
v -0.659281 1.713321 -0.983520
v -0.647946 1.669159 -1.004747
v -0.633922 1.636634 -1.027299
v -0.617747 1.616994 -1.050310
v -0.617889 2.104097 -0.930360
v -0.625009 2.036014 -0.930762
v -0.630320 1.965469 -0.935332
v -0.633620 1.895174 -0.943895
v -0.634782 1.827829 -0.956122
v -0.633760 1.766023 -0.971543
v -0.630595 1.712131 -0.989565
v -0.625408 1.668224 -1.009497
v -0.618397 1.635989 -1.030571
v -0.609833 1.616666 -1.051978
v -0.578551 2.102772 -0.941948
v -0.583247 2.034608 -0.943064
v -0.587740 1.964035 -0.947875
v -0.591859 1.893767 -0.956197
v -0.595443 1.826504 -0.967710
v -0.598356 1.764831 -0.981972
v -0.600487 1.711117 -0.998435
v -0.601751 1.667427 -1.016465
v -0.602102 1.635441 -1.035371
v -0.601526 1.616386 -1.054425
v -0.538865 2.101729 -0.956780
v -0.555758 1.825461 -0.982542
v -0.570113 1.710318 -1.009786
v -0.577887 1.666800 -1.025384
v -0.585664 1.635008 -1.041514
v -0.593146 1.616166 -1.057557
v -0.538487 2.133630 -0.957355
v -0.501395 2.122161 -0.974081
v -0.465586 2.110831 -0.993379
v -0.434180 2.100624 -1.013581
v -0.432665 2.100129 -1.014590
v -0.405263 2.090849 -1.036784
v -0.383926 2.083233 -1.058822
v -0.369711 2.077647 -1.079751
v -0.363365 2.074370 -1.098632
v -0.365267 2.073577 -1.114604
v -0.375381 2.075318 -1.126938
v -0.393258 2.079515 -1.135081
v -0.418059 2.085969 -1.138701
v -0.448615 2.094369 -1.137690
v -0.483510 2.104320 -1.132173
v -0.521177 2.115367 -1.122480
v -0.523871 2.116177 -1.121552
v -0.560046 2.127093 -1.108522
v -0.597916 2.138780 -1.091711
v -0.633322 2.149961 -1.072904
v -0.665063 2.160241 -1.052908
v -0.692192 2.169300 -1.032494
v -0.714003 2.176888 -1.012372
v -0.723296 2.180332 -1.001229
v -0.729617 2.182707 -0.993255
v -0.738740 2.186622 -0.975813
v -0.741863 2.188737 -0.960399
v -0.739071 2.189048 -0.947345
v -0.730518 2.187574 -0.936937
v -0.716412 2.184351 -0.929431
v -0.697028 2.179434 -0.925053
v -0.672720 2.172904 -0.924005
v -0.660041 2.169364 -0.925082
v -0.643701 2.164779 -0.926763
v -0.610858 2.155291 -0.933434
v -0.575409 2.144801 -0.943695
v 0.544900 2.034159 -0.957679
v 0.544252 1.963578 -0.964088
v 0.544900 1.893319 -0.973384
v 0.549935 1.764450 -0.999115
v 0.508350 2.104300 -0.971899
v 0.504062 2.036230 -0.976251
v 0.502614 1.965689 -0.983023
v 0.504062 1.895390 -0.991956
v 0.508350 1.828032 -1.002705
v 0.515314 1.766206 -1.014859
v 0.524686 1.712287 -1.027949
v 0.536105 1.668346 -1.041473
v 0.549134 1.636074 -1.054911
v 0.563271 1.616709 -1.067747
v 0.472556 2.106474 -0.991389
v 0.466063 2.038537 -0.996941
v 0.463870 1.968042 -1.004119
v 0.466063 1.897697 -1.012646
v 0.472556 1.830206 -1.022196
v 0.483100 1.768162 -1.032399
v 0.497290 1.713950 -1.042866
v 0.514581 1.669653 -1.053193
v 0.534309 1.636974 -1.062984
v 0.555713 1.617168 -1.071862
v 0.432365 2.040992 -1.018955
v 0.429513 1.970544 -1.026564
v 0.432365 1.900152 -1.034660
v 0.440813 1.832518 -1.042932
v 0.454532 1.770243 -1.051062
v 0.472996 1.715720 -1.058737
v 0.495493 1.671044 -1.065663
v 0.521160 1.637932 -1.071573
v 0.549010 1.617656 -1.076241
v 0.404263 2.043500 -1.041447
v 0.400860 1.973102 -1.049497
v 0.404263 1.902660 -1.057152
v 0.414341 1.834880 -1.064119
v 0.430708 1.772369 -1.070130
v 0.452735 1.717528 -1.074953
v 0.479574 1.672465 -1.078404
v 0.510195 1.638910 -1.080349
v 0.543420 1.618155 -1.080715
v 0.382836 2.045965 -1.063552
v 0.379013 1.975615 -1.072035
v 0.382836 1.905125 -1.079257
v 0.394158 1.837202 -1.084941
v 0.412544 1.774459 -1.088869
v 0.437287 1.719305 -1.090890
v 0.467436 1.673861 -1.090925
v 0.501834 1.639872 -1.088974
v 0.539158 1.618645 -1.085112
v 0.368908 2.048292 -1.084421
v 0.364813 1.977988 -1.093312
v 0.368908 1.907452 -1.100126
v 0.381039 1.839394 -1.104599
v 0.400736 1.776432 -1.106561
v 0.427246 1.720983 -1.105935
v 0.459547 1.675179 -1.102746
v 0.496400 1.640780 -1.097117
v 0.536388 1.619108 -1.089263
v 0.363015 2.050392 -1.103251
v 0.358804 1.980128 -1.112512
v 0.363015 1.909551 -1.118956
v 0.375486 1.841372 -1.122337
v 0.395740 1.778212 -1.122524
v 0.422997 1.722497 -1.119511
v 0.456209 1.676368 -1.113413
v 0.494101 1.641599 -1.104464
v 0.535215 1.619526 -1.093008
v 0.365383 2.052183 -1.119320
v 0.361217 1.981955 -1.128895
v 0.365383 1.911343 -1.135025
v 0.377717 1.843060 -1.137473
v 0.397747 1.779731 -1.136147
v 0.424704 1.723789 -1.131096
v 0.457550 1.677383 -1.122515
v 0.495024 1.642298 -1.110734
v 0.535686 1.619882 -1.096205
v 0.375919 2.053598 -1.132009
v 0.371961 1.983398 -1.141833
v 0.375919 1.912758 -1.147714
v 0.387642 1.844393 -1.149426
v 0.406680 1.780931 -1.146904
v 0.432300 1.724809 -1.140244
v 0.463519 1.678185 -1.129703
v 0.499136 1.642851 -1.115685
v 0.537782 1.620164 -1.098729
v 0.394221 2.054582 -1.140831
v 0.390621 1.984401 -1.150828
v 0.394221 1.913742 -1.156536
v 0.404883 1.845320 -1.157737
v 0.422196 1.781764 -1.154383
v 0.445495 1.725518 -1.146605
v 0.473886 1.678742 -1.134700
v 0.506276 1.643234 -1.119127
v 0.541423 1.620359 -1.100484
v 0.419584 2.055097 -1.145448
v 0.416481 1.984926 -1.155535
v 0.419584 1.914257 -1.161153
v 0.428774 1.845805 -1.162085
v 0.443698 1.782201 -1.158297
v 0.463781 1.725889 -1.149933
v 0.488253 1.679034 -1.137316
v 0.516173 1.643435 -1.120928
v 0.546468 1.620462 -1.101402
v 0.451035 2.055123 -1.145680
v 0.448548 1.984952 -1.155772
v 0.451035 1.914283 -1.161385
v 0.458399 1.845829 -1.162305
v 0.470360 1.782223 -1.158494
v 0.486456 1.725908 -1.150101
v 0.506068 1.679049 -1.137447
v 0.528444 1.643445 -1.121019
v 0.552724 1.620467 -1.101448
v 0.487363 2.054659 -1.141521
v 0.485588 1.984480 -1.151531
v 0.487363 1.913819 -1.157226
v 0.492620 1.845392 -1.158386
v 0.501157 1.781830 -1.154968
v 0.512646 1.725574 -1.147102
v 0.526647 1.678786 -1.135091
v 0.542619 1.643264 -1.119396
v 0.559949 1.620375 -1.100621
v 0.527174 2.053723 -1.133129
v 0.526178 1.983525 -1.142975
v 0.527174 1.912883 -1.148834
v 0.530121 1.844511 -1.150481
v 0.534907 1.781036 -1.147854
v 0.541348 1.724899 -1.141052
v 0.549198 1.678256 -1.130337
v 0.558152 1.642899 -1.116122
v 0.567869 1.620188 -1.098951
v 0.569460 2.119487 -1.108086
v 0.568936 2.052351 -1.120826
v 0.568760 1.982127 -1.130431
v 0.568936 1.911511 -1.136531
v 0.569460 1.843219 -1.138893
v 0.570312 1.779873 -1.137424
v 0.571458 1.723910 -1.132182
v 0.572854 1.677479 -1.123369
v 0.574447 1.642364 -1.111321
v 0.576175 1.619915 -1.096504
v 0.609127 2.117834 -1.093260
v 0.611046 2.050596 -1.105087
v 0.611694 1.980337 -1.114384
v 0.611046 1.909756 -1.120792
v 0.609127 1.841565 -1.124067
v 0.606011 1.778385 -1.124081
v 0.601817 1.722644 -1.120835
v 0.596707 1.676484 -1.114453
v 0.590877 1.641679 -1.105181
v 0.584551 1.619566 -1.093374
v 0.647596 2.115883 -1.075766
v 0.651885 2.048526 -1.086515
v 0.653333 1.978226 -1.095448
v 0.651885 1.907685 -1.102220
v 0.647596 1.839615 -1.106573
v 0.640633 1.776630 -1.108337
v 0.631261 1.721151 -1.107445
v 0.619840 1.675311 -1.103933
v 0.606812 1.640871 -1.097934
v 0.592675 1.619154 -1.089680
v 0.683390 2.113709 -1.056276
v 0.689883 2.046218 -1.065825
v 0.692076 1.975873 -1.074352
v 0.689883 1.905378 -1.081530
v 0.683390 1.837441 -1.087083
v 0.672846 1.774674 -1.090796
v 0.658656 1.719488 -1.092528
v 0.641365 1.674004 -1.092213
v 0.621638 1.639971 -1.089861
v 0.600233 1.618696 -1.085564
v 0.715133 2.111397 -1.035539
v 0.723581 2.043764 -1.043811
v 0.726434 1.973370 -1.051907
v 0.723581 1.902923 -1.059516
v 0.715133 1.835129 -1.066346
v 0.701414 1.772593 -1.072134
v 0.682951 1.717718 -1.076657
v 0.660453 1.672614 -1.079743
v 0.634787 1.639013 -1.081272
v 0.606936 1.618207 -1.081185
v 0.741605 2.109035 -1.014352
v 0.751684 2.041255 -1.021319
v 0.755087 1.970813 -1.028975
v 0.751684 1.900415 -1.037024
v 0.741605 1.832766 -1.045159
v 0.725238 1.770467 -1.053066
v 0.703211 1.715910 -1.060442
v 0.676372 1.671193 -1.067002
v 0.645752 1.638035 -1.072496
v 0.612526 1.617708 -1.076711
v 0.577973 1.610996 -1.079486
v 0.743402 2.169456 -0.989602
v 0.761788 2.106713 -0.993530
v 0.773110 2.038791 -0.999214
v 0.776933 1.968300 -1.006437
v 0.773110 1.897950 -1.014919
v 0.761788 1.830444 -1.024337
v 0.743402 1.768377 -1.034326
v 0.718659 1.714133 -1.044505
v 0.688509 1.669797 -1.054481
v 0.654112 1.637073 -1.063871
v 0.616788 1.617218 -1.072314
v 0.755210 2.167483 -0.971910
v 0.774908 2.104521 -0.973872
v 0.787038 2.036463 -0.978346
v 0.791134 1.965927 -0.985159
v 0.787038 1.895623 -0.994051
v 0.774908 1.828252 -1.004679
v 0.755210 1.766404 -1.016635
v 0.728700 1.712455 -1.029459
v 0.696399 1.668479 -1.042660
v 0.659546 1.636165 -1.055728
v 0.619559 1.616755 -1.068163
v 0.760206 2.165703 -0.955947
v 0.780459 2.102543 -0.956134
v 0.792932 2.034364 -0.959515
v 0.797143 1.963786 -0.965960
v 0.792932 1.893523 -0.975220
v 0.780459 1.826274 -0.986941
v 0.760206 1.764624 -1.000671
v 0.732949 1.710941 -1.015883
v 0.699737 1.667289 -1.031993
v 0.661846 1.635345 -1.048381
v 0.620731 1.616338 -1.064417
v 0.758199 2.164184 -0.942325
v 0.778230 2.100855 -0.940998
v 0.790564 2.032572 -0.943446
v 0.794729 1.961960 -0.949576
v 0.790564 1.891732 -0.959152
v 0.778230 1.824587 -0.971804
v 0.758199 1.763105 -0.987049
v 0.731243 1.709650 -1.004298
v 0.698396 1.666274 -1.022891
v 0.660922 1.634646 -1.042111
v 0.620260 1.615981 -1.061221
v 0.749266 2.162984 -0.931567
v 0.768304 2.099522 -0.929045
v 0.780027 2.031157 -0.930757
v 0.783985 1.960517 -0.936638
v 0.780027 1.890317 -0.946462
v 0.768304 1.823254 -0.959852
v 0.749266 1.761905 -0.976291
v 0.723646 1.708629 -0.995150
v 0.692427 1.665473 -1.015703
v 0.656811 1.634094 -1.037160
v 0.618164 1.615700 -1.058697
v 0.733751 2.162150 -0.924088
v 0.751064 2.098595 -0.920734
v 0.761725 2.030173 -0.921935
v 0.765325 1.959514 -0.927643
v 0.761725 1.889333 -0.937640
v 0.751064 1.822327 -0.951541
v 0.733751 1.761071 -0.968812
v 0.710451 1.707920 -0.988789
v 0.682060 1.664916 -1.010706
v 0.649670 1.633711 -1.033718
v 0.614524 1.615504 -1.056942
v 0.712248 2.161714 -0.920174
v 0.727172 2.098110 -0.916386
v 0.736362 2.029658 -0.917319
v 0.739465 1.958989 -0.922937
v 0.736362 1.888818 -0.933024
v 0.727172 1.821842 -0.947192
v 0.712248 1.760635 -0.964899
v 0.692165 1.707549 -0.985461
v 0.667693 1.664624 -1.008091
v 0.639773 1.633510 -1.031917
v 0.609479 1.615402 -1.056024
v 0.685586 2.161692 -0.919977
v 0.697546 2.098086 -0.916167
v 0.704912 2.029633 -0.917086
v 0.707398 1.958963 -0.922699
v 0.704912 1.888792 -0.932791
v 0.697546 1.821818 -0.946974
v 0.685586 1.760613 -0.964701
v 0.669491 1.707530 -0.985294
v 0.649878 1.664609 -1.007959
v 0.627502 1.633500 -1.031826
v 0.603223 1.615396 -1.055978
v 0.663326 2.098523 -0.920085
v 0.668583 2.030096 -0.921246
v 0.670358 1.959435 -0.926940
v 0.668583 1.889256 -0.936951
v 0.663326 1.822255 -0.950892
v 0.654789 1.761006 -0.968228
v 0.643299 1.707865 -0.988292
v 0.629299 1.664872 -1.010315
v 0.613328 1.633680 -1.033449
v 0.595996 1.615489 -1.056805
v 0.625825 2.099404 -0.927990
v 0.628773 2.031032 -0.929637
v 0.629768 1.960390 -0.935497
v 0.628773 1.890192 -0.945343
v 0.625825 1.823136 -0.958797
v 0.621039 1.761800 -0.975342
v 0.614598 1.708539 -0.994343
v 0.606749 1.665402 -1.015069
v 0.597794 1.634046 -1.036723
v 0.588078 1.615675 -1.058475
v 0.586486 2.100697 -0.939579
v 0.587010 2.032404 -0.941940
v 0.587187 1.961788 -0.948040
v 0.587010 1.891564 -0.957645
v 0.586486 1.824428 -0.970385
v 0.585634 1.762963 -0.985771
v 0.584489 1.709528 -1.003212
v 0.583092 1.666179 -1.022037
v 0.581499 1.634581 -1.041523
v 0.579770 1.615948 -1.060922
v 0.546819 2.102350 -0.954405
v 0.546819 1.826082 -0.985211
v 0.554129 1.710794 -1.014560
v 0.559239 1.667173 -1.030953
v 0.565068 1.635266 -1.047665
v 0.571394 1.616297 -1.064052
v 0.548391 2.134219 -0.954397
v 0.510677 2.125345 -0.971309
v 0.474253 2.116577 -0.990791
v 0.442294 2.108678 -1.011158
v 0.440752 2.108295 -1.012175
v 0.412846 2.101113 -1.034519
v 0.391097 2.095218 -1.056681
v 0.376579 2.090892 -1.077700
v 0.370055 2.088354 -1.096635
v 0.371914 2.087738 -1.112620
v 0.382122 2.089082 -1.124925
v 0.400227 2.092328 -1.133000
v 0.425378 2.097320 -1.136515
v 0.456389 2.103818 -1.135369
v 0.491824 2.111516 -1.129691
v 0.530089 2.120064 -1.119818
v 0.532828 2.120690 -1.118877
v 0.569594 2.129136 -1.105671
v 0.608098 2.138180 -1.088670
v 0.644110 2.146832 -1.069682
v 0.676409 2.154788 -1.049520
v 0.704029 2.161799 -1.028959
v 0.726252 2.167672 -1.008714
v 0.735732 2.170338 -0.997515
v 0.742182 2.172177 -0.989503
v 0.751517 2.175208 -0.971998
v 0.754754 2.176847 -0.956549
v 0.751980 2.177090 -0.943490
v 0.743347 2.175951 -0.933106
v 0.729066 2.173459 -0.925652
v 0.709416 2.169657 -0.921354
v 0.684754 2.164605 -0.920411
v 0.671882 2.161867 -0.921546
v 0.655294 2.158320 -0.923301
v 0.621936 2.150980 -0.930125
v 0.585919 2.142863 -0.940556
v -0.000000 3.382819 1.485726
v 0.022909 3.381347 1.487436
v 0.044938 3.376989 1.492501
v 0.065240 3.369911 1.500727
v 0.083035 3.360386 1.511797
v 0.097639 3.348780 1.525286
v 0.108491 3.335538 1.540676
v 0.115173 3.321170 1.557374
v 0.117430 3.306228 1.574740
v 0.115174 3.291286 1.592106
v 0.108491 3.276918 1.608804
v 0.097639 3.263676 1.624194
v 0.083035 3.252070 1.637683
v 0.065241 3.242545 1.648753
v 0.044939 3.235467 1.656978
v 0.022909 3.231108 1.662044
v 0.000000 3.229637 1.663754
v -0.022909 3.231108 1.662044
v -0.044938 3.235467 1.656978
v -0.065240 3.242545 1.648753
v -0.083035 3.252070 1.637683
v -0.097639 3.263676 1.624194
v -0.108491 3.276918 1.608804
v -0.115173 3.291286 1.592106
v -0.117430 3.306228 1.574740
v -0.115173 3.321170 1.557374
v -0.108491 3.335538 1.540676
v -0.097639 3.348780 1.525286
v -0.083035 3.360386 1.511797
v -0.065241 3.369911 1.500727
v -0.044938 3.376989 1.492501
v -0.022909 3.381347 1.487436
v -0.000000 3.420811 1.537626
v -0.000000 3.409737 1.510280
v 0.020068 3.419522 1.539124
v 0.022703 3.408279 1.511975
v 0.039366 3.415704 1.543561
v 0.044534 3.403960 1.516995
v 0.057150 3.409504 1.550767
v 0.064654 3.396946 1.525147
v 0.072739 3.401160 1.560464
v 0.082289 3.387506 1.536117
v 0.085532 3.390993 1.572281
v 0.096761 3.376004 1.549485
v 0.095038 3.379393 1.585762
v 0.107515 3.362882 1.564736
v 0.100891 3.366807 1.600389
v 0.114138 3.348643 1.581284
v 0.102868 3.353718 1.615602
v 0.116374 3.333835 1.598494
v 0.100891 3.340629 1.630814
v 0.114138 3.319027 1.615704
v 0.095038 3.328042 1.645442
v 0.107515 3.304788 1.632252
v 0.085532 3.316443 1.658923
v 0.096761 3.291666 1.647503
v 0.072739 3.306276 1.670739
v 0.082289 3.280164 1.660871
v 0.057150 3.297931 1.680437
v 0.064654 3.270724 1.671841
v 0.039366 3.291731 1.687642
v 0.044534 3.263710 1.679993
v 0.020069 3.287913 1.692080
v 0.022703 3.259391 1.685013
v -0.000000 3.286624 1.693578
v 0.000000 3.257932 1.686708
v -0.020069 3.287913 1.692080
v -0.022703 3.259391 1.685013
v -0.039366 3.291731 1.687642
v -0.044534 3.263710 1.679993
v -0.057150 3.297931 1.680437
v -0.064654 3.270724 1.671841
v -0.072739 3.306275 1.670739
v -0.082289 3.280164 1.660871
v -0.085532 3.316442 1.658923
v -0.096761 3.291666 1.647503
v -0.095038 3.328042 1.645442
v -0.107515 3.304788 1.632252
v -0.100891 3.340628 1.630814
v -0.114138 3.319027 1.615704
v -0.102868 3.353718 1.615602
v -0.116374 3.333835 1.598494
v -0.100891 3.366807 1.600389
v -0.114138 3.348643 1.581284
v -0.095038 3.379393 1.585762
v -0.107515 3.362881 1.564736
v -0.085532 3.390993 1.572281
v -0.096761 3.376004 1.549485
v -0.072739 3.401160 1.560464
v -0.082289 3.387506 1.536117
v -0.057150 3.409504 1.550767
v -0.064654 3.396945 1.525147
v -0.039366 3.415704 1.543561
v -0.044534 3.403960 1.516995
v -0.020069 3.419522 1.539124
v -0.022703 3.408279 1.511975
v -0.000000 2.877687 1.904499
v 0.022909 2.875704 1.905575
v 0.044938 2.869830 1.908761
v 0.065240 2.860292 1.913936
v 0.083035 2.847456 1.920901
v 0.097639 2.831814 1.929387
v 0.108491 2.813970 1.939069
v 0.115173 2.794607 1.949574
v 0.117430 2.774470 1.960499
v 0.115174 2.754334 1.971425
v 0.108491 2.734971 1.981930
v 0.097639 2.717126 1.991612
v 0.083035 2.701485 2.000098
v 0.065241 2.688648 2.007062
v 0.044939 2.679110 2.012237
v 0.022909 2.673237 2.015424
v 0.000000 2.671253 2.016500
v -0.022909 2.673237 2.015424
v -0.044938 2.679110 2.012237
v -0.065240 2.688648 2.007062
v -0.083035 2.701485 2.000098
v -0.097639 2.717126 1.991611
v -0.108491 2.734971 1.981930
v -0.115173 2.754333 1.971424
v -0.117430 2.774470 1.960499
v -0.115173 2.794607 1.949574
v -0.108491 2.813969 1.939069
v -0.097639 2.831814 1.929387
v -0.083035 2.847455 1.920901
v -0.065241 2.860291 1.913936
v -0.044938 2.869830 1.908761
v -0.022909 2.875704 1.905575
v -0.000000 2.894764 1.966510
v -0.000000 2.894127 1.937014
v 0.020068 2.893027 1.967452
v 0.022703 2.892161 1.938080
v 0.039366 2.887882 1.970244
v 0.044534 2.886341 1.941238
v 0.057150 2.879526 1.974777
v 0.064654 2.876888 1.946367
v 0.072739 2.868282 1.980878
v 0.082289 2.864167 1.953269
v 0.085532 2.854580 1.988312
v 0.096761 2.848667 1.961679
v 0.095038 2.838948 1.996793
v 0.107515 2.830982 1.971273
v 0.100891 2.821986 2.005996
v 0.114138 2.811794 1.981684
v 0.102868 2.804347 2.015566
v 0.116374 2.791838 1.992511
v 0.100891 2.786707 2.025137
v 0.114138 2.771883 2.003338
v 0.095038 2.769746 2.034339
v 0.107515 2.752694 2.013749
v 0.085532 2.754114 2.042820
v 0.096761 2.735010 2.023344
v 0.072739 2.740412 2.050254
v 0.082289 2.719509 2.031754
v 0.057150 2.729168 2.056355
v 0.064654 2.706788 2.038655
v 0.039366 2.720812 2.060888
v 0.044534 2.697336 2.043784
v 0.020069 2.715667 2.063680
v 0.022703 2.691515 2.046942
v 0.000000 2.713929 2.064622
v 0.000000 2.689550 2.048008
v -0.020069 2.715667 2.063680
v -0.022703 2.691515 2.046942
v -0.039366 2.720812 2.060888
v -0.044534 2.697336 2.043784
v -0.057150 2.729167 2.056355
v -0.064654 2.706788 2.038655
v -0.072739 2.740412 2.050254
v -0.082289 2.719509 2.031753
v -0.085532 2.754114 2.042820
v -0.096761 2.735010 2.023344
v -0.095038 2.769746 2.034339
v -0.107515 2.752694 2.013749
v -0.100891 2.786707 2.025136
v -0.114138 2.771883 2.003338
v -0.102868 2.804347 2.015566
v -0.116374 2.791838 1.992511
v -0.100891 2.821986 2.005996
v -0.114138 2.811794 1.981684
v -0.095038 2.838948 1.996793
v -0.107515 2.830982 1.971273
v -0.085532 2.854580 1.988312
v -0.096761 2.848667 1.961678
v -0.072739 2.868282 1.980878
v -0.082289 2.864167 1.953269
v -0.057150 2.879526 1.974777
v -0.064654 2.876888 1.946367
v -0.039366 2.887882 1.970244
v -0.044534 2.886340 1.941238
v -0.020069 2.893027 1.967452
v -0.022704 2.892161 1.938080
v -0.000000 2.205176 2.131336
v 0.022909 2.202921 2.131418
v 0.044938 2.196243 2.131660
v 0.065240 2.185398 2.132054
v 0.083035 2.170804 2.132584
v 0.097639 2.153021 2.133229
v 0.108491 2.132732 2.133966
v 0.115173 2.110718 2.134765
v 0.117430 2.087823 2.135596
v 0.115174 2.064929 2.136427
v 0.108491 2.042914 2.137226
v 0.097639 2.022625 2.137962
v 0.083036 2.004842 2.138608
v 0.065241 1.990248 2.139138
v 0.044939 1.979403 2.139531
v 0.022910 1.972725 2.139774
v 0.000000 1.970470 2.139855
v -0.022909 1.972725 2.139774
v -0.044938 1.979403 2.139531
v -0.065240 1.990248 2.139138
v -0.083035 2.004842 2.138608
v -0.097639 2.022625 2.137962
v -0.108491 2.042914 2.137226
v -0.115173 2.064929 2.136427
v -0.117430 2.087823 2.135596
v -0.115173 2.110717 2.134765
v -0.108491 2.132732 2.133965
v -0.097639 2.153020 2.133229
v -0.083035 2.170804 2.132584
v -0.065241 2.185398 2.132054
v -0.044939 2.196243 2.131660
v -0.022910 2.202920 2.131418
v -0.000000 2.192896 2.194473
v -0.000000 2.205441 2.167770
v 0.020068 2.190921 2.194545
v 0.022703 2.203207 2.167851
v 0.039366 2.185071 2.194757
v 0.044534 2.196589 2.168092
v 0.057150 2.175571 2.195102
v 0.064654 2.185842 2.168482
v 0.072739 2.162786 2.195566
v 0.082289 2.171379 2.169007
v 0.085531 2.147208 2.196131
v 0.096761 2.153755 2.169647
v 0.095038 2.129436 2.196776
v 0.107515 2.133649 2.170376
v 0.100891 2.110151 2.197476
v 0.114138 2.111833 2.171168
v 0.102868 2.090096 2.198204
v 0.116374 2.089144 2.171992
v 0.100891 2.070040 2.198932
v 0.114138 2.066456 2.172815
v 0.095038 2.050756 2.199632
v 0.107515 2.044639 2.173607
v 0.085532 2.032983 2.200277
v 0.096761 2.024533 2.174337
v 0.072739 2.017405 2.200843
v 0.082289 2.006909 2.174977
v 0.057150 2.004620 2.201307
v 0.064654 1.992446 2.175502
v 0.039366 1.995120 2.201652
v 0.044534 1.981699 2.175892
v 0.020069 1.989270 2.201864
v 0.022704 1.975081 2.176132
v 0.000000 1.987295 2.201936
v 0.000000 1.972847 2.176213
v -0.020068 1.989270 2.201864
v -0.022703 1.975081 2.176132
v -0.039366 1.995120 2.201652
v -0.044534 1.981699 2.175892
v -0.057150 2.004620 2.201307
v -0.064654 1.992446 2.175502
v -0.072739 2.017405 2.200843
v -0.082289 2.006909 2.174977
v -0.085532 2.032983 2.200277
v -0.096761 2.024533 2.174337
v -0.095038 2.050756 2.199632
v -0.107515 2.044639 2.173607
v -0.100891 2.070040 2.198932
v -0.114138 2.066455 2.172815
v -0.102868 2.090095 2.198204
v -0.116374 2.089144 2.171992
v -0.100891 2.110151 2.197476
v -0.114138 2.111832 2.171168
v -0.095038 2.129435 2.196776
v -0.107515 2.133649 2.170376
v -0.085532 2.147208 2.196131
v -0.096761 2.153755 2.169646
v -0.072739 2.162786 2.195566
v -0.082289 2.171379 2.169007
v -0.057151 2.175571 2.195101
v -0.064654 2.185842 2.168482
v -0.039366 2.185071 2.194757
v -0.044534 2.196589 2.168092
v -0.020069 2.190921 2.194544
v -0.022704 2.203207 2.167851
v -0.000000 2.941445 -1.181683
v 0.022909 2.939437 -1.182712
v 0.044938 2.933491 -1.185760
v 0.065240 2.923834 -1.190710
v 0.083035 2.910837 -1.197372
v 0.097639 2.895002 -1.205488
v 0.108491 2.876935 -1.214749
v 0.115173 2.857331 -1.224797
v 0.117430 2.836943 -1.235247
v 0.115174 2.816556 -1.245697
v 0.108491 2.796952 -1.255745
v 0.097639 2.778885 -1.265005
v 0.083036 2.763049 -1.273122
v 0.065241 2.750053 -1.279783
v 0.044939 2.740396 -1.284733
v 0.022910 2.734449 -1.287781
v 0.000000 2.732441 -1.288810
v -0.022909 2.734449 -1.287781
v -0.044938 2.740396 -1.284733
v -0.065240 2.750053 -1.279783
v -0.083035 2.763049 -1.273122
v -0.097639 2.778885 -1.265005
v -0.108491 2.796952 -1.255745
v -0.115173 2.816556 -1.245696
v -0.117430 2.836943 -1.235247
v -0.115173 2.857330 -1.224797
v -0.108491 2.876934 -1.214749
v -0.097639 2.895001 -1.205488
v -0.083035 2.910837 -1.197371
v -0.065241 2.923833 -1.190710
v -0.044939 2.933491 -1.185760
v -0.022909 2.939437 -1.182712
v -0.000000 2.957063 -1.244078
v -0.000000 2.957118 -1.214575
v 0.020068 2.955304 -1.244980
v 0.022703 2.955128 -1.215595
v 0.039366 2.950095 -1.247650
v 0.044534 2.949235 -1.218616
v 0.057150 2.941635 -1.251986
v 0.064654 2.939665 -1.223521
v 0.072739 2.930251 -1.257821
v 0.082289 2.926785 -1.230123
v 0.085532 2.916379 -1.264931
v 0.096761 2.911092 -1.238166
v 0.095038 2.900552 -1.273043
v 0.107515 2.893187 -1.247344
v 0.100891 2.883379 -1.281846
v 0.114138 2.873760 -1.257301
v 0.102868 2.865520 -1.290999
v 0.116374 2.853556 -1.267657
v 0.100891 2.847661 -1.300153
v 0.114138 2.833352 -1.278013
v 0.095038 2.830488 -1.308956
v 0.107515 2.813924 -1.287971
v 0.085532 2.814661 -1.317068
v 0.096761 2.796019 -1.297148
v 0.072739 2.800789 -1.324178
v 0.082289 2.780326 -1.305192
v 0.057150 2.789404 -1.330013
v 0.064654 2.767447 -1.311793
v 0.039366 2.780945 -1.334349
v 0.044534 2.757876 -1.316699
v 0.020069 2.775735 -1.337019
v 0.022703 2.751983 -1.319719
v 0.000000 2.773976 -1.337921
v 0.000000 2.749993 -1.320739
v -0.020069 2.775735 -1.337019
v -0.022703 2.751983 -1.319719
v -0.039366 2.780945 -1.334349
v -0.044534 2.757876 -1.316699
v -0.057150 2.789404 -1.330013
v -0.064654 2.767446 -1.311793
v -0.072739 2.800789 -1.324178
v -0.082289 2.780326 -1.305192
v -0.085532 2.814661 -1.317068
v -0.096761 2.796019 -1.297148
v -0.095038 2.830487 -1.308955
v -0.107515 2.813924 -1.287971
v -0.100891 2.847660 -1.300153
v -0.114138 2.833351 -1.278013
v -0.102868 2.865520 -1.290999
v -0.116374 2.853555 -1.267657
v -0.100891 2.883379 -1.281845
v -0.114138 2.873759 -1.257301
v -0.095038 2.900552 -1.273043
v -0.107515 2.893187 -1.247344
v -0.085532 2.916378 -1.264931
v -0.096761 2.911092 -1.238166
v -0.072739 2.930251 -1.257821
v -0.082289 2.926785 -1.230122
v -0.057151 2.941635 -1.251986
v -0.064654 2.939664 -1.223521
v -0.039366 2.950095 -1.247650
v -0.044534 2.949234 -1.218616
v -0.020069 2.955304 -1.244980
v -0.022704 2.955128 -1.215595
v -0.000000 3.454577 -0.691355
v 0.022909 3.453236 -0.693170
v 0.044938 3.449265 -0.698544
v 0.065240 3.442817 -0.707272
v 0.083035 3.434139 -0.719018
v 0.097639 3.423564 -0.733330
v 0.108491 3.411500 -0.749659
v 0.115173 3.398409 -0.767376
v 0.117430 3.384795 -0.785802
v 0.115174 3.371181 -0.804228
v 0.108491 3.358091 -0.821945
v 0.097639 3.346026 -0.838274
v 0.083035 3.335452 -0.852586
v 0.065241 3.326774 -0.864332
v 0.044939 3.320325 -0.873060
v 0.022909 3.316354 -0.878434
v 0.000000 3.315013 -0.880249
v -0.022909 3.316354 -0.878434
v -0.044938 3.320325 -0.873060
v -0.065240 3.326774 -0.864332
v -0.083035 3.335452 -0.852586
v -0.097639 3.346026 -0.838274
v -0.108491 3.358091 -0.821945
v -0.115173 3.371181 -0.804228
v -0.117430 3.384795 -0.785802
v -0.115173 3.398409 -0.767376
v -0.108491 3.411500 -0.749659
v -0.097639 3.423564 -0.733330
v -0.083035 3.434138 -0.719018
v -0.065241 3.442817 -0.707272
v -0.044938 3.449265 -0.698544
v -0.022909 3.453236 -0.693170
v -0.000000 3.496312 -0.740296
v -0.000000 3.483242 -0.713846
v 0.020068 3.495137 -0.741886
v 0.022703 3.481913 -0.715645
v 0.039366 3.491659 -0.746594
v 0.044534 3.477978 -0.720971
v 0.057150 3.486010 -0.754239
v 0.064654 3.471587 -0.729620
v 0.072739 3.478408 -0.764529
v 0.082289 3.462987 -0.741261
v 0.085532 3.469145 -0.777066
v 0.096761 3.452507 -0.755444
v 0.095038 3.458576 -0.791370
v 0.107515 3.440552 -0.771626
v 0.100891 3.447109 -0.806890
v 0.114138 3.427579 -0.789184
v 0.102868 3.435184 -0.823031
v 0.116374 3.414087 -0.807444
v 0.100891 3.423258 -0.839172
v 0.114138 3.400596 -0.825704
v 0.095038 3.411791 -0.854693
v 0.107515 3.387623 -0.843263
v 0.085532 3.401222 -0.868996
v 0.096761 3.375667 -0.859444
v 0.072739 3.391959 -0.881534
v 0.082289 3.365188 -0.873628
v 0.057150 3.384357 -0.891823
v 0.064654 3.356587 -0.885268
v 0.039366 3.378708 -0.899469
v 0.044534 3.350197 -0.893917
v 0.020069 3.375229 -0.904177
v 0.022703 3.346262 -0.899244
v 0.000000 3.374055 -0.905766
v 0.000000 3.344933 -0.901042
v -0.020069 3.375229 -0.904177
v -0.022703 3.346262 -0.899244
v -0.039366 3.378708 -0.899469
v -0.044534 3.350197 -0.893917
v -0.057150 3.384357 -0.891823
v -0.064654 3.356587 -0.885268
v -0.072739 3.391959 -0.881534
v -0.082289 3.365187 -0.873628
v -0.085532 3.401222 -0.868996
v -0.096761 3.375667 -0.859444
v -0.095038 3.411790 -0.854693
v -0.107515 3.387623 -0.843262
v -0.100891 3.423258 -0.839172
v -0.114138 3.400596 -0.825704
v -0.102868 3.435183 -0.823031
v -0.116374 3.414087 -0.807444
v -0.100891 3.447109 -0.806890
v -0.114138 3.427578 -0.789184
v -0.095038 3.458576 -0.791370
v -0.107515 3.440551 -0.771626
v -0.085532 3.469145 -0.777066
v -0.096761 3.452507 -0.755444
v -0.072739 3.478408 -0.764529
v -0.082289 3.462986 -0.741261
v -0.057150 3.486010 -0.754239
v -0.064654 3.471587 -0.729621
v -0.039366 3.491659 -0.746594
v -0.044534 3.477977 -0.720971
v -0.020069 3.495137 -0.741886
v -0.022703 3.481913 -0.715645
v -0.000000 3.734790 -0.098050
v 0.022909 3.734181 -0.100222
v 0.044938 3.732378 -0.106657
v 0.065241 3.729451 -0.117106
v 0.083035 3.725511 -0.131169
v 0.097639 3.720710 -0.148304
v 0.108491 3.715233 -0.167853
v 0.115173 3.709291 -0.189066
v 0.117430 3.703110 -0.211126
v 0.115174 3.696930 -0.233186
v 0.108491 3.690987 -0.254398
v 0.097639 3.685510 -0.273947
v 0.083035 3.680709 -0.291082
v 0.065241 3.676769 -0.305145
v 0.044938 3.673842 -0.315594
v 0.022909 3.672039 -0.322029
v 0.000000 3.671430 -0.324202
v -0.022909 3.672039 -0.322029
v -0.044938 3.673842 -0.315594
v -0.065241 3.676769 -0.305145
v -0.083035 3.680709 -0.291082
v -0.097639 3.685510 -0.273947
v -0.108491 3.690987 -0.254398
v -0.115173 3.696929 -0.233186
v -0.117430 3.703110 -0.211126
v -0.115173 3.709290 -0.189066
v -0.108491 3.715233 -0.167853
v -0.097639 3.720710 -0.148304
v -0.083035 3.725511 -0.131169
v -0.065241 3.729450 -0.117106
v -0.044938 3.732378 -0.106657
v -0.022909 3.734181 -0.100222
v -0.000000 3.791188 -0.128973
v -0.000000 3.769574 -0.108892
v 0.020068 3.790655 -0.130876
v 0.022703 3.768971 -0.111045
v 0.039366 3.789076 -0.136513
v 0.044534 3.767184 -0.117422
v 0.057150 3.786511 -0.145666
v 0.064654 3.764283 -0.127777
v 0.072739 3.783060 -0.157985
v 0.082289 3.760379 -0.141713
v 0.085532 3.778855 -0.172995
v 0.096761 3.755621 -0.158694
v 0.095038 3.774057 -0.190121
v 0.107515 3.750194 -0.178068
v 0.100891 3.768851 -0.208702
v 0.114138 3.744304 -0.199089
v 0.102868 3.763437 -0.228027
v 0.116374 3.738180 -0.220951
v 0.100891 3.758023 -0.247351
v 0.114138 3.732055 -0.242812
v 0.095038 3.752817 -0.265933
v 0.107515 3.726165 -0.263834
v 0.085532 3.748019 -0.283058
v 0.096761 3.720737 -0.283208
v 0.072739 3.743814 -0.298069
v 0.082289 3.715980 -0.300189
v 0.057150 3.740363 -0.310387
v 0.064654 3.712076 -0.314125
v 0.039366 3.737798 -0.319541
v 0.044534 3.709175 -0.324480
v 0.020069 3.736219 -0.325178
v 0.022703 3.707388 -0.330857
v -0.000000 3.735686 -0.327081
v 0.000000 3.706785 -0.333010
v -0.020069 3.736219 -0.325178
v -0.022703 3.707388 -0.330857
v -0.039366 3.737798 -0.319541
v -0.044534 3.709174 -0.324480
v -0.057150 3.740362 -0.310387
v -0.064654 3.712076 -0.314125
v -0.072739 3.743814 -0.298069
v -0.082289 3.715980 -0.300189
v -0.085532 3.748019 -0.283058
v -0.096761 3.720737 -0.283208
v -0.095038 3.752817 -0.265933
v -0.107515 3.726165 -0.263834
v -0.100891 3.758023 -0.247351
v -0.114138 3.732054 -0.242812
v -0.102868 3.763437 -0.228027
v -0.116374 3.738179 -0.220951
v -0.100891 3.768851 -0.208702
v -0.114138 3.744304 -0.199089
v -0.095038 3.774057 -0.190121
v -0.107515 3.750194 -0.178068
v -0.085532 3.778854 -0.172995
v -0.096761 3.755621 -0.158694
v -0.072739 3.783060 -0.157985
v -0.082289 3.760379 -0.141713
v -0.057150 3.786511 -0.145667
v -0.064654 3.764283 -0.127777
v -0.039366 3.789075 -0.136513
v -0.044534 3.767184 -0.117422
v -0.020069 3.790655 -0.130876
v -0.022703 3.768971 -0.111045
v -1.481381 1.813127 0.868984
v -1.481381 1.919395 0.881852
v -1.481381 2.026132 0.873741
v -1.481381 2.129235 0.844963
v -1.481381 2.224743 0.796624
v -1.481381 2.308985 0.730580
v -1.481381 2.378724 0.649371
v -1.481381 2.431279 0.556117
v -1.481381 2.464632 0.454401
v -1.481381 2.477500 0.348133
v -1.481381 2.469389 0.241397
v -1.481381 2.440611 0.138294
v -1.481381 2.392272 0.042786
v -1.481381 2.326228 -0.041456
v -1.481381 2.245019 -0.111195
v -1.481381 2.151765 -0.163750
v -1.481381 2.050049 -0.197103
v -1.481381 1.943782 -0.209971
v -1.481381 1.837045 -0.201861
v -1.481381 1.733942 -0.173082
v -1.481381 1.638434 -0.124743
v -1.481381 1.554193 -0.058699
v -1.481381 1.484454 0.022510
v -1.481381 1.431898 0.115764
v -1.481381 1.398545 0.217479
v -1.481381 1.385677 0.323747
v -1.481381 1.393788 0.430484
v -1.481381 1.422566 0.533587
v -1.481381 1.470906 0.629094
v -1.481381 1.536949 0.713336
v -1.481381 1.618158 0.783075
v -1.481381 1.711412 0.835631
v -1.772702 1.827817 0.802884
v -1.650733 1.814193 0.864191
v -1.772702 1.920907 0.814156
v -1.650733 1.919505 0.876943
v -1.772702 2.014408 0.807051
v -1.650733 2.025281 0.868905
v -1.772702 2.104726 0.781842
v -1.650733 2.127458 0.840386
v -1.772702 2.188390 0.739497
v -1.650733 2.222106 0.792481
v -1.772702 2.262186 0.681643
v -1.650733 2.305591 0.727031
v -1.772702 2.323277 0.610504
v -1.650733 2.374703 0.646552
v -1.772702 2.369315 0.528814
v -1.650733 2.426786 0.554137
v -1.772702 2.398532 0.439712
v -1.650733 2.459839 0.453336
v -1.772702 2.409805 0.346621
v -1.650733 2.472591 0.348024
v -1.772702 2.402700 0.253121
v -1.650733 2.464553 0.242247
v -1.772702 2.377490 0.162803
v -1.650733 2.436034 0.140071
v -1.772702 2.335145 0.079139
v -1.650733 2.388129 0.045422
v -1.772702 2.277291 0.005343
v -1.650733 2.322680 -0.038062
v -1.772702 2.206152 -0.055748
v -1.650733 2.242201 -0.107174
v -1.772702 2.124462 -0.101786
v -1.650733 2.149785 -0.159257
v -1.772702 2.035360 -0.131003
v -1.650733 2.048984 -0.192310
v -1.772702 1.942270 -0.142276
v -1.650733 1.943672 -0.205062
v -1.772702 1.848769 -0.135171
v -1.650733 1.837895 -0.197025
v -1.772702 1.758451 -0.109961
v -1.650733 1.735719 -0.168505
v -1.772702 1.674787 -0.067616
v -1.650733 1.641071 -0.120600
v -1.772702 1.600991 -0.009762
v -1.650733 1.557586 -0.055151
v -1.772702 1.539901 0.061377
v -1.650733 1.488475 0.025328
v -1.772702 1.493862 0.143067
v -1.650733 1.436391 0.117744
v -1.772702 1.464645 0.232169
v -1.650733 1.403339 0.218545
v -1.772702 1.453372 0.325259
v -1.650733 1.390586 0.323857
v -1.772702 1.460478 0.418760
v -1.650733 1.398624 0.429633
v -1.772702 1.485687 0.509078
v -1.650733 1.427143 0.531809
v -1.772702 1.528032 0.592742
v -1.650733 1.475048 0.626458
v -1.772702 1.585886 0.666537
v -1.650733 1.540498 0.709942
v -1.772702 1.657025 0.727628
v -1.650733 1.620977 0.779054
v -1.772702 1.738715 0.773667
v -1.650733 1.713392 0.831137
v 1.481380 1.813127 0.868984
v 1.481380 1.919395 0.881852
v 1.481380 2.026132 0.873741
v 1.481380 2.129235 0.844963
v 1.481380 2.224743 0.796624
v 1.481380 2.308985 0.730580
v 1.481380 2.378723 0.649371
v 1.481380 2.431279 0.556117
v 1.481380 2.464632 0.454401
v 1.481380 2.477500 0.348133
v 1.481380 2.469389 0.241397
v 1.481380 2.440611 0.138294
v 1.481380 2.392272 0.042786
v 1.481380 2.326228 -0.041456
v 1.481380 2.245019 -0.111195
v 1.481380 2.151765 -0.163750
v 1.481380 2.050050 -0.197103
v 1.481380 1.943782 -0.209971
v 1.481380 1.837045 -0.201860
v 1.481380 1.733942 -0.173082
v 1.481380 1.638435 -0.124743
v 1.481380 1.554193 -0.058699
v 1.481380 1.484454 0.022510
v 1.481380 1.431898 0.115764
v 1.481380 1.398546 0.217479
v 1.481380 1.385677 0.323747
v 1.481380 1.393788 0.430484
v 1.481380 1.422566 0.533587
v 1.481380 1.470906 0.629094
v 1.481380 1.536949 0.713336
v 1.481380 1.618158 0.783075
v 1.481380 1.711412 0.835630
v 1.772701 1.827817 0.802884
v 1.650732 1.814193 0.864190
v 1.772701 1.920907 0.814156
v 1.650732 1.919505 0.876943
v 1.772701 2.014408 0.807051
v 1.650732 2.025281 0.868905
v 1.772701 2.104726 0.781842
v 1.650732 2.127458 0.840386
v 1.772701 2.188390 0.739497
v 1.650732 2.222106 0.792481
v 1.772701 2.262186 0.681643
v 1.650732 2.305591 0.727031
v 1.772701 2.323277 0.610504
v 1.650732 2.374702 0.646552
v 1.772701 2.369315 0.528814
v 1.650732 2.426786 0.554137
v 1.772701 2.398532 0.439712
v 1.650732 2.459839 0.453336
v 1.772701 2.409805 0.346622
v 1.650732 2.472591 0.348024
v 1.772701 2.402699 0.253121
v 1.650732 2.464553 0.242247
v 1.772701 2.377490 0.162803
v 1.650732 2.436034 0.140071
v 1.772701 2.335145 0.079139
v 1.650732 2.388129 0.045422
v 1.772701 2.277291 0.005343
v 1.650732 2.322680 -0.038062
v 1.772701 2.206152 -0.055748
v 1.650732 2.242201 -0.107174
v 1.772701 2.124462 -0.101786
v 1.650732 2.149785 -0.159257
v 1.772701 2.035360 -0.131003
v 1.650732 2.048984 -0.192310
v 1.772701 1.942270 -0.142276
v 1.650732 1.943672 -0.205062
v 1.772701 1.848769 -0.135171
v 1.650732 1.837896 -0.197024
v 1.772701 1.758451 -0.109961
v 1.650732 1.735720 -0.168505
v 1.772701 1.674787 -0.067616
v 1.650732 1.641071 -0.120600
v 1.772701 1.600991 -0.009762
v 1.650732 1.557586 -0.055151
v 1.772701 1.539901 0.061377
v 1.650732 1.488475 0.025328
v 1.772701 1.493862 0.143067
v 1.650732 1.436392 0.117744
v 1.772701 1.464645 0.232169
v 1.650732 1.403339 0.218545
v 1.772701 1.453373 0.325259
v 1.650732 1.390586 0.323857
v 1.772701 1.460478 0.418760
v 1.650732 1.398624 0.429633
v 1.772701 1.485687 0.509078
v 1.650732 1.427143 0.531809
v 1.772701 1.528033 0.592742
v 1.650732 1.475048 0.626458
v 1.772701 1.585886 0.666537
v 1.650732 1.540498 0.709942
v 1.772701 1.657025 0.727628
v 1.650732 1.620977 0.779054
v 1.772701 1.738715 0.773667
v 1.650732 1.713392 0.831137
v 0.544900 2.034159 1.120796
v 0.544252 1.963578 1.114387
v 0.544900 1.893319 1.105091
v 0.549935 1.764450 1.079361
v 0.508350 2.104300 1.106576
v 0.504062 2.036230 1.102225
v 0.502613 1.965689 1.095452
v 0.504062 1.895390 1.086519
v 0.508350 1.828032 1.075770
v 0.515314 1.766206 1.063616
v 0.524686 1.712287 1.050526
v 0.536105 1.668346 1.037002
v 0.549134 1.636074 1.023564
v 0.563271 1.616709 1.010728
v 0.472555 2.106474 1.087086
v 0.466063 2.038537 1.081534
v 0.463870 1.968042 1.074356
v 0.466063 1.897697 1.065829
v 0.472555 1.830206 1.056280
v 0.483100 1.768162 1.046076
v 0.497290 1.713950 1.035609
v 0.514581 1.669653 1.025282
v 0.534308 1.636974 1.015491
v 0.555713 1.617168 1.006613
v 0.432365 2.040992 1.059520
v 0.429512 1.970544 1.051911
v 0.432365 1.900152 1.043815
v 0.440813 1.832518 1.035543
v 0.454532 1.770243 1.027413
v 0.472995 1.715720 1.019738
v 0.495493 1.671044 1.012812
v 0.521159 1.637932 1.006902
v 0.549009 1.617656 1.002234
v 0.404262 2.043500 1.037028
v 0.400859 1.973102 1.028978
v 0.404262 1.902660 1.021323
v 0.414341 1.834880 1.014356
v 0.430708 1.772369 1.008345
v 0.452735 1.717528 1.003522
v 0.479573 1.672465 1.000071
v 0.510194 1.638910 0.998126
v 0.543420 1.618155 0.997760
v 0.382836 2.045965 1.014923
v 0.379012 1.975615 1.006440
v 0.382836 1.905125 0.999218
v 0.394158 1.837202 0.993534
v 0.412543 1.774459 0.989606
v 0.437287 1.719305 0.987585
v 0.467436 1.673861 0.987550
v 0.501834 1.639872 0.989501
v 0.539158 1.618645 0.993363
v 0.368908 2.048292 0.994054
v 0.364812 1.977988 0.985163
v 0.368908 1.907452 0.978349
v 0.381038 1.839394 0.973876
v 0.400736 1.776432 0.971914
v 0.427246 1.720983 0.972540
v 0.459547 1.675179 0.975729
v 0.496400 1.640780 0.981358
v 0.536388 1.619108 0.989212
v 0.363015 2.050392 0.975224
v 0.358804 1.980128 0.965964
v 0.363015 1.909551 0.959519
v 0.375486 1.841372 0.956138
v 0.395740 1.778212 0.955951
v 0.422997 1.722497 0.958964
v 0.456209 1.676368 0.965062
v 0.494101 1.641599 0.974011
v 0.535215 1.619526 0.985467
v 0.365382 2.052183 0.959156
v 0.361217 1.981955 0.949580
v 0.365382 1.911343 0.943451
v 0.377717 1.843060 0.941002
v 0.397747 1.779731 0.942328
v 0.424703 1.723789 0.947379
v 0.457549 1.677383 0.955960
v 0.495024 1.642298 0.967741
v 0.535686 1.619882 0.982270
v 0.375919 2.053598 0.946466
v 0.371961 1.983398 0.936642
v 0.375919 1.912758 0.930761
v 0.387642 1.844393 0.929049
v 0.406680 1.780931 0.931571
v 0.432300 1.724809 0.938231
v 0.463518 1.678185 0.948772
v 0.499135 1.642851 0.962790
v 0.537782 1.620164 0.979747
v 0.394220 2.054582 0.937644
v 0.390621 1.984401 0.927647
v 0.394220 1.913742 0.921939
v 0.404882 1.845320 0.920738
v 0.422196 1.781764 0.924092
v 0.445495 1.725518 0.931870
v 0.473886 1.678742 0.943775
v 0.506276 1.643234 0.959348
v 0.541422 1.620359 0.977992
v 0.419584 2.055097 0.933028
v 0.416481 1.984926 0.922940
v 0.419584 1.914257 0.917322
v 0.428774 1.845805 0.916390
v 0.443697 1.782201 0.920178
v 0.463781 1.725889 0.928542
v 0.488252 1.679034 0.941160
v 0.516172 1.643435 0.957547
v 0.546467 1.620462 0.977073
v 0.451034 2.055123 0.932795
v 0.448548 1.984952 0.922703
v 0.451034 1.914283 0.917090
v 0.458399 1.845829 0.916170
v 0.470359 1.782223 0.919981
v 0.486456 1.725908 0.928374
v 0.506068 1.679049 0.941028
v 0.528444 1.643445 0.957456
v 0.552724 1.620467 0.977027
v 0.487363 2.054659 0.936954
v 0.485587 1.984480 0.926944
v 0.487363 1.913819 0.921249
v 0.492620 1.845392 0.920089
v 0.501157 1.781830 0.923507
v 0.512646 1.725574 0.931373
v 0.526646 1.678786 0.943384
v 0.542619 1.643264 0.959079
v 0.559949 1.620375 0.977854
v 0.527173 2.053723 0.945346
v 0.526178 1.983525 0.935500
v 0.527173 1.912883 0.929641
v 0.530120 1.844511 0.927994
v 0.534907 1.781036 0.930622
v 0.541348 1.724899 0.937423
v 0.549197 1.678256 0.948138
v 0.558152 1.642899 0.962354
v 0.567868 1.620188 0.979524
v 0.569460 2.119487 0.970389
v 0.568936 2.052351 0.957649
v 0.568759 1.982127 0.948044
v 0.568936 1.911511 0.941944
v 0.569460 1.843219 0.939582
v 0.570311 1.779873 0.941051
v 0.571458 1.723910 0.946293
v 0.572854 1.677479 0.955106
v 0.574447 1.642364 0.967154
v 0.576175 1.619915 0.981971
v 0.609127 2.117834 0.985215
v 0.611045 2.050596 0.973388
v 0.611693 1.980337 0.964091
v 0.611045 1.909756 0.957683
v 0.609127 1.841565 0.954408
v 0.606010 1.778385 0.954394
v 0.601817 1.722644 0.957640
v 0.596707 1.676484 0.964022
v 0.590877 1.641679 0.973295
v 0.584551 1.619566 0.985101
v 0.647596 2.115883 1.002709
v 0.651884 2.048526 0.991960
v 0.653332 1.978226 0.983027
v 0.651884 1.907685 0.976255
v 0.647596 1.839615 0.971903
v 0.640632 1.776630 0.970138
v 0.631260 1.721151 0.971030
v 0.619840 1.675311 0.974542
v 0.606812 1.640871 0.980541
v 0.592675 1.619154 0.988796
v 0.683390 2.113709 1.022199
v 0.689883 2.046218 1.012650
v 0.692075 1.975873 1.004123
v 0.689883 1.905378 0.996945
v 0.683390 1.837441 0.991392
v 0.672845 1.774674 0.987679
v 0.658656 1.719488 0.985947
v 0.641365 1.674004 0.986262
v 0.621638 1.639971 0.988614
v 0.600233 1.618696 0.992911
v 0.715133 2.111397 1.042936
v 0.723581 2.043764 1.034664
v 0.726434 1.973370 1.026568
v 0.723581 1.902923 1.018959
v 0.715133 1.835129 1.012129
v 0.701413 1.772593 1.006342
v 0.682950 1.717718 1.001818
v 0.660453 1.672614 0.998732
v 0.634787 1.639013 0.997204
v 0.606936 1.618207 0.997290
v 0.741604 2.109035 1.064123
v 0.751683 2.041255 1.057156
v 0.755086 1.970813 1.049501
v 0.751683 1.900415 1.041451
v 0.741604 1.832766 1.033316
v 0.725237 1.770467 1.025409
v 0.703211 1.715910 1.018034
v 0.676372 1.671193 1.011473
v 0.645752 1.638035 1.005979
v 0.612526 1.617708 1.001764
v 0.577973 1.610996 0.998989
v 0.743402 2.169456 1.088873
v 0.761788 2.106713 1.084945
v 0.773110 2.038791 1.079261
v 0.776933 1.968300 1.072039
v 0.773110 1.897950 1.063556
v 0.761788 1.830444 1.054139
v 0.743402 1.768377 1.044149
v 0.718659 1.714133 1.033970
v 0.688509 1.669797 1.023994
v 0.654111 1.637073 1.014604
v 0.616788 1.617218 1.006161
v 0.755210 2.167483 1.106565
v 0.774908 2.104521 1.104603
v 0.787037 2.036463 1.100129
v 0.791134 1.965927 1.093316
v 0.787037 1.895623 1.084424
v 0.774908 1.828252 1.073797
v 0.755210 1.766404 1.061841
v 0.728700 1.712455 1.049016
v 0.696398 1.668479 1.035815
v 0.659546 1.636165 1.022747
v 0.619558 1.616755 1.010312
v 0.760206 2.165703 1.122528
v 0.780459 2.102543 1.122341
v 0.792931 2.034364 1.118960
v 0.797143 1.963786 1.112515
v 0.792931 1.893523 1.103255
v 0.780459 1.826274 1.091534
v 0.760206 1.764624 1.077804
v 0.732949 1.710941 1.062592
v 0.699737 1.667289 1.046482
v 0.661845 1.635345 1.030094
v 0.620731 1.616338 1.014058
v 0.758199 2.164184 1.136150
v 0.778229 2.100855 1.137477
v 0.790564 2.032572 1.135029
v 0.794728 1.961960 1.128899
v 0.790564 1.891732 1.119324
v 0.778229 1.824587 1.106671
v 0.758199 1.763105 1.091426
v 0.731242 1.709650 1.074177
v 0.698396 1.666274 1.055584
v 0.660921 1.634646 1.036364
v 0.620259 1.615981 1.017254
v 0.749266 2.162984 1.146908
v 0.768303 2.099522 1.149430
v 0.780026 2.031157 1.147718
v 0.783985 1.960517 1.141837
v 0.780026 1.890317 1.132013
v 0.768303 1.823254 1.118624
v 0.749266 1.761905 1.102184
v 0.723646 1.708629 1.083325
v 0.692427 1.665473 1.062772
v 0.656810 1.634094 1.041315
v 0.618164 1.615700 1.019778
v 0.733750 2.162150 1.154387
v 0.751064 2.098595 1.157741
v 0.761725 2.030173 1.156540
v 0.765324 1.959514 1.150832
v 0.761725 1.889333 1.140835
v 0.751064 1.822327 1.126934
v 0.733750 1.761071 1.109663
v 0.710450 1.707920 1.089686
v 0.682060 1.664916 1.067770
v 0.649669 1.633711 1.044757
v 0.614523 1.615504 1.021533
v 0.712248 2.161714 1.158301
v 0.727172 2.098110 1.162089
v 0.736362 2.029658 1.161157
v 0.739464 1.958989 1.155539
v 0.736362 1.888818 1.145451
v 0.727172 1.821842 1.131283
v 0.712248 1.760635 1.113576
v 0.692165 1.707549 1.093014
v 0.667693 1.664624 1.070384
v 0.639773 1.633510 1.046558
v 0.609478 1.615402 1.022451
v 0.685586 2.161692 1.158498
v 0.697546 2.098086 1.162308
v 0.704911 2.029633 1.161389
v 0.707398 1.958963 1.155776
v 0.704911 1.888792 1.145684
v 0.697546 1.821818 1.131502
v 0.685586 1.760613 1.113774
v 0.669491 1.707530 1.093182
v 0.649877 1.664609 1.070516
v 0.627502 1.633500 1.046649
v 0.603223 1.615396 1.022497
v 0.663326 2.098523 1.158390
v 0.668583 2.030096 1.157230
v 0.670358 1.959435 1.151535
v 0.668583 1.889256 1.141524
v 0.663326 1.822255 1.127584
v 0.654788 1.761006 1.110247
v 0.643299 1.707865 1.090183
v 0.629299 1.664872 1.068160
v 0.613327 1.633680 1.045026
v 0.595996 1.615489 1.021670
v 0.625825 2.099404 1.150485
v 0.628773 2.031032 1.148838
v 0.629768 1.960390 1.142978
v 0.628773 1.890192 1.133133
v 0.625825 1.823136 1.119678
v 0.621039 1.761800 1.103133
v 0.614598 1.708539 1.084132
v 0.606749 1.665402 1.063406
v 0.597794 1.634046 1.041752
v 0.588077 1.615675 1.020000
v 0.586486 2.100697 1.138897
v 0.587010 2.032404 1.136535
v 0.587187 1.961788 1.130435
v 0.587010 1.891564 1.120830
v 0.586486 1.824428 1.108090
v 0.585634 1.762963 1.092704
v 0.584488 1.709528 1.075263
v 0.583092 1.666179 1.056438
v 0.581499 1.634581 1.036952
v 0.579770 1.615948 1.017553
v 0.546819 2.102350 1.124070
v 0.546819 1.826082 1.093264
v 0.554128 1.710794 1.063915
v 0.559238 1.667173 1.047522
v 0.565068 1.635266 1.030810
v 0.571394 1.616297 1.014423
v 0.548391 2.134219 1.124078
v 0.510677 2.125345 1.107166
v 0.474253 2.116577 1.087684
v 0.442293 2.108678 1.067317
v 0.440752 2.108295 1.066300
v 0.412846 2.101113 1.043956
v 0.391096 2.095218 1.021794
v 0.376578 2.090892 1.000775
v 0.370055 2.088354 0.981840
v 0.371914 2.087738 0.965855
v 0.382122 2.089082 0.953551
v 0.400227 2.092328 0.945475
v 0.425378 2.097320 0.941960
v 0.456389 2.103818 0.943106
v 0.491824 2.111516 0.948785
v 0.530089 2.120064 0.958657
v 0.532827 2.120690 0.959598
v 0.569594 2.129136 0.972804
v 0.608098 2.138180 0.989805
v 0.644110 2.146832 1.008793
v 0.676409 2.154788 1.028955
v 0.704029 2.161799 1.049516
v 0.726251 2.167672 1.069761
v 0.735732 2.170338 1.080960
v 0.742181 2.172177 1.088973
v 0.751517 2.175208 1.106477
v 0.754754 2.176847 1.121926
v 0.751980 2.177090 1.134985
v 0.743346 2.175951 1.145369
v 0.729066 2.173459 1.152823
v 0.709415 2.169657 1.157121
v 0.684754 2.164605 1.158064
v 0.671882 2.161867 1.156929
v 0.655294 2.158320 1.155174
v 0.621936 2.150980 1.148350
v 0.585919 2.142863 1.137919
v -0.000000 1.558649 2.014067
v -0.335373 1.565815 1.981822
v -0.657859 1.587038 1.886327
v -0.955063 1.621501 1.731251
v -1.215564 1.667881 1.522555
v -1.429352 1.724395 1.268257
v -1.588211 1.788871 0.978131
v -1.686036 1.858832 0.663326
v -1.719067 1.931589 0.335940
v -1.686036 2.004345 0.008554
v -1.588211 2.074306 -0.306251
v -1.429352 2.138783 -0.596377
v -1.215563 2.195296 -0.850674
v -0.955062 2.241676 -1.059371
v -0.657858 2.276139 -1.214446
v -0.335373 2.297362 -1.309941
v 0.000001 2.304527 -1.342185
v 0.335374 2.297361 -1.309941
v 0.657859 2.276139 -1.214445
v 0.955063 2.241676 -1.059370
v 1.215564 2.195296 -0.850673
v 1.429352 2.138782 -0.596376
v 1.588210 2.074306 -0.306250
v 1.686035 2.004345 0.008555
v 1.719066 1.931588 0.335941
v 1.686034 1.858832 0.663327
v 1.588210 1.788871 0.978132
v 1.429350 1.724395 1.268257
v 1.215562 1.667881 1.522554
v 0.955061 1.621501 1.731251
v 0.657857 1.587038 1.886326
v 0.335372 1.565816 1.981820
v 0.000000 2.020898 1.898421
v -0.000000 1.803835 2.052720
v -0.293785 2.027175 1.870175
v -0.332358 1.810937 2.020765
v -0.576281 2.045766 1.786522
v -0.651943 1.831968 1.926129
v -0.836630 2.075955 1.650677
v -0.946474 1.866122 1.772448
v -1.064829 2.116584 1.467859
v -1.204633 1.912084 1.565628
v -1.252106 2.166090 1.245096
v -1.416499 1.968090 1.313617
v -1.391265 2.222571 0.990947
v -1.573929 2.031986 1.026100
v -1.476959 2.283856 0.715179
v -1.670874 2.101318 0.714126
v -1.505894 2.347591 0.428391
v -1.703609 2.173421 0.389684
v -1.476959 2.411325 0.141602
v -1.670874 2.245523 0.065241
v -1.391265 2.472610 -0.134166
v -1.573929 2.314855 -0.246733
v -1.252105 2.529091 -0.388315
v -1.416498 2.378752 -0.534249
v -1.064828 2.578597 -0.611078
v -1.204633 2.434757 -0.786260
v -0.836630 2.619226 -0.793895
v -0.946474 2.480720 -0.993080
v -0.576281 2.649415 -0.929740
v -0.651942 2.514873 -1.146761
v -0.293785 2.668006 -1.013394
v -0.332357 2.535905 -1.241397
v 0.000000 2.674283 -1.041640
v 0.000000 2.543006 -1.273352
v 0.293786 2.668006 -1.013393
v 0.332358 2.535904 -1.241397
v 0.576281 2.649415 -0.929740
v 0.651943 2.514873 -1.146760
v 0.836630 2.619226 -0.793895
v 0.946474 2.480720 -0.993079
v 1.064828 2.578597 -0.611078
v 1.204633 2.434757 -0.786259
v 1.252105 2.529091 -0.388314
v 1.416498 2.378751 -0.534248
v 1.391265 2.472610 -0.134165
v 1.573929 2.314855 -0.246732
v 1.476959 2.411325 0.141602
v 1.670873 2.245523 0.065242
v 1.505894 2.347590 0.428391
v 1.703608 2.173421 0.389685
v 1.476959 2.283856 0.715179
v 1.670873 2.101318 0.714127
v 1.391264 2.222570 0.990947
v 1.573928 2.031986 1.026100
v 1.252105 2.166090 1.245096
v 1.416498 1.968090 1.313617
v 1.064827 2.116584 1.467859
v 1.204632 1.912084 1.565628
v 0.836629 2.075955 1.650676
v 0.946473 1.866122 1.772447
v 0.576280 2.045766 1.786521
v 0.651942 1.831969 1.926128
v 0.293784 2.027175 1.870174
v 0.332357 1.810937 2.020764
v -0.000000 3.095224 1.518172
v -0.000000 2.560994 1.858127
v -0.000000 1.937334 1.967764
v -0.000000 1.621497 1.929518
v -0.061768 3.460013 0.993714
v -0.121162 3.305082 1.265162
v -0.175900 3.098982 1.501260
v -0.223878 2.849634 1.692933
v -0.263253 2.566618 1.832817
v -0.292511 2.260813 1.915534
v -0.310528 1.943969 1.937908
v -0.316612 1.628262 1.899077
v -0.121162 3.463922 0.976126
v -0.237668 3.312749 1.230663
v -0.345040 3.110113 1.451174
v -0.439153 2.863801 1.629186
v -0.516389 2.583277 1.757857
v -0.573781 2.279323 1.832244
v -0.609123 1.963619 1.849488
v -0.621056 1.648297 1.808925
v -0.175900 3.470269 0.947565
v -0.345040 3.325200 1.174638
v -0.500921 3.128189 1.369838
v -0.637551 2.886806 1.525665
v -0.749681 2.610329 1.636130
v -0.833001 2.309382 1.696988
v -0.884309 1.995529 1.705900
v -0.901634 1.680833 1.662524
v -0.223878 3.478811 0.909128
v -0.439153 3.341956 1.099241
v -0.637551 3.152515 1.260379
v -0.811449 2.917768 1.386350
v -0.954163 2.646735 1.472312
v -1.060209 2.349834 1.514964
v -1.125512 2.038473 1.512664
v -1.147562 1.724618 1.465503
v -0.263253 3.489220 0.862292
v -0.516389 3.362373 1.007369
v -0.749681 3.182156 1.127002
v -0.954163 2.955493 1.216594
v -1.121977 2.691096 1.272700
v -1.246674 2.399125 1.293167
v -1.323462 2.090800 1.277206
v -1.349390 1.777970 1.225431
v -0.000000 3.557821 0.697347
v -0.292511 3.501095 0.808858
v -0.573781 3.385667 0.902554
v -0.833001 3.215973 0.974834
v -1.060209 2.998534 1.022920
v -1.246674 2.741707 1.044965
v -1.385230 2.455361 1.040120
v -1.470552 2.150500 1.008573
v -1.499362 1.838840 0.951536
v -0.310528 3.513980 0.750878
v -0.609123 3.410942 0.788823
v -0.884309 3.252666 0.809722
v -1.125512 3.045237 0.812772
v -1.323462 2.796623 0.797857
v -1.470552 2.516380 0.765549
v -1.561130 2.215278 0.717090
v -1.591714 1.904887 0.654342
v -0.316612 3.527380 0.690582
v -0.621056 3.437227 0.670546
v -0.901634 3.290827 0.638011
v -1.147562 3.093805 0.594226
v -1.349390 2.853734 0.540873
v -1.499362 2.579839 0.480004
v -1.591714 2.282645 0.413957
v -1.622898 1.973573 0.345270
v -0.310528 3.540780 0.630285
v -0.609123 3.463512 0.552270
v -0.884309 3.328987 0.466300
v -1.125512 3.142374 0.375680
v -1.323462 2.910845 0.283890
v -1.470552 2.643297 0.194460
v -1.561130 2.350011 0.110825
v -1.591714 2.042260 0.036199
v -0.292511 3.553665 0.572305
v -0.573781 3.488787 0.438539
v -0.833001 3.365681 0.301188
v -1.060209 3.189076 0.165532
v -1.246674 2.965761 0.036782
v -1.385230 2.704316 -0.080112
v -1.470552 2.414789 -0.180659
v -1.499362 2.108307 -0.260995
v -0.263253 3.565540 0.518871
v -0.516389 3.512081 0.333723
v -0.749681 3.399498 0.149020
v -0.954163 3.232117 -0.028142
v -1.121977 3.016372 -0.190953
v -1.246674 2.760552 -0.333158
v -1.323462 2.474489 -0.449291
v -1.349390 2.169176 -0.534890
v -0.223878 3.575948 0.472035
v -0.439153 3.532498 0.241852
v -0.637551 3.429139 0.015644
v -0.811449 3.269843 -0.197898
v -0.954163 3.060732 -0.390565
v -1.060209 2.809843 -0.554955
v -1.125512 2.526816 -0.684750
v -1.147561 2.222528 -0.774961
v -0.175900 3.584491 0.433598
v -0.345040 3.549254 0.166455
v -0.500921 3.453465 -0.093816
v -0.637551 3.300804 -0.337213
v -0.749681 3.097138 -0.554382
v -0.833001 2.850295 -0.736979
v -0.884309 2.569760 -0.877985
v -0.901633 2.266313 -0.971983
v -0.121162 3.590838 0.405037
v -0.237668 3.561705 0.110430
v -0.345040 3.471540 -0.175151
v -0.439153 3.323810 -0.440733
v -0.516389 3.124191 -0.676110
v -0.573781 2.880354 -0.872235
v -0.609122 2.601670 -1.021572
v -0.621055 2.298849 -1.118383
v -0.061768 3.594747 0.387449
v -0.121162 3.569372 0.075930
v -0.175900 3.482671 -0.225237
v -0.223878 3.337977 -0.504481
v -0.263253 3.140849 -0.751069
v -0.292511 2.898864 -0.955526
v -0.310528 2.621320 -1.109993
v -0.316611 2.318884 -1.208535
v 0.000000 3.596066 0.381510
v 0.000000 3.571960 0.064281
v 0.000000 3.486430 -0.242149
v 0.000000 3.342761 -0.526006
v 0.000000 3.146474 -0.776380
v -0.000000 2.905114 -0.983649
v 0.000000 2.627955 -1.139849
v 0.000001 2.325649 -1.238976
v 0.061768 3.594747 0.387449
v 0.121162 3.569372 0.075930
v 0.175900 3.482671 -0.225237
v 0.223878 3.337977 -0.504481
v 0.263253 3.140849 -0.751069
v 0.292511 2.898864 -0.955525
v 0.310528 2.621320 -1.109993
v 0.316612 2.318884 -1.208535
v 0.121162 3.590838 0.405037
v 0.237668 3.561705 0.110430
v 0.345040 3.471540 -0.175151
v 0.439153 3.323810 -0.440733
v 0.516389 3.124191 -0.676110
v 0.573781 2.880354 -0.872235
v 0.609123 2.601670 -1.021572
v 0.621056 2.298848 -1.118382
v 0.175900 3.584491 0.433598
v 0.345040 3.549254 0.166455
v 0.500921 3.453465 -0.093815
v 0.637551 3.300804 -0.337213
v 0.749681 3.097138 -0.554382
v 0.833001 2.850295 -0.736979
v 0.884309 2.569760 -0.877985
v 0.901634 2.266313 -0.971982
v 0.223878 3.575948 0.472035
v 0.439153 3.532498 0.241852
v 0.637551 3.429139 0.015644
v 0.811449 3.269843 -0.197898
v 0.954163 3.060732 -0.390565
v 1.060209 2.809843 -0.554955
v 1.125512 2.526816 -0.684749
v 1.147562 2.222528 -0.774960
v 0.263253 3.565540 0.518871
v 0.516389 3.512081 0.333724
v 0.749681 3.399498 0.149020
v 0.954163 3.232117 -0.028142
v 1.121977 3.016372 -0.190953
v 1.246674 2.760552 -0.333158
v 1.323462 2.474489 -0.449291
v 1.349390 2.169176 -0.534889
v 0.292511 3.553665 0.572305
v 0.573781 3.488787 0.438539
v 0.833001 3.365681 0.301189
v 1.060209 3.189076 0.165532
v 1.246674 2.965761 0.036783
v 1.385230 2.704316 -0.080112
v 1.470552 2.414789 -0.180658
v 1.499361 2.108306 -0.260993
v 0.310528 3.540780 0.630285
v 0.609123 3.463512 0.552270
v 0.884309 3.328987 0.466301
v 1.125512 3.142374 0.375680
v 1.323462 2.910845 0.283891
v 1.470552 2.643296 0.194460
v 1.561130 2.350011 0.110825
v 1.591713 2.042259 0.036200
v 0.316611 3.527380 0.690582
v 0.621056 3.437227 0.670546
v 0.901633 3.290827 0.638011
v 1.147562 3.093805 0.594226
v 1.349390 2.853734 0.540874
v 1.499362 2.579839 0.480004
v 1.591714 2.282644 0.413958
v 1.622897 1.973573 0.345271
v 0.310528 3.513980 0.750878
v 0.609123 3.410942 0.788823
v 0.884308 3.252666 0.809722
v 1.125512 3.045237 0.812772
v 1.323461 2.796623 0.797857
v 1.470552 2.516380 0.765549
v 1.561129 2.215278 0.717090
v 1.591713 1.904886 0.654343
v 0.292511 3.501095 0.808858
v 0.573781 3.385667 0.902554
v 0.833000 3.215973 0.974834
v 1.060209 2.998534 1.022920
v 1.246673 2.741707 1.044965
v 1.385230 2.455361 1.040120
v 1.470552 2.150500 1.008574
v 1.499361 1.838840 0.951536
v 0.263253 3.489220 0.862292
v 0.516389 3.362373 1.007369
v 0.749680 3.182156 1.127002
v 0.954163 2.955493 1.216594
v 1.121976 2.691096 1.272700
v 1.246674 2.399125 1.293167
v 1.323461 2.090800 1.277206
v 1.349389 1.777970 1.225431
v 0.223878 3.478811 0.909128
v 0.439153 3.341956 1.099241
v 0.637551 3.152515 1.260378
v 0.811449 2.917768 1.386350
v 0.954162 2.646735 1.472312
v 1.060209 2.349834 1.514963
v 1.125511 2.038473 1.512664
v 1.147560 1.724618 1.465502
v 0.175900 3.470269 0.947565
v 0.345040 3.325200 1.174637
v 0.500920 3.128189 1.369838
v 0.637551 2.886807 1.525665
v 0.749680 2.610329 1.636129
v 0.833001 2.309382 1.696988
v 0.884308 1.995529 1.705900
v 0.901632 1.680833 1.662523
v 0.121162 3.463922 0.976126
v 0.237668 3.312749 1.230662
v 0.345040 3.110114 1.451173
v 0.439153 2.863801 1.629185
v 0.516389 2.583277 1.757857
v 0.573781 2.279323 1.832244
v 0.609122 1.963619 1.849487
v 0.621055 1.648298 1.808923
v 0.061768 3.460013 0.993714
v 0.121162 3.305082 1.265162
v 0.175899 3.098983 1.501259
v 0.223878 2.849634 1.692933
v 0.263252 2.566619 1.832816
v 0.292511 2.260813 1.915534
v 0.310527 1.943969 1.937907
v 0.316611 1.628263 1.899076
v -0.000000 3.458693 0.999653
v -0.000000 3.302494 1.276811
v -0.000000 2.844850 1.714458
v -0.000000 2.254563 1.943657
v -0.000000 3.519846 1.163103
v -0.090308 3.521776 1.154420
v -0.177145 3.527491 1.128706
v -0.257175 3.536771 1.086947
v -0.327321 3.549260 1.030751
v -0.384889 3.564477 0.962275
v -0.427666 3.581839 0.884151
v -0.454007 3.600678 0.799382
v -0.462902 3.620270 0.711225
v -0.454007 3.639861 0.623068
v -0.427666 3.658700 0.538299
v -0.384889 3.676062 0.460175
v -0.327321 3.691280 0.391699
v -0.257175 3.703768 0.335502
v -0.177145 3.713049 0.293744
v -0.090308 3.718763 0.268030
v -0.000000 3.720693 0.259347
v 0.090308 3.718763 0.268030
v 0.177145 3.713049 0.293744
v 0.257175 3.703768 0.335502
v 0.327321 3.691280 0.391699
v 0.384889 3.676062 0.460175
v 0.427666 3.658700 0.538299
v 0.454007 3.639861 0.623068
v 0.462902 3.620270 0.711225
v 0.454007 3.600678 0.799382
v 0.427666 3.581839 0.884151
v 0.384889 3.564477 0.962275
v 0.327321 3.549260 1.030751
v 0.257175 3.536771 1.086947
v 0.177145 3.527491 1.128706
v 0.090308 3.521776 1.154420
v -0.000000 4.524025 0.912071
v -2.577968 2.450625 0.636071
v -2.544809 2.462881 0.635244
v -2.512925 2.476171 0.627683
v -2.483540 2.489982 0.613676
v -2.457784 2.503784 0.593763
v -2.436646 2.517048 0.568710
v -2.420940 2.529263 0.539478
v -2.411268 2.539960 0.507191
v -2.408002 2.548727 0.473091
v -2.411268 2.555228 0.438486
v -2.420940 2.559214 0.404708
v -2.436646 2.560530 0.373054
v -2.457784 2.559126 0.344741
v -2.483540 2.555057 0.320856
v -2.512925 2.548478 0.302319
v -2.544809 2.539642 0.289840
v -2.577968 2.528890 0.283900
v -2.611127 2.516634 0.284727
v -2.643011 2.503345 0.292289
v -2.672396 2.489533 0.306295
v -2.698152 2.475731 0.326207
v -2.719289 2.462467 0.351261
v -2.734996 2.450252 0.380493
v -2.744668 2.439556 0.412780
v -2.747934 2.430788 0.446880
v -2.744668 2.424287 0.481485
v -2.734996 2.420302 0.515263
v -2.719289 2.418985 0.546917
v -2.698152 2.420389 0.575230
v -2.672396 2.424459 0.599115
v -2.643011 2.431037 0.617652
v -2.611127 2.439873 0.630131
v -2.789526 3.070825 0.589119
v -2.421590 2.236853 0.662407
v -2.381933 2.266421 0.664009
v -2.343800 2.296957 0.656078
v -2.308656 2.327288 0.638919
v -2.277853 2.356249 0.613191
v -2.252573 2.382726 0.579884
v -2.233788 2.405702 0.540277
v -2.222220 2.424294 0.495892
v -2.218314 2.437788 0.448435
v -2.222220 2.445665 0.399730
v -2.233788 2.447622 0.351648
v -2.252573 2.443584 0.306038
v -2.277853 2.433707 0.264651
v -2.308656 2.418369 0.229079
v -2.343800 2.398160 0.200689
v -2.381933 2.373858 0.180570
v -2.421590 2.346395 0.169498
v -2.461247 2.316828 0.167896
v -2.499380 2.286292 0.175828
v -2.534523 2.255961 0.192987
v -2.565327 2.227000 0.218714
v -2.590607 2.200523 0.252021
v -2.609392 2.177547 0.291628
v -2.620959 2.158955 0.336013
v -2.624865 2.145461 0.383470
v -2.620959 2.137584 0.432175
v -2.609392 2.135627 0.480257
v -2.590607 2.139665 0.525867
v -2.565327 2.149542 0.567254
v -2.534523 2.164880 0.602826
v -2.499380 2.185088 0.631216
v -2.461247 2.209391 0.651335
v -2.249687 2.050905 0.676086
v -2.216838 2.100878 0.681165
v -2.185252 2.151484 0.674564
v -2.156142 2.200776 0.656536
v -2.130626 2.246861 0.627774
v -2.109687 2.287969 0.589383
v -2.094127 2.322519 0.542839
v -2.084545 2.349183 0.489930
v -2.081310 2.366937 0.432689
v -2.084545 2.375098 0.373317
v -2.094127 2.373354 0.314095
v -2.109687 2.361770 0.257298
v -2.130626 2.340792 0.205110
v -2.156142 2.311227 0.159535
v -2.185252 2.274210 0.122326
v -2.216838 2.231164 0.094913
v -2.249687 2.183744 0.078348
v -2.282535 2.133770 0.073268
v -2.314121 2.083165 0.079869
v -2.343231 2.033873 0.097897
v -2.368747 1.987787 0.126659
v -2.389686 1.946680 0.165050
v -2.405246 1.912130 0.211595
v -2.414828 1.885466 0.264504
v -2.418063 1.867712 0.321744
v -2.414828 1.859551 0.381116
v -2.405246 1.861295 0.440339
v -2.389686 1.872879 0.497136
v -2.368747 1.893857 0.549324
v -2.343231 1.923422 0.594898
v -2.314121 1.960439 0.632107
v -2.282535 2.003484 0.659521
v -2.044220 1.938428 0.703036
v -2.023498 2.004799 0.710761
v -2.003573 2.071595 0.704802
v -1.985210 2.136248 0.685388
v -1.969114 2.196275 0.653264
v -1.955905 2.249368 0.609665
v -1.946090 2.293486 0.556266
v -1.940046 2.326936 0.495121
v -1.938005 2.348430 0.428577
v -1.940046 2.357143 0.359194
v -1.946090 2.352741 0.289636
v -1.955905 2.335392 0.222577
v -1.969114 2.305763 0.160595
v -1.985210 2.264993 0.106070
v -2.003573 2.214648 0.061099
v -2.023498 2.156664 0.027409
v -2.044220 2.093268 0.006296
v -2.064941 2.026897 -0.001430
v -2.084866 1.960101 0.004529
v -2.103229 1.895448 0.023944
v -2.119325 1.835421 0.056068
v -2.132534 1.782328 0.099667
v -2.142349 1.738210 0.153065
v -2.148394 1.704760 0.214211
v -2.150434 1.683266 0.280754
v -2.148394 1.674553 0.350138
v -2.142349 1.678955 0.419696
v -2.132534 1.696304 0.486755
v -2.119325 1.725933 0.548737
v -2.103229 1.766703 0.603262
v -2.084866 1.817048 0.648233
v -2.064941 1.875032 0.681922
v -1.526587 1.790271 0.732013
v -1.526587 1.871482 0.741847
v -1.526587 1.953052 0.735649
v -1.526587 2.031845 0.713656
v -1.526587 2.104833 0.676714
v -1.526587 2.169212 0.626243
v -1.526587 2.222507 0.564182
v -1.526587 2.262671 0.492916
v -1.526587 2.288160 0.415184
v -1.526587 2.297994 0.333972
v -1.526587 2.291795 0.252403
v -1.526587 2.269803 0.173610
v -1.526587 2.232861 0.100622
v -1.526587 2.182390 0.036243
v -1.526587 2.120329 -0.017052
v -1.526587 2.049062 -0.057216
v -1.526587 1.971330 -0.082705
v -1.526587 1.890119 -0.092539
v -1.526587 1.808550 -0.086341
v -1.526587 1.729757 -0.064348
v -1.526587 1.656769 -0.027406
v -1.526587 1.592390 0.023065
v -1.526587 1.539094 0.085126
v -1.526587 1.498931 0.156392
v -1.526587 1.473442 0.234124
v -1.526587 1.463608 0.315336
v -1.526587 1.469806 0.396905
v -1.526587 1.491799 0.475698
v -1.526587 1.528740 0.548686
v -1.526587 1.579212 0.613065
v -1.526587 1.641273 0.666360
v -1.526587 1.712539 0.706524
v 2.577969 2.450625 0.636071
v 2.544810 2.462881 0.635244
v 2.512926 2.476171 0.627682
v 2.483541 2.489982 0.613676
v 2.457785 2.503784 0.593763
v 2.436647 2.517048 0.568710
v 2.420941 2.529263 0.539478
v 2.411269 2.539959 0.507191
v 2.408003 2.548727 0.473091
v 2.411269 2.555228 0.438486
v 2.420941 2.559213 0.404708
v 2.436647 2.560529 0.373054
v 2.457785 2.559126 0.344741
v 2.483541 2.555057 0.320856
v 2.512926 2.548478 0.302319
v 2.544810 2.539642 0.289840
v 2.577969 2.528890 0.283900
v 2.611128 2.516634 0.284727
v 2.643012 2.503345 0.292289
v 2.672397 2.489533 0.306295
v 2.698153 2.475731 0.326207
v 2.719290 2.462467 0.351261
v 2.734997 2.450252 0.380493
v 2.744669 2.439556 0.412780
v 2.747935 2.430788 0.446880
v 2.744669 2.424287 0.481485
v 2.734997 2.420301 0.515263
v 2.719290 2.418985 0.546917
v 2.698153 2.420389 0.575230
v 2.672397 2.424458 0.599114
v 2.643012 2.431037 0.617652
v 2.611128 2.439873 0.630131
v 2.789526 3.070825 0.589119
v 2.421591 2.236853 0.662407
v 2.381934 2.266421 0.664009
v 2.343801 2.296957 0.656078
v 2.308657 2.327288 0.638918
v 2.277853 2.356249 0.613191
v 2.252573 2.382726 0.579884
v 2.233789 2.405702 0.540277
v 2.222221 2.424294 0.495892
v 2.218315 2.437788 0.448435
v 2.222221 2.445664 0.399730
v 2.233789 2.447622 0.351649
v 2.252573 2.443584 0.306038
v 2.277853 2.433707 0.264652
v 2.308657 2.418369 0.229079
v 2.343801 2.398160 0.200689
v 2.381934 2.373858 0.180571
v 2.421591 2.346395 0.169498
v 2.461248 2.316828 0.167896
v 2.499381 2.286292 0.175828
v 2.534524 2.255961 0.192987
v 2.565328 2.227000 0.218714
v 2.590608 2.200523 0.252021
v 2.609393 2.177547 0.291628
v 2.620960 2.158955 0.336013
v 2.624866 2.145461 0.383470
v 2.620960 2.137584 0.432175
v 2.609393 2.135627 0.480257
v 2.590608 2.139665 0.525867
v 2.565328 2.149542 0.567254
v 2.534524 2.164880 0.602826
v 2.499381 2.185088 0.631216
v 2.461248 2.209391 0.651335
v 2.249688 2.050905 0.676086
v 2.216839 2.100878 0.681165
v 2.185253 2.151484 0.674564
v 2.156143 2.200776 0.656536
v 2.130627 2.246861 0.627774
v 2.109688 2.287969 0.589383
v 2.094128 2.322519 0.542839
v 2.084546 2.349183 0.489930
v 2.081311 2.366936 0.432689
v 2.084546 2.375098 0.373317
v 2.094128 2.373353 0.314095
v 2.109688 2.361770 0.257298
v 2.130627 2.340792 0.205110
v 2.156143 2.311227 0.159535
v 2.185253 2.274210 0.122326
v 2.216839 2.231164 0.094913
v 2.249688 2.183744 0.078348
v 2.282536 2.133771 0.073268
v 2.314122 2.083165 0.079870
v 2.343232 2.033873 0.097897
v 2.368748 1.987788 0.126660
v 2.389687 1.946680 0.165050
v 2.405247 1.912131 0.211595
v 2.414829 1.885466 0.264504
v 2.418064 1.867712 0.321744
v 2.414829 1.859551 0.381116
v 2.405247 1.861295 0.440339
v 2.389687 1.872879 0.497136
v 2.368748 1.893857 0.549324
v 2.343232 1.923422 0.594898
v 2.314122 1.960439 0.632107
v 2.282536 2.003485 0.659521
v 2.044221 1.938428 0.703035
v 2.023499 2.004799 0.710761
v 2.003574 2.071595 0.704802
v 1.985211 2.136248 0.685388
v 1.969115 2.196275 0.653264
v 1.955906 2.249368 0.609665
v 1.946091 2.293486 0.556266
v 1.940047 2.326936 0.495121
v 1.938006 2.348430 0.428577
v 1.940047 2.357143 0.359194
v 1.946091 2.352741 0.289636
v 1.955906 2.335392 0.222577
v 1.969115 2.305763 0.160595
v 1.985211 2.264993 0.106070
v 2.003574 2.214648 0.061099
v 2.023499 2.156664 0.027409
v 2.044221 2.093268 0.006296
v 2.064942 2.026897 -0.001429
v 2.084867 1.960101 0.004530
v 2.103230 1.895448 0.023944
v 2.119326 1.835421 0.056068
v 2.132535 1.782329 0.099667
v 2.142350 1.738210 0.153065
v 2.148395 1.704761 0.214211
v 2.150435 1.683266 0.280754
v 2.148395 1.674553 0.350138
v 2.142350 1.678955 0.419696
v 2.132535 1.696304 0.486754
v 2.119326 1.725933 0.548737
v 2.103230 1.766703 0.603262
v 2.084867 1.817048 0.648233
v 2.064942 1.875032 0.681922
v 1.526588 1.790271 0.732013
v 1.526588 1.871482 0.741847
v 1.526588 1.953052 0.735649
v 1.526588 2.031845 0.713656
v 1.526588 2.104833 0.676714
v 1.526588 2.169212 0.626243
v 1.526588 2.222507 0.564182
v 1.526588 2.262671 0.492916
v 1.526588 2.288160 0.415184
v 1.526588 2.297994 0.333972
v 1.526588 2.291795 0.252403
v 1.526588 2.269803 0.173610
v 1.526588 2.232861 0.100622
v 1.526588 2.182390 0.036243
v 1.526588 2.120329 -0.017052
v 1.526588 2.049063 -0.057216
v 1.526588 1.971330 -0.082705
v 1.526588 1.890119 -0.092539
v 1.526588 1.808550 -0.086341
v 1.526588 1.729757 -0.064348
v 1.526588 1.656769 -0.027406
v 1.526588 1.592390 0.023065
v 1.526588 1.539094 0.085126
v 1.526588 1.498931 0.156392
v 1.526588 1.473442 0.234124
v 1.526588 1.463608 0.315336
v 1.526588 1.469806 0.396905
v 1.526588 1.491799 0.475698
v 1.526588 1.528741 0.548686
v 1.526588 1.579212 0.613065
v 1.526588 1.641273 0.666360
v 1.526588 1.712539 0.706524
v 1.359428 0.037186 -0.294491
v 1.007482 0.306046 -0.550192
v 1.493857 0.306046 -0.708227
v 1.794457 0.306048 -0.294491
v 1.493857 0.306046 0.119246
v 1.007482 0.306046 -0.038790
v 1.224999 0.741081 -0.708227
v 1.711374 0.741081 -0.550192
v 1.711374 0.741081 -0.038790
v 1.224999 0.741081 0.119246
v 0.924399 0.741079 -0.294491
v 1.359428 1.009941 -0.294491
v 1.438443 0.109824 -0.537677
v 1.152560 0.109824 -0.444787
v 1.231574 0.267856 -0.687976
v 0.945692 0.267857 -0.294491
v 1.152560 0.109824 -0.144194
v 1.615131 0.109825 -0.294491
v 1.694148 0.267857 -0.537678
v 1.438443 0.109824 -0.051304
v 1.694148 0.267857 -0.051303
v 1.231574 0.267856 0.098995
v 0.896855 0.523563 -0.444787
v 0.896855 0.523563 -0.144194
v 1.359428 0.523563 -0.780868
v 1.073542 0.523563 -0.687978
v 1.822001 0.523563 -0.444787
v 1.645314 0.523563 -0.687978
v 1.645314 0.523563 0.098997
v 1.822001 0.523563 -0.144194
v 1.073542 0.523563 0.098997
v 1.359428 0.523563 0.191887
v 1.024708 0.779270 -0.537678
v 1.487281 0.779271 -0.687976
v 1.773164 0.779270 -0.294491
v 1.487281 0.779271 0.098995
v 1.024708 0.779270 -0.051303
v 1.280413 0.937303 -0.537677
v 1.103725 0.937301 -0.294491
v 1.566295 0.937303 -0.444787
v 1.566295 0.937303 -0.144194
v 1.280413 0.937303 -0.051304
v -1.133347 0.075073 1.182325
v -1.486793 0.345078 0.925535
v -0.998346 0.345078 0.766826
v -0.696466 0.345080 1.182325
v -0.998346 0.345078 1.597824
v -1.486793 0.345078 1.439115
v -1.268349 0.781966 0.766826
v -0.779902 0.781966 0.925535
v -0.779902 0.781966 1.439115
v -1.268349 0.781966 1.597824
v -1.570229 0.781964 1.182325
v -1.133347 1.051971 1.182325
v -1.053996 0.148021 0.938103
v -1.341096 0.148021 1.031389
v -1.261745 0.306726 0.787164
v -1.548845 0.306727 1.182325
v -1.341096 0.148021 1.333261
v -0.876555 0.148022 1.182325
v -0.797202 0.306727 0.938102
v -1.053996 0.148021 1.426547
v -0.797202 0.306727 1.426548
v -1.261745 0.306726 1.577486
v -1.597891 0.563522 1.031388
v -1.597891 0.563522 1.333262
v -1.133347 0.563522 0.693876
v -1.420451 0.563522 0.787162
v -0.668804 0.563522 1.031388
v -0.846244 0.563522 0.787162
v -0.846244 0.563522 1.577489
v -0.668804 0.563522 1.333262
v -1.420451 0.563522 1.577489
v -1.133347 0.563522 1.670774
v -1.469493 0.820318 0.938102
v -1.004949 0.820318 0.787164
v -0.717849 0.820318 1.182325
v -1.004949 0.820318 1.577486
v -1.469493 0.820318 1.426548
v -1.212699 0.979024 0.938103
v -1.390139 0.979022 1.182325
v -0.925599 0.979024 1.031389
v -0.925599 0.979024 1.333261
v -1.212699 0.979024 1.426547
v -0.374620 0.052117 1.454682
v -0.728066 0.322123 1.197892
v -0.239619 0.322122 1.039183
v 0.062261 0.322124 1.454682
v -0.239619 0.322122 1.870181
v -0.728066 0.322123 1.711472
v -0.509622 0.759011 1.039183
v -0.021175 0.759010 1.197892
v -0.021175 0.759010 1.711472
v -0.509622 0.759011 1.870181
v -0.811502 0.759009 1.454682
v -0.374620 1.029016 1.454682
v -0.295269 0.125065 1.210460
v -0.582369 0.125065 1.303746
v -0.503018 0.283770 1.059521
v -0.790118 0.283771 1.454682
v -0.582369 0.125065 1.605619
v -0.117828 0.125066 1.454682
v -0.038475 0.283771 1.210459
v -0.295269 0.125065 1.698905
v -0.038475 0.283771 1.698905
v -0.503018 0.283770 1.849843
v -0.839164 0.540567 1.303745
v -0.839164 0.540567 1.605619
v -0.374620 0.540567 0.966233
v -0.661724 0.540567 1.059519
v 0.089923 0.540567 1.303745
v -0.087517 0.540567 1.059519
v -0.087517 0.540567 1.849846
v 0.089923 0.540567 1.605619
v -0.661724 0.540567 1.849846
v -0.374620 0.540567 1.943131
v -0.710766 0.797362 1.210459
v -0.246222 0.797363 1.059521
v 0.040878 0.797362 1.454682
v -0.246222 0.797363 1.849843
v -0.710766 0.797362 1.698905
v -0.453972 0.956068 1.210460
v -0.631413 0.956066 1.454682
v -0.166872 0.956068 1.303746
v -0.166872 0.956068 1.605619
v -0.453972 0.956068 1.698905
v 0.104960 1.607801 1.385583
v 0.189782 2.034784 1.134249
v 0.400412 1.605617 0.978912
v 0.530593 1.340375 1.385583
v 0.400412 1.605617 1.792254
v 0.189782 2.034784 1.636917
v 0.667846 2.031249 0.978912
v 0.878477 1.602082 1.134249
v 0.878477 1.602082 1.636917
v 0.667846 2.031249 1.792254
v 0.537666 2.296491 1.385583
v 0.963298 2.029065 1.385583
v 0.203273 1.569537 1.146550
v 0.079468 1.821793 1.237854
v 0.253130 1.820511 0.998818
v 0.129326 2.072768 1.385583
v 0.079468 1.821793 1.533313
v 0.279791 1.413631 1.385583
v 0.453454 1.412346 1.146549
v 0.203273 1.569537 1.624617
v 0.453454 1.412346 1.624617
v 0.253130 1.820511 1.772348
v 0.333806 2.226598 1.237853
v 0.333806 2.226598 1.533313
v 0.534129 1.818433 0.907512
v 0.410323 2.070692 0.998816
v 0.734452 1.410268 1.237853
v 0.657936 1.566173 0.998816
v 0.657936 1.566173 1.772351
v 0.734452 1.410268 1.533313
v 0.410323 2.070692 1.772351
v 0.534129 1.818433 1.863654
v 0.614804 2.224519 1.146549
v 0.815128 1.816355 0.998818
v 0.938933 1.564098 1.385583
v 0.815128 1.816355 1.772348
v 0.614804 2.224519 1.624617
v 0.864986 2.067329 1.146550
v 0.788467 2.223234 1.385583
v 0.988790 1.815072 1.237854
v 0.988790 1.815072 1.533313
v 0.864986 2.067329 1.624617
v 0.423659 0.989096 1.335232
v 0.508480 1.416079 1.083898
v 0.719111 0.986912 0.928561
v 0.849292 0.721670 1.335232
v 0.719111 0.986912 1.741902
v 0.508480 1.416079 1.586566
v 0.986545 1.412544 0.928561
v 1.197176 0.983376 1.083898
v 1.197176 0.983376 1.586566
v 0.986545 1.412544 1.741902
v 0.856365 1.677786 1.335232
v 1.281997 1.410359 1.335232
v 0.521972 0.950832 1.096198
v 0.398167 1.203088 1.187502
v 0.571829 1.201806 0.948467
v 0.448025 1.454063 1.335232
v 0.398167 1.203088 1.482961
v 0.598490 0.794926 1.335232
v 0.772153 0.793641 1.096198
v 0.521972 0.950832 1.574265
v 0.772153 0.793641 1.574266
v 0.571829 1.201806 1.721997
v 0.652505 1.607892 1.187502
v 0.652505 1.607892 1.482962
v 0.852828 1.199728 0.857161
v 0.729022 1.451987 0.948464
v 1.053151 0.791563 1.187502
v 0.976635 0.947468 0.948464
v 0.976635 0.947468 1.721999
v 1.053151 0.791563 1.482962
v 0.729022 1.451987 1.721999
v 0.852828 1.199728 1.813303
v 0.933503 1.605814 1.096198
v 1.133827 1.197649 0.948467
v 1.257631 0.945392 1.335232
v 1.133827 1.197649 1.721997
v 0.933503 1.605814 1.574266
v 1.183684 1.448623 1.096198
v 1.107166 1.604529 1.335232
v 1.307489 1.196367 1.187502
v 1.307489 1.196367 1.482961
v 1.183684 1.448623 1.574265
v 0.084013 0.731157 1.361983
v -0.261923 0.995426 1.110649
v 0.216146 0.995426 0.955312
v 0.511612 0.995428 1.361983
v 0.216146 0.995426 1.768653
v -0.261923 0.995426 1.613317
v -0.048120 1.423031 0.955312
v 0.429948 1.423031 1.110649
v 0.429948 1.423031 1.613317
v -0.048120 1.423031 1.768653
v -0.343587 1.423029 1.361983
v 0.084013 1.687299 1.361983
v 0.161678 0.802555 1.122949
v -0.119322 0.802555 1.214253
v -0.041657 0.957888 0.975218
v -0.322657 0.957889 1.361983
v -0.119322 0.802555 1.509712
v 0.335349 0.802556 1.361983
v 0.413016 0.957889 1.122949
v 0.161678 0.802555 1.601016
v 0.413016 0.957889 1.601017
v -0.041657 0.957888 1.748748
v -0.370661 1.209228 1.214253
v -0.370661 1.209228 1.509713
v 0.084013 1.209228 0.883912
v -0.196991 1.209228 0.975215
v 0.538686 1.209228 1.214253
v 0.365016 1.209228 0.975215
v 0.365016 1.209228 1.748750
v 0.538686 1.209228 1.509713
v -0.196991 1.209228 1.748750
v 0.084013 1.209228 1.840054
v -0.244991 1.460568 1.122949
v 0.209683 1.460568 0.975218
v 0.490683 1.460567 1.361983
v 0.209683 1.460568 1.748748
v -0.244991 1.460568 1.601017
v 0.006347 1.615902 1.122949
v -0.167324 1.615900 1.361983
v 0.287347 1.615902 1.214253
v 0.287347 1.615902 1.509712
v 0.006347 1.615902 1.601016
v -0.220007 1.192223 1.408847
v -0.565943 1.456491 1.157513
v -0.087874 1.456491 1.002176
v 0.207592 1.456493 1.408847
v -0.087874 1.456491 1.815518
v -0.565943 1.456491 1.660181
v -0.352140 1.884097 1.002176
v 0.125929 1.884097 1.157513
v 0.125929 1.884097 1.660181
v -0.352140 1.884097 1.815518
v -0.647606 1.884095 1.408847
v -0.220007 2.148365 1.408847
v -0.142342 1.263621 1.169814
v -0.423342 1.263621 1.261117
v -0.345677 1.418954 1.022082
v -0.626677 1.418955 1.408847
v -0.423342 1.263621 1.556576
v 0.031329 1.263622 1.408847
v 0.108996 1.418955 1.169813
v -0.142342 1.263621 1.647880
v 0.108996 1.418955 1.647881
v -0.345677 1.418954 1.795612
v -0.674680 1.670294 1.261117
v -0.674680 1.670294 1.556577
v -0.220007 1.670294 0.930776
v -0.501010 1.670294 1.022079
v 0.234666 1.670294 1.261117
v 0.060996 1.670294 1.022079
v 0.060996 1.670294 1.795614
v 0.234666 1.670294 1.556577
v -0.501010 1.670294 1.795614
v -0.220007 1.670294 1.886918
v -0.549011 1.921633 1.169813
v -0.094337 1.921634 1.022082
v 0.186663 1.921633 1.408847
v -0.094337 1.921634 1.795612
v -0.549011 1.921633 1.647881
v -0.297672 2.076967 1.169814
v -0.471343 2.076966 1.408847
v -0.016673 2.076967 1.261117
v -0.016673 2.076967 1.556576
v -0.297672 2.076967 1.647880
v -0.611820 0.717652 1.169062
v -0.957755 0.981920 0.917728
v -0.479687 0.981920 0.762392
v -0.184220 0.981922 1.169062
v -0.479687 0.981920 1.575733
v -0.957755 0.981920 1.420396
v -0.743953 1.409526 0.762392
v -0.265884 1.409526 0.917728
v -0.265884 1.409526 1.420396
v -0.743953 1.409526 1.575733
v -1.039419 1.409524 1.169062
v -0.611820 1.673794 1.169062
v -0.534154 0.789050 0.930029
v -0.815154 0.789050 1.021333
v -0.737490 0.944383 0.782297
v -1.018490 0.944384 1.169062
v -0.815154 0.789050 1.316792
v -0.360483 0.789051 1.169062
v -0.282816 0.944384 0.930028
v -0.534154 0.789050 1.408096
v -0.282816 0.944384 1.408096
v -0.737490 0.944383 1.555827
v -1.066493 1.195723 1.021332
v -1.066493 1.195723 1.316792
v -0.611820 1.195723 0.690991
v -0.892823 1.195723 0.782295
v -0.157146 1.195723 1.021332
v -0.330816 1.195723 0.782295
v -0.330816 1.195723 1.555830
v -0.157146 1.195723 1.316792
v -0.892823 1.195723 1.555830
v -0.611820 1.195723 1.647133
v -0.940823 1.447062 0.930028
v -0.486150 1.447063 0.782297
v -0.205150 1.447062 1.169062
v -0.486150 1.447063 1.555827
v -0.940823 1.447062 1.408096
v -0.689485 1.602396 0.930029
v -0.863156 1.602395 1.169062
v -0.408485 1.602396 1.021333
v -0.408485 1.602396 1.316792
v -0.689485 1.602396 1.408096
v 0.349530 0.073863 1.500135
v -0.003916 0.343868 1.243345
v 0.484531 0.343868 1.084636
v 0.786411 0.343870 1.500135
v 0.484531 0.343868 1.915633
v -0.003916 0.343868 1.756925
v 0.214528 0.780756 1.084636
v 0.702975 0.780756 1.243345
v 0.702975 0.780756 1.756925
v 0.214528 0.780756 1.915633
v -0.087352 0.780754 1.500135
v 0.349530 1.050761 1.500135
v 0.428881 0.146810 1.255912
v 0.141781 0.146810 1.349198
v 0.221132 0.305516 1.104974
v -0.065968 0.305516 1.500135
v 0.141781 0.146810 1.651071
v 0.606322 0.146812 1.500135
v 0.685675 0.305516 1.255912
v 0.428881 0.146810 1.744357
v 0.685675 0.305516 1.744358
v 0.221132 0.305516 1.895296
v -0.115014 0.562312 1.349198
v -0.115014 0.562312 1.651072
v 0.349530 0.562312 1.011686
v 0.062426 0.562312 1.104971
v 0.814073 0.562312 1.349198
v 0.636633 0.562312 1.104971
v 0.636633 0.562312 1.895298
v 0.814073 0.562312 1.651072
v 0.062426 0.562312 1.895298
v 0.349530 0.562312 1.988584
v 0.013384 0.819107 1.255912
v 0.477928 0.819108 1.104974
v 0.765028 0.819107 1.500135
v 0.477928 0.819108 1.895296
v 0.013384 0.819107 1.744358
v 0.270178 0.977813 1.255912
v 0.092738 0.977812 1.500135
v 0.557278 0.977813 1.349198
v 0.557278 0.977813 1.651071
v 0.270178 0.977813 1.744357
v 1.098855 0.131349 1.243234
v 0.803504 0.356975 1.028651
v 1.211667 0.356975 0.896029
v 1.463929 0.356976 1.243234
v 1.211667 0.356975 1.590439
v 0.803504 0.356975 1.457816
v 0.986044 0.722053 0.896029
v 1.394206 0.722053 1.028651
v 1.394206 0.722053 1.457816
v 0.986044 0.722053 1.590439
v 0.733782 0.722052 1.243234
v 1.098855 0.947679 1.243234
v 1.165164 0.192307 1.039153
v 0.925254 0.192307 1.117106
v 0.991562 0.324926 0.913024
v 0.751651 0.324927 1.243234
v 0.925254 0.192307 1.369361
v 1.313440 0.192308 1.243234
v 1.379750 0.324927 1.039153
v 1.165164 0.192307 1.447314
v 1.379750 0.324927 1.447315
v 0.991562 0.324926 1.573444
v 0.710667 0.539514 1.117106
v 0.710667 0.539514 1.369362
v 1.098855 0.539514 0.835069
v 0.858942 0.539514 0.913022
v 1.487044 0.539514 1.117106
v 1.338769 0.539514 0.913022
v 1.338769 0.539514 1.573446
v 1.487044 0.539514 1.369362
v 0.858942 0.539514 1.573446
v 1.098855 0.539514 1.651398
v 0.817961 0.754101 1.039153
v 1.206149 0.754102 0.913024
v 1.446060 0.754101 1.243234
v 1.206149 0.754102 1.573444
v 0.817961 0.754101 1.447315
v 1.032547 0.886721 1.039153
v 0.884271 0.886720 1.243234
v 1.272457 0.886721 1.117106
v 1.272457 0.886721 1.369361
v 1.032547 0.886721 1.447314
v -0.538408 0.088775 -1.223387
v -0.948017 0.401685 -1.520982
v -0.381954 0.401685 -1.704910
v -0.032104 0.401687 -1.223387
v -0.381954 0.401685 -0.741864
v -0.948017 0.401685 -0.925792
v -0.694862 0.907996 -1.704910
v -0.128799 0.907996 -1.520982
v -0.128799 0.907996 -0.925792
v -0.694862 0.907996 -0.741864
v -1.044712 0.907994 -1.223387
v -0.538408 1.220906 -1.223387
v -0.446448 0.173314 -1.506417
v -0.779168 0.173314 -1.398308
v -0.687209 0.357238 -1.681340
v -1.019930 0.357239 -1.223387
v -0.779168 0.173314 -1.048466
v -0.240811 0.173316 -1.223387
v -0.148848 0.357239 -1.506418
v -0.446448 0.173314 -0.940357
v -0.148848 0.357239 -0.940356
v -0.687209 0.357238 -0.765433
v -1.076769 0.654840 -1.398308
v -1.076769 0.654840 -1.048466
v -0.538408 0.654840 -1.789452
v -0.871133 0.654840 -1.681343
v -0.000047 0.654840 -1.398308
v -0.205683 0.654840 -1.681343
v -0.205683 0.654840 -0.765431
v -0.000047 0.654840 -1.048466
v -0.871133 0.654840 -0.765431
v -0.538408 0.654840 -0.657322
v -0.927968 0.952441 -1.506418
v -0.389607 0.952442 -1.681340
v -0.056886 0.952441 -1.223387
v -0.389607 0.952442 -0.765433
v -0.927968 0.952441 -0.940356
v -0.630369 1.136366 -1.506417
v -0.836005 1.136365 -1.223387
v -0.297648 1.136366 -1.398308
v -0.297648 1.136366 -1.048466
v -0.630369 1.136366 -0.940357
v 0.185876 -0.010020 -1.379186
v -0.237616 0.313496 -1.686867
v 0.347632 0.313496 -1.877029
v 0.709340 0.313498 -1.379186
v 0.347632 0.313496 -0.881342
v -0.237616 0.313496 -1.071504
v 0.024119 0.836968 -1.877029
v 0.609368 0.836968 -1.686867
v 0.609368 0.836968 -1.071504
v 0.024119 0.836968 -0.881342
v -0.337588 0.836965 -1.379186
v 0.185876 1.160483 -1.379186
v 0.280953 0.077385 -1.671808
v -0.063045 0.077385 -1.560035
v 0.032032 0.267543 -1.852661
v -0.311967 0.267544 -1.379186
v -0.063045 0.077385 -1.198336
v 0.493560 0.077387 -1.379186
v 0.588640 0.267544 -1.671809
v 0.280953 0.077385 -1.086563
v 0.588640 0.267544 -1.086562
v 0.032032 0.267543 -0.905710
v -0.370732 0.575232 -1.560036
v -0.370732 0.575232 -1.198336
v 0.185876 0.575232 -1.964437
v -0.158126 0.575232 -1.852664
v 0.742484 0.575232 -1.560036
v 0.529878 0.575232 -1.852664
v 0.529878 0.575232 -0.905707
v 0.742484 0.575232 -1.198336
v -0.158126 0.575232 -0.905707
v 0.185876 0.575232 -0.793934
v -0.216888 0.882920 -1.671809
v 0.339720 0.882920 -1.852661
v 0.683719 0.882919 -1.379186
v 0.339720 0.882920 -0.905710
v -0.216888 0.882920 -1.086562
v 0.090799 1.073078 -1.671808
v -0.121808 1.073077 -1.379186
v 0.434797 1.073078 -1.560035
v 0.434797 1.073078 -1.198336
v 0.090799 1.073078 -1.086563
v 0.874626 0.037186 -0.946626
v 0.522679 0.306046 -1.202327
v 1.009055 0.306046 -1.360363
v 1.309655 0.306048 -0.946626
v 1.009055 0.306046 -0.532889
v 0.522679 0.306046 -0.690925
v 0.740197 0.741081 -1.360363
v 1.226572 0.741081 -1.202327
v 1.226572 0.741081 -0.690925
v 0.740197 0.741081 -0.532889
v 0.439597 0.741079 -0.946626
v 0.874626 1.009941 -0.946626
v 0.953640 0.109824 -1.189812
v 0.667758 0.109824 -1.096922
v 0.746772 0.267856 -1.340111
v 0.460890 0.267857 -0.946626
v 0.667758 0.109824 -0.796330
v 1.130329 0.109825 -0.946626
v 1.209346 0.267857 -1.189813
v 0.953640 0.109824 -0.703439
v 1.209346 0.267857 -0.703439
v 0.746772 0.267856 -0.553141
v 0.412052 0.523563 -1.096923
v 0.412052 0.523563 -0.796329
v 0.874626 0.523563 -1.433003
v 0.588740 0.523563 -1.340114
v 1.337199 0.523563 -1.096923
v 1.160511 0.523563 -1.340114
v 1.160511 0.523563 -0.553138
v 1.337199 0.523563 -0.796329
v 0.588740 0.523563 -0.553138
v 0.874626 0.523563 -0.460248
v 0.539906 0.779270 -1.189813
v 1.002479 0.779271 -1.340111
v 1.288362 0.779270 -0.946626
v 1.002479 0.779271 -0.553141
v 0.539906 0.779270 -0.703439
v 0.795611 0.937303 -1.189812
v 0.618922 0.937301 -0.946626
v 1.081493 0.937303 -1.096922
v 1.081493 0.937303 -0.796330
v 0.795611 0.937303 -0.703439
v -0.374620 0.166391 0.831775
v -0.728066 0.436396 0.574984
v -0.239619 0.436396 0.416276
v 0.062261 0.436398 0.831775
v -0.239619 0.436396 1.247273
v -0.728066 0.436396 1.088565
v -0.509622 0.873284 0.416276
v -0.021175 0.873284 0.574984
v -0.021175 0.873284 1.088565
v -0.509622 0.873284 1.247273
v -0.811502 0.873282 0.831775
v -0.374620 1.143289 0.831775
v -0.295269 0.239339 0.587552
v -0.582369 0.239339 0.680838
v -0.503018 0.398044 0.436614
v -0.790118 0.398045 0.831775
v -0.582369 0.239339 0.982711
v -0.117828 0.239340 0.831775
v -0.038475 0.398045 0.587551
v -0.295269 0.239339 1.075997
v -0.038475 0.398045 1.075998
v -0.503018 0.398044 1.226936
v -0.839164 0.654840 0.680838
v -0.839164 0.654840 0.982711
v -0.374620 0.654840 0.343325
v -0.661724 0.654840 0.436611
v 0.089923 0.654840 0.680838
v -0.087517 0.654840 0.436611
v -0.087517 0.654840 1.226938
v 0.089923 0.654840 0.982711
v -0.661724 0.654840 1.226938
v -0.374620 0.654840 1.320224
v -0.710766 0.911636 0.587551
v -0.246222 0.911636 0.436614
v 0.040878 0.911635 0.831775
v -0.246222 0.911636 1.226936
v -0.710766 0.911636 1.075998
v -0.453972 1.070342 0.587552
v -0.631413 1.070340 0.831775
v -0.166872 1.070341 0.680838
v -0.166872 1.070341 0.982711
v -0.453972 1.070342 1.075997
v -0.374620 0.166391 0.251313
v -0.728066 0.436396 -0.005477
v -0.239619 0.436396 -0.164186
v 0.062261 0.436398 0.251313
v -0.239619 0.436396 0.666812
v -0.728066 0.436396 0.508103
v -0.509622 0.873284 -0.164186
v -0.021175 0.873284 -0.005477
v -0.021175 0.873284 0.508103
v -0.509622 0.873284 0.666812
v -0.811502 0.873282 0.251313
v -0.374620 1.143289 0.251313
v -0.295269 0.239339 0.007091
v -0.582369 0.239339 0.100377
v -0.503018 0.398044 -0.143848
v -0.790118 0.398045 0.251313
v -0.582369 0.239339 0.402249
v -0.117828 0.239340 0.251313
v -0.038475 0.398045 0.007090
v -0.295269 0.239339 0.495535
v -0.038475 0.398045 0.495536
v -0.503018 0.398044 0.646474
v -0.839164 0.654840 0.100376
v -0.839164 0.654840 0.402250
v -0.374620 0.654840 -0.237136
v -0.661724 0.654840 -0.143851
v 0.089923 0.654840 0.100376
v -0.087517 0.654840 -0.143851
v -0.087517 0.654840 0.646476
v 0.089923 0.654840 0.402250
v -0.661724 0.654840 0.646476
v -0.374620 0.654840 0.739762
v -0.710766 0.911636 0.007090
v -0.246222 0.911636 -0.143848
v 0.040878 0.911635 0.251313
v -0.246222 0.911636 0.646474
v -0.710766 0.911636 0.495536
v -0.453972 1.070342 0.007091
v -0.631413 1.070340 0.251313
v -0.166872 1.070341 0.100377
v -0.166872 1.070341 0.402249
v -0.453972 1.070342 0.495535
v 0.365155 0.069095 0.628978
v -0.058337 0.392611 0.321296
v 0.526912 0.392611 0.131134
v 0.888619 0.392613 0.628978
v 0.526912 0.392611 1.126821
v -0.058337 0.392611 0.936659
v 0.203399 0.916083 0.131134
v 0.788647 0.916082 0.321296
v 0.788647 0.916082 0.936659
v 0.203399 0.916083 1.126821
v -0.158309 0.916080 0.628978
v 0.365155 1.239598 0.628978
v 0.460233 0.156500 0.336355
v 0.116235 0.156500 0.448129
v 0.211311 0.346658 0.155503
v -0.132687 0.346659 0.628978
v 0.116235 0.156500 0.809827
v 0.672839 0.156502 0.628978
v 0.767919 0.346659 0.336354
v 0.460233 0.156500 0.921601
v 0.767919 0.346659 0.921602
v 0.211311 0.346658 1.102453
v -0.191453 0.654347 0.448128
v -0.191453 0.654347 0.809828
v 0.365155 0.654347 0.043727
v 0.021153 0.654347 0.155500
v 0.921763 0.654347 0.448128
v 0.709158 0.654347 0.155500
v 0.709158 0.654347 1.102456
v 0.921763 0.654347 0.809828
v 0.021153 0.654347 1.102456
v 0.365155 0.654347 1.214229
v -0.037608 0.962034 0.336354
v 0.519000 0.962035 0.155503
v 0.862998 0.962034 0.628978
v 0.519000 0.962035 1.102453
v -0.037608 0.962034 0.921602
v 0.270078 1.152193 0.336355
v 0.057471 1.152192 0.628978
v 0.614076 1.152193 0.448129
v 0.614076 1.152193 0.809827
v 0.270078 1.152193 0.921601
v 0.038258 0.069095 -0.243529
v -0.385234 0.392611 -0.551210
v 0.200014 0.392611 -0.741372
v 0.561722 0.392613 -0.243529
v 0.200014 0.392611 0.254315
v -0.385234 0.392611 0.064153
v -0.123498 0.916083 -0.741372
v 0.461750 0.916082 -0.551210
v 0.461750 0.916082 0.064153
v -0.123498 0.916083 0.254315
v -0.485206 0.916080 -0.243529
v 0.038258 1.239598 -0.243529
v 0.133335 0.156500 -0.536152
v -0.210663 0.156500 -0.424378
v -0.115586 0.346658 -0.717004
v -0.459585 0.346659 -0.243529
v -0.210663 0.156500 -0.062679
v 0.345942 0.156502 -0.243529
v 0.441022 0.346659 -0.536152
v 0.133335 0.156500 0.049094
v 0.441022 0.346659 0.049095
v -0.115586 0.346658 0.229946
v -0.518350 0.654347 -0.424379
v -0.518350 0.654347 -0.062679
v 0.038258 0.654347 -0.828780
v -0.305744 0.654347 -0.717007
v 0.594866 0.654347 -0.424379
v 0.382260 0.654347 -0.717007
v 0.382260 0.654347 0.229949
v 0.594866 0.654347 -0.062679
v -0.305744 0.654347 0.229949
v 0.038258 0.654347 0.341723
v -0.364506 0.962034 -0.536152
v 0.192102 0.962035 -0.717004
v 0.536101 0.962034 -0.243529
v 0.192102 0.962035 0.229946
v -0.364506 0.962034 0.049095
v -0.056819 1.152193 -0.536152
v -0.269426 1.152192 -0.243529
v 0.287179 1.152193 -0.424378
v 0.287179 1.152193 -0.062679
v -0.056819 1.152193 0.049094
v 1.098855 1.764626 0.676195
v 0.802265 1.991198 0.460713
v 1.212141 1.991198 0.327534
v 1.465460 1.991200 0.676195
v 1.212141 1.991198 1.024857
v 0.802265 1.991198 0.891678
v 0.985570 2.357809 0.327534
v 1.395445 2.357808 0.460713
v 1.395445 2.357808 0.891678
v 0.985570 2.357809 1.024857
v 0.732251 2.357807 0.676195
v 1.098855 2.584380 0.676195
v 1.165442 1.825840 0.471259
v 0.924525 1.825840 0.549539
v 0.991111 1.959015 0.344600
v 0.750194 1.959016 0.676195
v 0.924525 1.825840 0.802852
v 1.314340 1.825841 0.676195
v 1.380929 1.959016 0.471258
v 1.165442 1.825840 0.881132
v 1.380929 1.959016 0.881133
v 0.991111 1.959015 1.007791
v 0.709038 2.174503 0.549538
v 0.709038 2.174503 0.802853
v 1.098855 2.174503 0.266318
v 0.857935 2.174503 0.344598
v 1.488672 2.174503 0.549538
v 1.339775 2.174503 0.344598
v 1.339775 2.174503 1.007793
v 1.488672 2.174503 0.802853
v 0.857935 2.174503 1.007793
v 1.098855 2.174503 1.086073
v 0.816782 2.389991 0.471258
v 1.206599 2.389991 0.344600
v 1.447516 2.389990 0.676195
v 1.206599 2.389991 1.007791
v 0.816782 2.389991 0.881133
v 1.032269 2.523167 0.471259
v 0.883371 2.523166 0.676195
v 1.273185 2.523167 0.549539
v 1.273185 2.523167 0.802852
v 1.032269 2.523167 0.881132
v 1.098855 1.321547 1.036687
v 0.803504 1.547173 0.822104
v 1.211667 1.547173 0.689482
v 1.463929 1.547175 1.036687
v 1.211667 1.547173 1.383892
v 0.803504 1.547173 1.251269
v 0.986044 1.912252 0.689482
v 1.394206 1.912251 0.822104
v 1.394206 1.912251 1.251269
v 0.986044 1.912252 1.383892
v 0.733782 1.912250 1.036687
v 1.098855 2.137877 1.036687
v 1.165164 1.382505 0.832606
v 0.925254 1.382505 0.910559
v 0.991562 1.515125 0.706477
v 0.751651 1.515125 1.036687
v 0.925254 1.382505 1.162814
v 1.313440 1.382506 1.036687
v 1.379750 1.515125 0.832606
v 1.165164 1.382505 1.240767
v 1.379750 1.515125 1.240768
v 0.991562 1.515125 1.366897
v 0.710667 1.729712 0.910559
v 0.710667 1.729712 1.162815
v 1.098855 1.729712 0.628522
v 0.858942 1.729712 0.706475
v 1.487044 1.729712 0.910559
v 1.338769 1.729712 0.706475
v 1.338769 1.729712 1.366899
v 1.487044 1.729712 1.162815
v 0.858942 1.729712 1.366899
v 1.098855 1.729712 1.444852
v 0.817961 1.944299 0.832606
v 1.206149 1.944300 0.706477
v 1.446060 1.944299 1.036687
v 1.206149 1.944300 1.366897
v 0.817961 1.944299 1.240768
v 1.032547 2.076920 0.832606
v 0.884271 2.076918 1.036687
v 1.272457 2.076919 0.910559
v 1.272457 2.076919 1.162814
v 1.032547 2.076920 1.240767
v -0.994341 0.999204 -0.537462
v -1.340277 1.263472 -0.788796
v -0.862208 1.263472 -0.944133
v -0.566742 1.263474 -0.537462
v -0.862208 1.263472 -0.130791
v -1.340277 1.263472 -0.286128
v -1.126475 1.691077 -0.944133
v -0.648406 1.691077 -0.788796
v -0.648406 1.691077 -0.286128
v -1.126475 1.691077 -0.130791
v -1.421941 1.691076 -0.537462
v -0.994341 1.955346 -0.537462
v -0.916676 1.070601 -0.776495
v -1.197676 1.070601 -0.685191
v -1.120011 1.225935 -0.924227
v -1.401012 1.225935 -0.537462
v -1.197676 1.070601 -0.389733
v -0.743005 1.070603 -0.537462
v -0.665338 1.225935 -0.776496
v -0.916676 1.070601 -0.298429
v -0.665338 1.225935 -0.298428
v -1.120011 1.225935 -0.150697
v -1.449015 1.477275 -0.685192
v -1.449015 1.477275 -0.389732
v -0.994341 1.477275 -1.015533
v -1.275345 1.477275 -0.924230
v -0.539668 1.477275 -0.685192
v -0.713338 1.477275 -0.924230
v -0.713338 1.477275 -0.150695
v -0.539668 1.477275 -0.389732
v -1.275345 1.477275 -0.150695
v -0.994341 1.477275 -0.059391
v -1.323345 1.728614 -0.776496
v -0.868672 1.728615 -0.924227
v -0.587671 1.728614 -0.537462
v -0.868672 1.728615 -0.150697
v -1.323345 1.728614 -0.298428
v -1.072007 1.883948 -0.776495
v -1.245678 1.883947 -0.537462
v -0.791007 1.883948 -0.685191
v -0.791007 1.883948 -0.389733
v -1.072007 1.883948 -0.298429
v -1.192042 0.915524 0.317995
v -1.536533 1.178688 0.067711
v -1.060461 1.178688 -0.086977
v -0.766229 1.178690 0.317995
v -1.060461 1.178688 0.722967
v -1.536533 1.178688 0.568279
v -1.323623 1.604507 -0.086977
v -0.847552 1.604507 0.067711
v -0.847552 1.604507 0.568279
v -1.323623 1.604507 0.722967
v -1.617855 1.604505 0.317995
v -1.192042 1.867671 0.317995
v -1.114702 0.986623 0.079960
v -1.394527 0.986623 0.170883
v -1.317187 1.141308 -0.067155
v -1.597014 1.141308 0.317995
v -1.394527 0.986623 0.465107
v -0.941756 0.986624 0.317995
v -0.864413 1.141308 0.079959
v -1.114702 0.986623 0.556029
v -0.864413 1.141308 0.556030
v -1.317187 1.141308 0.703144
v -1.644816 1.391598 0.170882
v -1.644816 1.391598 0.465108
v -1.192042 1.391598 -0.158079
v -1.471872 1.391598 -0.067157
v -0.739269 1.391598 0.170882
v -0.912213 1.391598 -0.067157
v -0.912213 1.391598 0.703146
v -0.739269 1.391598 0.465108
v -1.471872 1.391598 0.703146
v -1.192042 1.391598 0.794069
v -1.519671 1.641887 0.079959
v -1.066897 1.641887 -0.067155
v -0.787071 1.641887 0.317995
v -1.066897 1.641887 0.703144
v -1.519671 1.641887 0.556030
v -1.269383 1.796572 0.079960
v -1.442329 1.796571 0.317995
v -0.989557 1.796572 0.170883
v -0.989557 1.796572 0.465107
v -1.269383 1.796572 0.556029
v -0.940009 1.364129 0.092371
v -1.284500 1.627293 -0.157913
v -0.808428 1.627293 -0.312601
v -0.514197 1.627295 0.092371
v -0.808428 1.627293 0.497343
v -1.284500 1.627293 0.342655
v -1.071591 2.053112 -0.312601
v -0.595519 2.053112 -0.157913
v -0.595519 2.053112 0.342655
v -1.071591 2.053112 0.497343
v -1.365822 2.053110 0.092371
v -0.940009 2.316276 0.092371
v -0.862669 1.435228 -0.145663
v -1.142494 1.435228 -0.054741
v -1.065154 1.589913 -0.292778
v -1.344981 1.589913 0.092371
v -1.142494 1.435228 0.239484
v -0.689723 1.435229 0.092371
v -0.612381 1.589913 -0.145664
v -0.862669 1.435228 0.330406
v -0.612381 1.589913 0.330407
v -1.065154 1.589913 0.477521
v -1.392783 1.840202 -0.054742
v -1.392783 1.840202 0.239484
v -0.940009 1.840202 -0.383703
v -1.219839 1.840202 -0.292780
v -0.487236 1.840202 -0.054742
v -0.660180 1.840202 -0.292780
v -0.660180 1.840202 0.477523
v -0.487236 1.840202 0.239484
v -1.219839 1.840202 0.477523
v -0.940009 1.840202 0.568445
v -1.267638 2.090492 -0.145664
v -0.814865 2.090492 -0.292778
v -0.535038 2.090492 0.092371
v -0.814865 2.090492 0.477521
v -1.267638 2.090492 0.330407
v -1.017350 2.245177 -0.145663
v -1.190296 2.245175 0.092371
v -0.737524 2.245177 -0.054741
v -0.737524 2.245177 0.239484
v -1.017350 2.245177 0.330406
v -0.940009 1.309552 1.032863
v -1.285945 1.573821 0.781529
v -0.807876 1.573821 0.626193
v -0.512410 1.573823 1.032863
v -0.807876 1.573821 1.439534
v -1.285945 1.573821 1.284197
v -1.072143 2.001426 0.626193
v -0.594074 2.001426 0.781529
v -0.594074 2.001426 1.284197
v -1.072143 2.001426 1.439534
v -1.367609 2.001424 1.032863
v -0.940009 2.265695 1.032863
v -0.862344 1.380950 0.793830
v -1.143344 1.380950 0.885134
v -1.065679 1.536284 0.646098
v -1.346680 1.536284 1.032863
v -1.143344 1.380950 1.180593
v -0.688673 1.380952 1.032863
v -0.611006 1.536284 0.793829
v -0.862344 1.380950 1.271897
v -0.611006 1.536284 1.271897
v -1.065679 1.536284 1.419628
v -1.394683 1.787624 0.885133
v -1.394683 1.787624 1.180593
v -0.940009 1.787624 0.554792
v -1.221013 1.787624 0.646096
v -0.485336 1.787624 0.885133
v -0.659006 1.787624 0.646096
v -0.659006 1.787624 1.419631
v -0.485336 1.787624 1.180593
v -1.221013 1.787624 1.419631
v -0.940009 1.787624 1.510934
v -1.269013 2.038963 0.793829
v -0.814340 2.038964 0.646098
v -0.533339 2.038963 1.032863
v -0.814340 2.038964 1.419628
v -1.269013 2.038963 1.271897
v -1.017675 2.194297 0.793830
v -1.191346 2.194295 1.032863
v -0.736675 2.194297 0.885134
v -0.736675 2.194297 1.180593
v -1.017675 2.194297 1.271897
v -0.940009 1.665616 0.707108
v -1.284500 1.928780 0.456824
v -0.808428 1.928780 0.302136
v -0.514197 1.928782 0.707108
v -0.808428 1.928780 1.112080
v -1.284500 1.928780 0.957392
v -1.071591 2.354599 0.302136
v -0.595519 2.354599 0.456824
v -0.595519 2.354599 0.957392
v -1.071591 2.354599 1.112080
v -1.365822 2.354597 0.707108
v -0.940009 2.617764 0.707108
v -0.862669 1.736715 0.469073
v -1.142494 1.736715 0.559996
v -1.065154 1.891400 0.321959
v -1.344981 1.891400 0.707108
v -1.142494 1.736715 0.854220
v -0.689723 1.736717 0.707108
v -0.612381 1.891400 0.469072
v -0.862669 1.736715 0.945143
v -0.612381 1.891400 0.945143
v -1.065154 1.891400 1.092257
v -1.392783 2.141690 0.559995
v -1.392783 2.141690 0.854221
v -0.940009 2.141690 0.231034
v -1.219839 2.141690 0.321956
v -0.487236 2.141690 0.559995
v -0.660180 2.141690 0.321956
v -0.660180 2.141690 1.092260
v -0.487236 2.141690 0.854221
v -1.219839 2.141690 1.092260
v -0.940009 2.141690 1.183182
v -1.267638 2.391979 0.469072
v -0.814865 2.391979 0.321959
v -0.535038 2.391979 0.707108
v -0.814865 2.391979 1.092257
v -1.267638 2.391979 0.945143
v -1.017350 2.546664 0.469073
v -1.190296 2.546663 0.707108
v -0.737524 2.546664 0.559996
v -0.737524 2.546664 0.854220
v -1.017350 2.546664 0.945143
v 1.098855 1.440969 0.164390
v 0.803504 1.666594 -0.050193
v 1.211667 1.666594 -0.182816
v 1.463929 1.666596 0.164390
v 1.211667 1.666594 0.511595
v 0.803504 1.666594 0.378972
v 0.986044 2.031673 -0.182816
v 1.394206 2.031673 -0.050193
v 1.394206 2.031673 0.378972
v 0.986044 2.031673 0.511595
v 0.733782 2.031671 0.164390
v 1.098855 2.257298 0.164390
v 1.165164 1.501926 -0.039691
v 0.925254 1.501926 0.038262
v 0.991562 1.634546 -0.165821
v 0.751651 1.634547 0.164390
v 0.925254 1.501926 0.290517
v 1.313440 1.501927 0.164390
v 1.379750 1.634547 -0.039692
v 1.165164 1.501926 0.368470
v 1.379750 1.634547 0.368471
v 0.991562 1.634546 0.494600
v 0.710667 1.849133 0.038261
v 0.710667 1.849133 0.290518
v 1.098855 1.849133 -0.243775
v 0.858942 1.849133 -0.165823
v 1.487044 1.849133 0.038261
v 1.338769 1.849133 -0.165823
v 1.338769 1.849133 0.494602
v 1.487044 1.849133 0.290518
v 0.858942 1.849133 0.494602
v 1.098855 1.849133 0.572554
v 0.817961 2.063720 -0.039692
v 1.206149 2.063721 -0.165821
v 1.446060 2.063720 0.164390
v 1.206149 2.063721 0.494600
v 0.817961 2.063720 0.368471
v 1.032547 2.196341 -0.039691
v 0.884271 2.196340 0.164390
v 1.272457 2.196341 0.038262
v 1.272457 2.196341 0.290517
v 1.032547 2.196341 0.368470
v 1.333476 1.135696 0.462544
v 1.036886 1.362268 0.247061
v 1.446761 1.362268 0.113882
v 1.700081 1.362269 0.462544
v 1.446761 1.362268 0.811206
v 1.036886 1.362268 0.678027
v 1.220191 1.728878 0.113882
v 1.630066 1.728878 0.247061
v 1.630066 1.728878 0.678027
v 1.220191 1.728878 0.811206
v 0.966871 1.728876 0.462544
v 1.333476 1.955450 0.462544
v 1.400063 1.196909 0.257607
v 1.159146 1.196909 0.335887
v 1.225732 1.330085 0.130949
v 0.984815 1.330086 0.462544
v 1.159146 1.196909 0.589201
v 1.548960 1.196910 0.462544
v 1.615549 1.330086 0.257607
v 1.400063 1.196909 0.667481
v 1.615549 1.330086 0.667481
v 1.225732 1.330085 0.794139
v 0.943659 1.545573 0.335887
v 0.943659 1.545573 0.589201
v 1.333476 1.545573 0.052667
v 1.092556 1.545573 0.130946
v 1.723293 1.545573 0.335887
v 1.574396 1.545573 0.130946
v 1.574396 1.545573 0.794141
v 1.723293 1.545573 0.589201
v 1.092556 1.545573 0.794141
v 1.333476 1.545573 0.872421
v 1.051403 1.761060 0.257607
v 1.441220 1.761061 0.130949
v 1.682137 1.761060 0.462544
v 1.441220 1.761061 0.794139
v 1.051403 1.761060 0.667481
v 1.266889 1.894237 0.257607
v 1.117991 1.894236 0.462544
v 1.507806 1.894237 0.335887
v 1.507806 1.894237 0.589201
v 1.266889 1.894237 0.667481
v 1.098855 1.096825 -0.405542
v 0.754365 1.359990 -0.655826
v 1.230436 1.359989 -0.810514
v 1.524668 1.359991 -0.405542
v 1.230436 1.359989 -0.000570
v 0.754365 1.359990 -0.155258
v 0.967274 1.785809 -0.810514
v 1.443346 1.785809 -0.655826
v 1.443346 1.785809 -0.155258
v 0.967274 1.785809 -0.000570
v 0.673042 1.785807 -0.405542
v 1.098855 2.048973 -0.405542
v 1.176196 1.167925 -0.643577
v 0.896370 1.167925 -0.552654
v 0.973710 1.322609 -0.790691
v 0.693884 1.322610 -0.405542
v 0.896370 1.167925 -0.258430
v 1.349142 1.167926 -0.405542
v 1.426484 1.322610 -0.643578
v 1.176196 1.167925 -0.167507
v 1.426484 1.322610 -0.167507
v 0.973710 1.322609 -0.020393
v 0.646082 1.572899 -0.552655
v 0.646082 1.572899 -0.258429
v 1.098855 1.572899 -0.881616
v 0.819026 1.572899 -0.790694
v 1.551629 1.572899 -0.552655
v 1.378685 1.572899 -0.790694
v 1.378685 1.572899 -0.020390
v 1.551629 1.572899 -0.258429
v 0.819026 1.572899 -0.020390
v 1.098855 1.572899 0.070532
v 0.771226 1.823188 -0.643578
v 1.224000 1.823189 -0.790691
v 1.503827 1.823188 -0.405542
v 1.224000 1.823189 -0.020393
v 0.771226 1.823188 -0.167507
v 1.021515 1.977873 -0.643577
v 0.848569 1.977872 -0.405542
v 1.301340 1.977873 -0.552654
v 1.301340 1.977873 -0.258430
v 1.021515 1.977873 -0.167507
v 0.851177 0.069095 -0.259091
v 0.427685 0.392611 -0.566772
v 1.012933 0.392611 -0.756935
v 1.374641 0.392613 -0.259091
v 1.012933 0.392611 0.238752
v 0.427685 0.392611 0.048590
v 0.689421 0.916083 -0.756935
v 1.274669 0.916082 -0.566772
v 1.274669 0.916082 0.048590
v 0.689421 0.916083 0.238752
v 0.327713 0.916080 -0.259091
v 0.851177 1.239598 -0.259091
v 0.946254 0.156500 -0.551714
v 0.602256 0.156500 -0.439940
v 0.697333 0.346658 -0.732566
v 0.353334 0.346659 -0.259091
v 0.602256 0.156500 -0.078242
v 1.158861 0.156502 -0.259091
v 1.253941 0.346659 -0.551715
v 0.946254 0.156500 0.033532
v 1.253941 0.346659 0.033533
v 0.697333 0.346658 0.214384
v 0.294569 0.654347 -0.439941
v 0.294569 0.654347 -0.078241
v 0.851177 0.654347 -0.844342
v 0.507175 0.654347 -0.732569
v 1.407785 0.654347 -0.439941
v 1.195179 0.654347 -0.732569
v 1.195179 0.654347 0.214387
v 1.407785 0.654347 -0.078241
v 0.507175 0.654347 0.214387
v 0.851177 0.654347 0.326160
v 0.448413 0.962034 -0.551715
v 1.005021 0.962035 -0.732566
v 1.349020 0.962034 -0.259091
v 1.005021 0.962035 0.214384
v 0.448413 0.962034 0.033533
v 0.756100 1.152193 -0.551714
v 0.543493 1.152192 -0.259091
v 1.100098 1.152193 -0.439940
v 1.100098 1.152193 -0.078242
v 0.756100 1.152193 0.033532
v 1.241672 0.069095 0.399208
v 0.818180 0.392611 0.091527
v 1.403428 0.392611 -0.098636
v 1.765136 0.392613 0.399208
v 1.403428 0.392611 0.897052
v 0.818180 0.392611 0.706889
v 1.079916 0.916083 -0.098636
v 1.665164 0.916082 0.091527
v 1.665164 0.916082 0.706889
v 1.079916 0.916083 0.897052
v 0.718208 0.916080 0.399208
v 1.241672 1.239598 0.399208
v 1.336749 0.156500 0.106585
v 0.992751 0.156500 0.218359
v 1.087828 0.346658 -0.074267
v 0.743829 0.346659 0.399208
v 0.992751 0.156500 0.580057
v 1.549356 0.156502 0.399208
v 1.644436 0.346659 0.106584
v 1.336749 0.156500 0.691831
v 1.644436 0.346659 0.691832
v 1.087828 0.346658 0.872683
v 0.685064 0.654347 0.218358
v 0.685064 0.654347 0.580058
v 1.241672 0.654347 -0.186043
v 0.897670 0.654347 -0.074270
v 1.798280 0.654347 0.218358
v 1.585674 0.654347 -0.074270
v 1.585674 0.654347 0.872686
v 1.798280 0.654347 0.580058
v 0.897670 0.654347 0.872686
v 1.241672 0.654347 0.984459
v 0.838908 0.962034 0.106584
v 1.395516 0.962035 -0.074267
v 1.739515 0.962034 0.399208
v 1.395516 0.962035 0.872683
v 0.838908 0.962034 0.691832
v 1.146595 1.152193 0.106585
v 0.933988 1.152192 0.399208
v 1.490593 1.152193 0.218359
v 1.490593 1.152193 0.580057
v 1.146595 1.152193 0.691831
v 1.333668 0.648220 -0.179919
v 0.989177 0.911385 -0.430203
v 1.465249 0.911384 -0.584890
v 1.759481 0.911386 -0.179919
v 1.465249 0.911384 0.225053
v 0.989177 0.911385 0.070366
v 1.202087 1.337204 -0.584890
v 1.678158 1.337204 -0.430203
v 1.678158 1.337204 0.070366
v 1.202087 1.337204 0.225053
v 0.907855 1.337202 -0.179919
v 1.333668 1.600368 -0.179919
v 1.411009 0.719320 -0.417953
v 1.131183 0.719320 -0.327031
v 1.208523 0.874004 -0.565068
v 0.928697 0.874005 -0.179919
v 1.131183 0.719320 -0.032806
v 1.583954 0.719321 -0.179919
v 1.661297 0.874005 -0.417954
v 1.411009 0.719320 0.058116
v 1.661297 0.874005 0.058117
v 1.208523 0.874004 0.205231
v 0.880894 1.124294 -0.327031
v 0.880894 1.124294 -0.032806
v 1.333668 1.124294 -0.655992
v 1.053838 1.124294 -0.565070
v 1.786442 1.124294 -0.327031
v 1.613497 1.124294 -0.565070
v 1.613497 1.124294 0.205233
v 1.786442 1.124294 -0.032806
v 1.053838 1.124294 0.205233
v 1.333668 1.124294 0.296155
v 1.006039 1.374583 -0.417954
v 1.458813 1.374584 -0.565068
v 1.738639 1.374583 -0.179919
v 1.458813 1.374584 0.205231
v 1.006039 1.374583 0.058117
v 1.256327 1.529269 -0.417953
v 1.083382 1.529267 -0.179919
v 1.536153 1.529268 -0.327031
v 1.536153 1.529268 -0.032806
v 1.256327 1.529269 0.058116
v 1.098855 0.593644 0.760574
v 0.752920 0.857913 0.509240
v 1.230989 0.857912 0.353903
v 1.526455 0.857914 0.760574
v 1.230989 0.857912 1.167244
v 0.752920 0.857913 1.011908
v 0.966722 1.285518 0.353903
v 1.444791 1.285518 0.509240
v 1.444791 1.285518 1.011908
v 0.966722 1.285518 1.167244
v 0.671256 1.285516 0.760574
v 1.098855 1.549786 0.760574
v 1.176521 0.665042 0.521540
v 0.895521 0.665042 0.612844
v 0.973185 0.820375 0.373809
v 0.692185 0.820376 0.760574
v 0.895521 0.665042 0.908303
v 1.350192 0.665043 0.760574
v 1.427859 0.820376 0.521540
v 1.176521 0.665042 0.999607
v 1.427859 0.820376 0.999608
v 0.973185 0.820375 1.147339
v 0.644182 1.071715 0.612844
v 0.644182 1.071715 0.908304
v 1.098855 1.071715 0.282503
v 0.817852 1.071715 0.373806
v 1.553529 1.071715 0.612844
v 1.379859 1.071715 0.373806
v 1.379859 1.071715 1.147341
v 1.553529 1.071715 0.908304
v 0.817852 1.071715 1.147341
v 1.098855 1.071715 1.238645
v 0.769852 1.323055 0.521540
v 1.224525 1.323055 0.373809
v 1.505525 1.323054 0.760574
v 1.224525 1.323055 1.147339
v 0.769852 1.323055 0.999608
v 1.021190 1.478388 0.521540
v 0.847519 1.478387 0.760574
v 1.302190 1.478388 0.612844
v 1.302190 1.478388 0.908303
v 1.021190 1.478388 0.999607
v -1.039548 0.593644 0.760574
v -1.385484 0.857913 0.509240
v -0.907415 0.857912 0.353903
v -0.611949 0.857914 0.760574
v -0.907415 0.857912 1.167244
v -1.385484 0.857913 1.011908
v -1.171682 1.285518 0.353903
v -0.693613 1.285518 0.509240
v -0.693613 1.285518 1.011908
v -1.171682 1.285518 1.167244
v -1.467148 1.285516 0.760574
v -1.039548 1.549786 0.760574
v -0.961883 0.665042 0.521540
v -1.242883 0.665042 0.612844
v -1.165218 0.820375 0.373809
v -1.446218 0.820376 0.760574
v -1.242883 0.665042 0.908303
v -0.788212 0.665043 0.760574
v -0.710545 0.820376 0.521540
v -0.961883 0.665042 0.999607
v -0.710545 0.820376 0.999608
v -1.165218 0.820375 1.147339
v -1.494222 1.071715 0.612844
v -1.494222 1.071715 0.908304
v -1.039548 1.071715 0.282503
v -1.320552 1.071715 0.373806
v -0.584875 1.071715 0.612844
v -0.758545 1.071715 0.373806
v -0.758545 1.071715 1.147341
v -0.584875 1.071715 0.908304
v -1.320552 1.071715 1.147341
v -1.039548 1.071715 1.238645
v -1.368552 1.323055 0.521540
v -0.913878 1.323055 0.373809
v -0.632878 1.323054 0.760574
v -0.913878 1.323055 1.147339
v -1.368552 1.323055 0.999608
v -1.117214 1.478388 0.521540
v -1.290885 1.478387 0.760574
v -0.836214 1.478388 0.612844
v -0.836214 1.478388 0.908303
v -1.117214 1.478388 0.999607
v -1.153842 0.648220 -0.179919
v -1.498333 0.911385 -0.430203
v -1.022261 0.911384 -0.584890
v -0.728029 0.911386 -0.179919
v -1.022261 0.911384 0.225053
v -1.498333 0.911385 0.070366
v -1.285423 1.337204 -0.584890
v -0.809352 1.337204 -0.430203
v -0.809352 1.337204 0.070366
v -1.285423 1.337204 0.225053
v -1.579655 1.337202 -0.179919
v -1.153842 1.600368 -0.179919
v -1.076501 0.719320 -0.417953
v -1.356327 0.719320 -0.327031
v -1.278987 0.874004 -0.565068
v -1.558813 0.874005 -0.179919
v -1.356327 0.719320 -0.032806
v -0.903556 0.719321 -0.179919
v -0.826213 0.874005 -0.417954
v -1.076501 0.719320 0.058116
v -0.826213 0.874005 0.058117
v -1.278987 0.874004 0.205231
v -1.606616 1.124294 -0.327031
v -1.606616 1.124294 -0.032806
v -1.153842 1.124294 -0.655992
v -1.433671 1.124294 -0.565070
v -0.701068 1.124294 -0.327031
v -0.874013 1.124294 -0.565070
v -0.874013 1.124294 0.205233
v -0.701068 1.124294 -0.032806
v -1.433671 1.124294 0.205233
v -1.153842 1.124294 0.296155
v -1.481471 1.374583 -0.417954
v -1.028697 1.374584 -0.565068
v -0.748871 1.374583 -0.179919
v -1.028697 1.374584 0.205231
v -1.481471 1.374583 0.058117
v -1.231183 1.529269 -0.417953
v -1.404128 1.529267 -0.179919
v -0.951357 1.529268 -0.327031
v -0.951357 1.529268 -0.032806
v -1.231183 1.529269 0.058116
v -1.268547 0.069095 0.367984
v -1.692039 0.392611 0.060303
v -1.106791 0.392611 -0.129859
v -0.745083 0.392613 0.367984
v -1.106791 0.392611 0.865828
v -1.692039 0.392611 0.675665
v -1.430304 0.916083 -0.129859
v -0.845055 0.916082 0.060303
v -0.845055 0.916082 0.675665
v -1.430304 0.916083 0.865828
v -1.792011 0.916080 0.367984
v -1.268547 1.239598 0.367984
v -1.173470 0.156500 0.075361
v -1.517468 0.156500 0.187135
v -1.422392 0.346658 -0.105491
v -1.766390 0.346659 0.367984
v -1.517468 0.156500 0.548833
v -0.960863 0.156502 0.367984
v -0.865784 0.346659 0.075360
v -1.173470 0.156500 0.660607
v -0.865784 0.346659 0.660608
v -1.422392 0.346658 0.841459
v -1.825155 0.654347 0.187134
v -1.825155 0.654347 0.548834
v -1.268547 0.654347 -0.217267
v -1.612550 0.654347 -0.105494
v -0.711940 0.654347 0.187134
v -0.924545 0.654347 -0.105494
v -0.924545 0.654347 0.841462
v -0.711940 0.654347 0.548834
v -1.612550 0.654347 0.841462
v -1.268547 0.654347 0.953235
v -1.671311 0.962034 0.075360
v -1.114703 0.962035 -0.105491
v -0.770705 0.962034 0.367984
v -1.114703 0.962035 0.841459
v -1.671311 0.962034 0.660608
v -1.363625 1.152193 0.075361
v -1.576231 1.152192 0.367984
v -1.019627 1.152193 0.187135
v -1.019627 1.152193 0.548833
v -1.363625 1.152193 0.660607
v -1.020681 0.069095 -0.461208
v -1.444173 0.392611 -0.768889
v -0.858924 0.392611 -0.959051
v -0.497217 0.392613 -0.461208
v -0.858924 0.392611 0.036636
v -1.444173 0.392611 -0.153526
v -1.182437 0.916083 -0.959051
v -0.597189 0.916082 -0.768889
v -0.597189 0.916082 -0.153526
v -1.182437 0.916083 0.036636
v -1.544145 0.916080 -0.461208
v -1.020681 1.239598 -0.461208
v -0.925603 0.156500 -0.753831
v -1.269601 0.156500 -0.642057
v -1.174525 0.346658 -0.934683
v -1.518523 0.346659 -0.461208
v -1.269601 0.156500 -0.280358
v -0.712997 0.156502 -0.461208
v -0.617917 0.346659 -0.753832
v -0.925603 0.156500 -0.168585
v -0.617917 0.346659 -0.168584
v -1.174525 0.346658 0.012267
v -1.577289 0.654347 -0.642058
v -1.577289 0.654347 -0.280358
v -1.020681 0.654347 -1.046459
v -1.364683 0.654347 -0.934686
v -0.464073 0.654347 -0.642058
v -0.676678 0.654347 -0.934686
v -0.676678 0.654347 0.012270
v -0.464073 0.654347 -0.280358
v -1.364683 0.654347 0.012270
v -1.020681 0.654347 0.124044
v -1.423444 0.962034 -0.753832
v -0.866836 0.962035 -0.934683
v -0.522838 0.962034 -0.461208
v -0.866836 0.962035 0.012267
v -1.423444 0.962034 -0.168584
v -1.115758 1.152193 -0.753831
v -1.328365 1.152192 -0.461208
v -0.771760 1.152193 -0.642057
v -0.771760 1.152193 -0.280358
v -1.115758 1.152193 -0.168585
v 0.499609 0.705824 -0.887899
v 0.147662 0.974684 -1.143600
v 0.634038 0.974684 -1.301636
v 0.934638 0.974686 -0.887899
v 0.634038 0.974684 -0.474163
v 0.147662 0.974684 -0.632198
v 0.365180 1.409719 -1.301636
v 0.851555 1.409719 -1.143600
v 0.851555 1.409719 -0.632198
v 0.365180 1.409719 -0.474163
v 0.064580 1.409717 -0.887899
v 0.499609 1.678579 -0.887899
v 0.578623 0.778462 -1.131086
v 0.292741 0.778462 -1.038196
v 0.371755 0.936494 -1.281385
v 0.085873 0.936495 -0.887899
v 0.292741 0.778462 -0.737603
v 0.755312 0.778463 -0.887899
v 0.834329 0.936495 -1.131087
v 0.578623 0.778462 -0.644713
v 0.834329 0.936495 -0.644712
v 0.371755 0.936494 -0.494414
v 0.037035 1.192201 -1.038196
v 0.037035 1.192201 -0.737603
v 0.499609 1.192201 -1.374277
v 0.213723 1.192201 -1.281387
v 0.962182 1.192201 -1.038196
v 0.785494 1.192201 -1.281387
v 0.785494 1.192201 -0.494412
v 0.962182 1.192201 -0.737603
v 0.213723 1.192201 -0.494412
v 0.499609 1.192201 -0.401522
v 0.164889 1.447908 -1.131087
v 0.627462 1.447909 -1.281385
v 0.913345 1.447908 -0.887899
v 0.627462 1.447909 -0.494414
v 0.164889 1.447908 -0.644712
v 0.420594 1.605941 -1.131086
v 0.243905 1.605940 -0.887899
v 0.706476 1.605941 -1.038196
v 0.706476 1.605941 -0.737603
v 0.420594 1.605941 -0.644713
v -0.189141 0.658619 -0.946298
v -0.612633 0.982134 -1.253980
v -0.027385 0.982134 -1.444142
v 0.334323 0.982136 -0.946298
v -0.027385 0.982134 -0.448455
v -0.612633 0.982134 -0.638617
v -0.350898 1.505606 -1.444142
v 0.234351 1.505606 -1.253980
v 0.234351 1.505606 -0.638617
v -0.350898 1.505606 -0.448455
v -0.712605 1.505603 -0.946298
v -0.189141 1.829121 -0.946298
v -0.094064 0.746023 -1.238921
v -0.438062 0.746023 -1.127148
v -0.342985 0.936181 -1.419774
v -0.686984 0.936182 -0.946298
v -0.438062 0.746023 -0.765449
v 0.118543 0.746025 -0.946298
v 0.213623 0.936182 -1.238922
v -0.094064 0.746023 -0.653676
v 0.213623 0.936182 -0.653675
v -0.342985 0.936181 -0.472823
v -0.745749 1.243870 -1.127148
v -0.745749 1.243870 -0.765448
v -0.189141 1.243870 -1.531550
v -0.533143 1.243870 -1.419776
v 0.367467 1.243870 -1.127148
v 0.154861 1.243870 -1.419776
v 0.154861 1.243870 -0.472820
v 0.367467 1.243870 -0.765448
v -0.533143 1.243870 -0.472820
v -0.189141 1.243870 -0.361047
v -0.591905 1.551558 -1.238922
v -0.035297 1.551558 -1.419774
v 0.308702 1.551557 -0.946298
v -0.035297 1.551558 -0.472823
v -0.591905 1.551558 -0.653675
v -0.284218 1.741716 -1.238921
v -0.496825 1.741715 -0.946298
v 0.059780 1.741716 -1.127148
v 0.059780 1.741716 -0.765449
v -0.284218 1.741716 -0.653676
v -0.208848 0.088775 -0.845977
v -0.618457 0.401685 -1.143572
v -0.052394 0.401685 -1.327500
v 0.297456 0.401687 -0.845977
v -0.052394 0.401685 -0.364454
v -0.618457 0.401685 -0.548382
v -0.365301 0.907996 -1.327500
v 0.200761 0.907996 -1.143572
v 0.200761 0.907996 -0.548382
v -0.365301 0.907996 -0.364454
v -0.715151 0.907994 -0.845977
v -0.208848 1.220906 -0.845977
v -0.116887 0.173314 -1.129007
v -0.449608 0.173314 -1.020898
v -0.357649 0.357238 -1.303931
v -0.690370 0.357239 -0.845977
v -0.449608 0.173314 -0.671056
v 0.088750 0.173316 -0.845977
v 0.180713 0.357239 -1.129008
v -0.116887 0.173314 -0.562947
v 0.180713 0.357239 -0.562946
v -0.357649 0.357238 -0.388024
v -0.747209 0.654840 -1.020898
v -0.747209 0.654840 -0.671056
v -0.208848 0.654840 -1.412042
v -0.541573 0.654840 -1.303934
v 0.329513 0.654840 -1.020898
v 0.123877 0.654840 -1.303934
v 0.123877 0.654840 -0.388021
v 0.329513 0.654840 -0.671056
v -0.541573 0.654840 -0.388021
v -0.208848 0.654840 -0.279912
v -0.598408 0.952441 -1.129008
v -0.060047 0.952442 -1.303931
v 0.272675 0.952441 -0.845977
v -0.060047 0.952442 -0.388024
v -0.598408 0.952441 -0.562946
v -0.300808 1.136366 -1.129007
v -0.506445 1.136365 -0.845977
v 0.031913 1.136366 -1.020898
v 0.031913 1.136366 -0.671056
v -0.300808 1.136366 -0.562947
v 0.389490 0.166391 -0.845977
v 0.036045 0.436396 -1.102767
v 0.524491 0.436396 -1.261476
v 0.826372 0.436398 -0.845977
v 0.524491 0.436396 -0.430478
v 0.036045 0.436396 -0.589187
v 0.254489 0.873284 -1.261476
v 0.742935 0.873284 -1.102767
v 0.742935 0.873284 -0.589187
v 0.254489 0.873284 -0.430478
v -0.047392 0.873282 -0.845977
v 0.389490 1.143289 -0.845977
v 0.468841 0.239339 -1.090199
v 0.181742 0.239339 -0.996913
v 0.261092 0.398044 -1.241138
v -0.026008 0.398045 -0.845977
v 0.181742 0.239339 -0.695041
v 0.646282 0.239340 -0.845977
v 0.725635 0.398045 -1.090200
v 0.468841 0.239339 -0.601755
v 0.725635 0.398045 -0.601754
v 0.261092 0.398044 -0.450816
v -0.075053 0.654840 -0.996914
v -0.075053 0.654840 -0.695040
v 0.389490 0.654840 -1.334426
v 0.102387 0.654840 -1.241141
v 0.854033 0.654840 -0.996914
v 0.676593 0.654840 -1.241141
v 0.676593 0.654840 -0.450814
v 0.854033 0.654840 -0.695040
v 0.102387 0.654840 -0.450814
v 0.389490 0.654840 -0.357528
v 0.053345 0.911636 -1.090200
v 0.517888 0.911636 -1.241138
v 0.804988 0.911635 -0.845977
v 0.517888 0.911636 -0.450816
v 0.053345 0.911636 -0.601754
v 0.310139 1.070342 -1.090199
v 0.132698 1.070340 -0.845977
v 0.597238 1.070341 -0.996913
v 0.597238 1.070341 -0.695041
v 0.310139 1.070342 -0.601755
v 0.831323 0.432939 -0.721896
v 0.384330 0.774407 -1.046652
v 1.002056 0.774407 -1.247367
v 1.383837 0.774410 -0.721896
v 1.002056 0.774407 -0.196426
v 0.384330 0.774407 -0.397141
v 0.660591 1.326928 -1.247367
v 1.278317 1.326928 -1.046652
v 1.278317 1.326928 -0.397141
v 0.660591 1.326928 -0.196426
v 0.278810 1.326926 -0.721896
v 0.831323 1.668397 -0.721896
v 0.931677 0.525194 -1.030758
v 0.568589 0.525194 -0.912782
v 0.668942 0.725904 -1.221646
v 0.305853 0.725905 -0.721896
v 0.568589 0.525194 -0.531011
v 1.156082 0.525195 -0.721896
v 1.256438 0.725905 -1.030759
v 0.931677 0.525194 -0.413035
v 1.256438 0.725905 -0.413034
v 0.668942 0.725904 -0.222146
v 0.243827 1.050668 -0.912782
v 0.243827 1.050668 -0.531010
v 0.831323 1.050668 -1.339625
v 0.468231 1.050668 -1.221650
v 1.418820 1.050668 -0.912782
v 1.194416 1.050668 -1.221650
v 1.194416 1.050668 -0.222143
v 1.418820 1.050668 -0.531010
v 0.468231 1.050668 -0.222143
v 0.831323 1.050668 -0.104167
v 0.406209 1.375430 -1.030759
v 0.993705 1.375431 -1.221646
v 1.356793 1.375430 -0.721896
v 0.993705 1.375431 -0.222146
v 0.406209 1.375430 -0.413034
v 0.730970 1.576142 -1.030758
v 0.506565 1.576140 -0.721896
v 1.094058 1.576142 -0.912782
v 1.094058 1.576142 -0.531011
v 0.730970 1.576142 -0.413035
v -0.665720 0.465416 -0.721896
v -1.089212 0.788932 -1.029578
v -0.503963 0.788932 -1.219740
v -0.142256 0.788934 -0.721896
v -0.503963 0.788932 -0.224053
v -1.089212 0.788932 -0.414215
v -0.827476 1.312404 -1.219740
v -0.242228 1.312403 -1.029578
v -0.242228 1.312403 -0.414215
v -0.827476 1.312404 -0.224053
v -1.189184 1.312401 -0.721896
v -0.665720 1.635919 -0.721896
v -0.570642 0.552821 -1.014519
v -0.914640 0.552821 -0.902746
v -0.819564 0.742979 -1.195372
v -1.163563 0.742980 -0.721896
v -0.914640 0.552821 -0.541047
v -0.358036 0.552823 -0.721896
v -0.262956 0.742980 -1.014520
v -0.570642 0.552821 -0.429274
v -0.262956 0.742980 -0.429273
v -0.819564 0.742979 -0.248421
v -1.222328 1.050668 -0.902746
v -1.222328 1.050668 -0.541046
v -0.665720 1.050668 -1.307148
v -1.009722 1.050668 -1.195374
v -0.109112 1.050668 -0.902746
v -0.321718 1.050668 -1.195374
v -0.321718 1.050668 -0.248418
v -0.109112 1.050668 -0.541046
v -1.009722 1.050668 -0.248418
v -0.665720 1.050668 -0.136645
v -1.068484 1.358355 -1.014520
v -0.511876 1.358356 -1.195372
v -0.167877 1.358355 -0.721896
v -0.511876 1.358356 -0.248421
v -1.068484 1.358355 -0.429273
v -0.760797 1.548514 -1.014519
v -0.973404 1.548513 -0.721896
v -0.416799 1.548514 -0.902746
v -0.416799 1.548514 -0.541047
v -0.760797 1.548514 -0.429274
vn -0.0000 -0.9762 -0.2169
vn -0.4712 0.1631 -0.8668
vn -0.6341 0.1395 -0.7605
vn -0.7727 0.1094 -0.6253
vn -0.8816 0.0741 -0.4662
vn -0.9565 0.0348 -0.2895
vn -0.9948 -0.0069 -0.1019
vn -0.9948 -0.0494 0.0894
vn -0.9565 -0.0911 0.2770
vn -0.8816 -0.1304 0.4537
vn -0.7727 -0.1657 0.6128
vn -0.6341 -0.1958 0.7480
vn -0.4712 -0.2194 0.8543
vn -0.2902 -0.2357 0.9275
vn -0.0980 -0.2440 0.9648
vn -0.2902 0.1794 -0.9400
vn 0.0980 -0.2440 0.9648
vn 0.2902 -0.2357 0.9275
vn 0.4712 -0.2194 0.8543
vn 0.6341 -0.1958 0.7480
vn 0.7727 -0.1657 0.6128
vn 0.8816 -0.1304 0.4537
vn 0.9565 -0.0911 0.2770
vn 0.9948 -0.0494 0.0894
vn 0.9948 -0.0069 -0.1019
vn 0.9565 0.0348 -0.2895
vn 0.8816 0.0741 -0.4662
vn 0.7727 0.1094 -0.6253
vn 0.6341 0.1395 -0.7605
vn 0.4712 0.1631 -0.8668
vn 0.2902 0.1794 -0.9400
vn -0.0000 0.9762 0.2169
vn -0.0980 0.1877 -0.9773
vn -0.0872 -0.2530 -0.9635
vn -0.2583 -0.2604 -0.9303
vn -0.4195 -0.2749 -0.8651
vn -0.5646 -0.2959 -0.7705
vn -0.6879 -0.3227 -0.6501
vn -0.7849 -0.3542 -0.5085
vn -0.8516 -0.3891 -0.3511
vn -0.8857 -0.4263 -0.1841
vn -0.8857 -0.4641 -0.0138
vn -0.8516 -0.5012 0.1533
vn -0.7849 -0.5362 0.3106
vn -0.6879 -0.5677 0.4522
vn -0.5646 -0.5944 0.5726
vn -0.4195 -0.6155 0.6672
vn -0.2583 -0.6299 0.7324
vn -0.0872 -0.6373 0.7656
vn 0.0872 -0.6373 0.7656
vn 0.2583 -0.6299 0.7324
vn 0.4195 -0.6155 0.6672
vn 0.5646 -0.5944 0.5726
vn 0.6879 -0.5677 0.4522
vn 0.7849 -0.5362 0.3106
vn 0.8516 -0.5012 0.1533
vn 0.8857 -0.4641 -0.0138
vn 0.8857 -0.4263 -0.1841
vn 0.8516 -0.3891 -0.3511
vn 0.7849 -0.3542 -0.5085
vn 0.6879 -0.3227 -0.6501
vn 0.5646 -0.2959 -0.7705
vn 0.4195 -0.2749 -0.8651
vn 0.2583 -0.2604 -0.9303
vn 0.0872 -0.2530 -0.9635
vn 0.0980 0.1877 -0.9773
vn -1.0000 -0.0000 -0.0000
vn 1.0000 -0.0000 -0.0000
vn -0.0464 0.7578 0.6508
vn -0.0624 0.6158 0.7855
vn -0.0759 0.4503 0.8897
vn -0.0865 0.2678 0.9596
vn -0.0938 0.0754 0.9927
vn -0.0975 -0.1196 0.9880
vn -0.0097 0.9502 0.3116
vn -0.0286 0.8708 0.4908
vn -0.0846 0.8732 0.4799
vn -0.1374 0.7618 0.6331
vn -0.1847 0.6211 0.7617
vn -0.0286 0.9510 0.3079
vn -0.0464 0.9526 0.3007
vn -0.1374 0.8780 0.4585
vn -0.1850 0.8849 0.4275
vn -0.0625 0.9549 0.2902
vn -0.0761 0.9579 0.2769
vn -0.0869 0.9614 0.2612
vn -0.0942 0.9652 0.2438
vn -0.0980 0.9693 0.2253
vn -0.0980 0.9735 0.2065
vn -0.0942 0.9776 0.1880
vn -0.0869 0.9815 0.1706
vn -0.0761 0.9850 0.1549
vn -0.0625 0.9880 0.1416
vn -0.1850 0.9827 -0.0125
vn -0.0464 0.9903 0.1311
vn -0.1374 0.9896 -0.0435
vn -0.0846 0.9943 -0.0649
vn -0.1374 0.9582 -0.2509
vn -0.1847 0.8852 -0.4270
vn -0.0286 0.9919 0.1239
vn -0.0865 0.6491 -0.7558
vn -0.0938 0.4888 -0.8673
vn -0.0975 0.3101 -0.9457
vn -0.0097 0.9927 0.1202
vn -0.0286 0.9967 -0.0757
vn -0.0464 0.9621 -0.2686
vn -0.0624 0.8905 -0.4507
vn -0.0759 0.7847 -0.6152
vn 0.0286 0.9967 -0.0757
vn 0.0464 0.9621 -0.2686
vn 0.0624 0.8905 -0.4507
vn 0.0759 0.7847 -0.6152
vn 0.0865 0.6491 -0.7558
vn 0.0938 0.4888 -0.8673
vn 0.0976 0.3101 -0.9457
vn 0.0097 0.9927 0.1202
vn 0.0286 0.9919 0.1239
vn 0.0846 0.9943 -0.0649
vn 0.1374 0.9582 -0.2509
vn 0.1847 0.8852 -0.4270
vn 0.0464 0.9903 0.1311
vn 0.1374 0.9896 -0.0435
vn 0.0625 0.9880 0.1416
vn 0.1850 0.9827 -0.0125
vn 0.0761 0.9850 0.1549
vn 0.0869 0.9815 0.1706
vn 0.0942 0.9776 0.1880
vn 0.0980 0.9735 0.2065
vn 0.0980 0.9693 0.2253
vn 0.0942 0.9652 0.2438
vn 0.0869 0.9614 0.2612
vn 0.0761 0.9579 0.2769
vn 0.0625 0.9549 0.2902
vn 0.1849 0.8849 0.4275
vn 0.0464 0.9526 0.3007
vn 0.1374 0.8780 0.4585
vn -0.9306 -0.3572 -0.0794
vn 0.0286 0.9510 0.3079
vn 0.0846 0.8732 0.4799
vn 0.1373 0.7618 0.6331
vn 0.1847 0.6211 0.7617
vn 0.0464 0.7578 0.6508
vn 0.0624 0.6158 0.7855
vn 0.0759 0.4503 0.8897
vn 0.0865 0.2678 0.9596
vn 0.0938 0.0754 0.9927
vn 0.0976 -0.1196 0.9880
vn 0.0097 0.9502 0.3116
vn 0.0286 0.8708 0.4908
vn 0.0980 -0.2533 0.9624
vn -0.0979 -0.2533 0.9624
vn -0.0000 0.1596 -0.9872
vn -0.0979 0.1781 -0.9791
vn 0.9306 -0.3572 -0.0794
vn 0.0980 0.2159 -0.9715
vn -0.0980 0.2159 -0.9715
vn -0.0980 -0.2159 0.9715
vn 0.0980 -0.2159 0.9715
vn 0.0979 0.1781 -0.9791
vn -0.0000 -0.2736 0.9618
vn -0.0000 0.2169 -0.9762
vn -0.0000 -0.2169 0.9762
vn -0.0000 -0.0000 1.0000
vn -0.1292 -0.0399 -0.9908
vn -0.5101 0.0948 -0.8549
vn 0.6859 -0.0610 -0.7252
vn -0.0000 1.0000 -0.0000
vn -0.0000 -1.0000 -0.0000
vn -0.3477 -0.5668 -0.7469
vn -0.3055 -0.1875 -0.9335
vn 0.3477 -0.5668 -0.7469
vn -0.4321 -0.2345 -0.8708
vn -0.6859 -0.0610 -0.7252
vn 0.1775 -0.9837 0.0299
vn 0.3055 -0.1875 -0.9335
vn 0.1292 -0.0399 -0.9908
vn -0.1775 -0.9837 0.0299
vn -0.1627 -0.3285 -0.9304
vn 0.1627 -0.3285 -0.9304
vn -0.3112 -0.8675 0.3881
vn 0.5036 -0.8476 -0.1672
vn 0.3112 -0.8675 0.3881
vn -0.5036 -0.8476 -0.1672
vn 0.8066 0.2922 -0.5139
vn 0.8924 0.0005 -0.4512
vn 0.7420 -0.0486 -0.6686
vn -0.7420 -0.0486 -0.6686
vn -0.3180 -0.4914 -0.8108
vn 0.3180 -0.4914 -0.8108
vn 0.4321 -0.2345 -0.8708
vn 0.5101 0.0948 -0.8549
vn -0.8924 0.0005 -0.4512
vn 0.3236 0.3597 -0.8752
vn -0.8066 0.2922 -0.5139
vn -0.3236 0.3597 -0.8752
vn -0.3785 0.3715 -0.8478
vn -0.4140 -0.0115 -0.9102
vn -0.3530 0.4906 -0.7967
vn -0.4129 0.0407 -0.9099
vn -0.2910 0.6846 -0.6683
vn -0.4109 0.0872 -0.9075
vn -0.1067 0.9557 -0.2742
vn -0.4082 0.1318 -0.9033
vn -0.4045 0.1778 -0.8971
vn -0.3993 0.2289 -0.8878
vn -0.3915 0.2904 -0.8732
vn -0.4539 0.2976 -0.8399
vn -0.4388 0.3811 -0.8138
vn -0.4780 -0.0149 -0.8782
vn -0.4091 0.5028 -0.7614
vn -0.4773 0.0391 -0.8779
vn -0.3367 0.6978 -0.6322
vn -0.4754 0.0873 -0.8754
vn -0.1263 0.9598 -0.2505
vn -0.4726 0.1335 -0.8711
vn -0.4686 0.1812 -0.8646
vn -0.4628 0.2341 -0.8550
vn -0.1398 0.9666 -0.2147
vn -0.5414 0.1356 -0.8298
vn -0.5368 0.1868 -0.8228
vn -0.5300 0.2434 -0.8123
vn -0.5193 0.3112 -0.7959
vn -0.5009 0.3996 -0.7678
vn -0.5463 -0.0238 -0.8372
vn -0.4645 0.5265 -0.7121
vn -0.5461 0.0342 -0.8370
vn -0.3775 0.7228 -0.5789
vn -0.5444 0.0859 -0.8344
vn -0.5672 0.4290 -0.7030
vn -0.5202 0.5634 -0.6418
vn -0.6241 0.0247 -0.7809
vn -0.4122 0.7595 -0.5033
vn -0.6227 0.0825 -0.7781
vn -0.1463 0.9751 -0.1669
vn -0.6193 0.1381 -0.7730
vn -0.6137 0.1951 -0.7650
vn -0.6051 0.2581 -0.7532
vn -0.5912 0.3328 -0.7346
vn -0.7122 0.1405 -0.6878
vn -0.7049 0.2070 -0.6785
vn -0.6930 0.2799 -0.6644
vn -0.6735 0.3652 -0.6426
vn -0.6398 0.4725 -0.6062
vn -0.5752 0.6157 -0.5386
vn -0.7170 0.0082 -0.6970
vn -0.4376 0.8062 -0.3983
vn -0.7161 0.0757 -0.6939
vn -0.1453 0.9835 -0.1080
vn -0.7154 0.5324 -0.4525
vn -0.6227 0.6826 -0.3824
vn -0.8296 -0.0203 -0.5580
vn -0.4469 0.8574 -0.2553
vn -0.8301 0.0622 -0.5541
vn -0.1361 0.9899 -0.0397
vn -0.8253 0.1417 -0.5467
vn -0.8147 0.2228 -0.5354
vn -0.7966 0.3106 -0.5186
vn -0.7666 0.4111 -0.4932
vn -0.9304 0.2384 -0.2784
vn -0.9009 0.3469 -0.2610
vn -0.8523 0.4665 -0.2367
vn -0.7730 0.6016 -0.2015
vn -0.6422 0.7519 -0.1488
vn -0.9492 -0.0689 -0.3070
vn -0.4298 0.9002 -0.0702
vn -0.9531 0.0352 -0.3006
vn -0.1187 0.9923 0.0355
vn -0.9469 0.1361 -0.2912
vn -0.5954 0.7866 0.1637
vn -0.9825 -0.1393 0.1239
vn -0.3761 0.9150 0.1460
vn -0.9904 -0.0143 0.1377
vn -0.0935 0.9891 0.1139
vn -0.9829 0.1082 0.1491
vn -0.9598 0.2318 0.1585
vn -0.9180 0.3602 0.1657
vn -0.8513 0.4963 0.1702
vn -0.7489 0.6404 0.1704
vn -0.7493 0.1717 0.6396
vn -0.7156 0.3008 0.6304
vn -0.6625 0.4393 0.6067
vn -0.5814 0.5887 0.5616
vn -0.4600 0.7442 0.4843
vn -0.7717 -0.1948 0.6054
vn -0.2862 0.8871 0.3621
vn -0.7760 -0.0721 0.6265
vn -0.0617 0.9796 0.1912
vn -0.7687 0.0487 0.6378
vn -0.2796 0.6401 0.7156
vn -0.4453 -0.2059 0.8714
vn -0.1757 0.8220 0.5417
vn -0.4437 -0.1057 0.8899
vn -0.0251 0.9645 0.2630
vn -0.4376 -0.0073 0.8991
vn -0.4270 0.0941 0.8994
vn -0.4102 0.2036 0.8890
vn -0.3846 0.3271 0.8632
vn -0.3443 0.4714 0.8119
vn -0.1693 0.1281 0.9772
vn -0.1579 0.2319 0.9598
vn -0.1409 0.3608 0.9219
vn -0.1130 0.5284 0.8414
vn -0.1918 -0.1982 0.9612
vn -0.0646 0.7412 0.6682
vn -0.1881 -0.1187 0.9749
vn 0.0142 0.9454 0.3257
vn -0.1834 -0.0411 0.9822
vn -0.1773 0.0395 0.9834
vn 0.0352 0.6643 0.7466
vn -0.0156 -0.1238 0.9922
vn 0.0543 0.9246 0.3771
vn -0.0117 -0.0601 0.9981
vn -0.0076 0.0061 1.0000
vn -0.0030 0.0797 0.9968
vn 0.0025 0.1676 0.9859
vn 0.0097 0.2809 0.9597
vn 0.0200 0.4383 0.8986
vn -0.0196 -0.1892 0.9817
vn 0.1189 0.1262 0.9849
vn 0.1219 0.2273 0.9662
vn 0.1239 0.3735 0.9193
vn 0.1025 -0.1826 0.9778
vn 0.1206 0.6014 0.7898
vn 0.1063 -0.1262 0.9863
vn 0.0932 0.9047 0.4157
vn 0.1097 -0.0714 0.9914
vn 0.1128 -0.0144 0.9935
vn 0.1159 0.0493 0.9920
vn 0.1995 -0.1277 0.9715
vn 0.1299 0.8878 0.4415
vn 0.2025 -0.0785 0.9761
vn 0.2051 -0.0272 0.9784
vn 0.2073 0.0302 0.9778
vn 0.2092 0.0999 0.9728
vn 0.2100 0.1927 0.9585
vn 0.2078 0.3299 0.9209
vn 0.1958 -0.1784 0.9643
vn 0.1935 0.5550 0.8090
vn 0.2842 0.0841 0.9551
vn 0.2837 0.1717 0.9434
vn 0.2680 -0.2291 0.9358
vn 0.2787 0.3030 0.9113
vn 0.2727 -0.1764 0.9458
vn 0.2567 0.5249 0.8115
vn 0.2762 -0.1290 0.9524
vn 0.1634 0.8756 0.4545
vn 0.2790 -0.0830 0.9567
vn 0.2813 -0.0351 0.9590
vn 0.2831 0.0187 0.9589
vn 0.1930 0.8691 0.4553
vn 0.3468 -0.0858 0.9340
vn 0.3489 -0.0394 0.9363
vn 0.3503 0.0127 0.9365
vn 0.3508 0.0762 0.9333
vn 0.3492 0.1614 0.9230
vn 0.3357 -0.2273 0.9142
vn 0.3417 0.2899 0.8940
vn 0.3405 -0.1762 0.9236
vn 0.3129 0.5099 0.8013
vn 0.3441 -0.1303 0.9299
vn 0.4110 0.1605 0.8974
vn 0.3993 -0.2289 0.8878
vn 0.4007 0.2891 0.8694
vn 0.4045 -0.1778 0.8971
vn 0.3640 0.5095 0.7797
vn 0.4082 -0.1318 0.9033
vn 0.2183 0.8689 0.4443
vn 0.4109 -0.0872 0.9075
vn 0.4129 -0.0407 0.9099
vn 0.4140 0.0115 0.9102
vn 0.4138 0.0751 0.9072
vn 0.4754 -0.0873 0.8754
vn 0.4773 -0.0391 0.8779
vn 0.4780 0.0149 0.8782
vn 0.4770 0.0808 0.8752
vn 0.4724 0.1688 0.8650
vn 0.4628 -0.2341 0.8550
vn 0.4582 0.3008 0.8364
vn 0.4686 -0.1812 0.8646
vn 0.4114 0.5236 0.7461
vn 0.4726 -0.1335 0.8711
vn 0.2385 0.8748 0.4216
vn 0.5368 0.1878 0.8226
vn 0.5300 -0.2434 0.8123
vn 0.5166 0.3263 0.7916
vn 0.5368 -0.1868 0.8228
vn 0.4555 0.5528 0.6978
vn 0.5414 -0.1356 0.8298
vn 0.2531 0.8865 0.3875
vn 0.5444 -0.0859 0.8344
vn 0.5461 -0.0342 0.8370
vn 0.5463 0.0238 0.8372
vn 0.5440 0.0942 0.8337
vn 0.6241 -0.0247 0.7809
vn 0.6233 0.0399 0.7810
vn 0.6188 0.1179 0.7766
vn 0.6070 0.2205 0.7635
vn 0.6051 -0.2581 0.7532
vn 0.5772 0.3685 0.7287
vn 0.6137 -0.1951 0.7650
vn 0.4952 0.5983 0.6299
vn 0.6193 -0.1380 0.7730
vn 0.2611 0.9027 0.3420
vn 0.6227 -0.0825 0.7781
vn 0.6393 0.4319 0.6362
vn 0.7049 -0.2070 0.6785
vn 0.5272 0.6602 0.5350
vn 0.7122 -0.1405 0.6878
vn 0.2618 0.9219 0.2857
vn 0.7161 -0.0757 0.6939
vn 0.7170 -0.0082 0.6970
vn 0.7142 0.0669 0.6968
vn 0.7054 0.1565 0.6913
vn 0.6735 -0.3652 0.6427
vn 0.6853 0.2719 0.6756
vn 0.6930 -0.2799 0.6644
vn 0.8224 0.1112 0.5580
vn 0.8050 0.2176 0.5519
vn 0.7666 -0.4111 0.4932
vn 0.7693 0.3495 0.5348
vn 0.7966 -0.3106 0.5186
vn 0.6962 0.5202 0.4946
vn 0.8147 -0.2228 0.5354
vn 0.5443 0.7353 0.4038
vn 0.8253 -0.1417 0.5467
vn 0.2542 0.9418 0.2198
vn 0.8301 -0.0622 0.5541
vn 0.8296 0.0203 0.5580
vn 0.9304 -0.2384 0.2784
vn 0.5345 0.8132 0.2301
vn 0.9469 -0.1361 0.2912
vn 0.2381 0.9601 0.1466
vn 0.9531 -0.0352 0.3006
vn 0.9492 0.0689 0.3070
vn 0.9332 0.1815 0.3102
vn 0.8997 0.3085 0.3090
vn 0.8523 -0.4665 0.2367
vn 0.8377 0.4563 0.3001
vn 0.9009 -0.3469 0.2610
vn 0.7266 0.6285 0.2775
vn 0.9566 0.2710 -0.1068
vn 0.9069 0.4126 -0.0854
vn 0.8513 -0.4963 -0.1702
vn 0.8226 0.5657 -0.0580
vn 0.9180 -0.3602 -0.1657
vn 0.6878 0.7255 -0.0228
vn 0.9598 -0.2318 -0.1585
vn 0.4855 0.8740 0.0208
vn 0.9829 -0.1082 -0.1492
vn 0.2136 0.9745 0.0692
vn 0.9904 0.0143 -0.1377
vn 0.9825 0.1393 -0.1239
vn 0.3953 0.8974 -0.1957
vn 0.7687 -0.0487 -0.6378
vn 0.1817 0.9833 -0.0081
vn 0.7760 0.0721 -0.6265
vn 0.7717 0.1948 -0.6054
vn 0.7538 0.3231 -0.5723
vn 0.7175 0.4602 -0.5228
vn 0.6625 -0.4393 -0.6067
vn 0.6546 0.6075 -0.4501
vn 0.7156 -0.3008 -0.6304
vn 0.5520 0.7596 -0.3441
vn 0.7493 -0.1717 -0.6396
vn 0.4310 0.4317 -0.7924
vn 0.3846 -0.3271 -0.8632
vn 0.4079 0.5678 -0.7151
vn 0.4103 -0.2036 -0.8890
vn 0.3629 0.7225 -0.5885
vn 0.4270 -0.0941 -0.8994
vn 0.2798 0.8804 -0.3830
vn 0.4376 0.0073 -0.8991
vn 0.1444 0.9862 -0.0810
vn 0.4436 0.1057 -0.8899
vn 0.4453 0.2059 -0.8714
vn 0.4418 0.3128 -0.8408
vn 0.1834 0.0411 -0.9822
vn 0.1037 0.9839 -0.1459
vn 0.1882 0.1187 -0.9749
vn 0.1919 0.1982 -0.9612
vn 0.1945 0.2845 -0.9387
vn 0.1956 0.3839 -0.9024
vn 0.1579 -0.2319 -0.9598
vn 0.1938 0.5048 -0.8412
vn 0.1693 -0.1281 -0.9772
vn 0.1855 0.6568 -0.7309
vn 0.1773 -0.0395 -0.9834
vn 0.1612 0.8382 -0.5209
vn 0.0289 0.3454 -0.9380
vn -0.0025 -0.1676 -0.9859
vn 0.0351 0.4519 -0.8914
vn 0.0030 -0.0797 -0.9968
vn 0.0433 0.5955 -0.8022
vn 0.0076 -0.0061 -1.0000
vn 0.0538 0.7898 -0.6110
vn 0.0117 0.0601 -0.9981
vn 0.0621 0.9779 -0.1997
vn 0.0156 0.1238 -0.9922
vn 0.0195 0.1892 -0.9817
vn 0.0239 0.2610 -0.9650
vn 0.0215 0.9703 -0.2409
vn -0.1063 0.1262 -0.9863
vn -0.1025 0.1826 -0.9778
vn -0.0979 0.2448 -0.9646
vn -0.0917 0.3189 -0.9433
vn -0.1189 -0.1262 -0.9849
vn -0.0827 0.4144 -0.9063
vn -0.1159 -0.0493 -0.9920
vn -0.0675 0.5487 -0.8333
vn -0.1128 0.0144 -0.9935
vn -0.0382 0.7467 -0.6641
vn -0.1097 0.0714 -0.9914
vn -0.1744 0.3899 -0.9042
vn -0.2073 -0.0302 -0.9778
vn -0.1560 0.5165 -0.8419
vn -0.2051 0.0272 -0.9784
vn -0.1159 0.7138 -0.6907
vn -0.2025 0.0785 -0.9761
vn -0.0167 0.9630 -0.2689
vn -0.1995 0.1277 -0.9715
vn -0.1958 0.1784 -0.9643
vn -0.1911 0.2346 -0.9531
vn -0.1846 0.3019 -0.9353
vn -0.2727 0.1764 -0.9458
vn -0.2680 0.2291 -0.9358
vn -0.2612 0.2923 -0.9200
vn -0.2502 0.3755 -0.8924
vn -0.2831 -0.0187 -0.9589
vn -0.2297 0.4971 -0.8367
vn -0.2813 0.0351 -0.9590
vn -0.1823 0.6925 -0.6980
vn -0.2790 0.0830 -0.9567
vn -0.0513 0.9576 -0.2836
vn -0.2762 0.1290 -0.9524
vn -0.3503 -0.0127 -0.9365
vn -0.2941 0.4887 -0.8214
vn -0.3489 0.0394 -0.9363
vn -0.2400 0.6828 -0.6901
vn -0.3468 0.0858 -0.9340
vn -0.0815 0.9550 -0.2852
vn -0.3441 0.1303 -0.9299
vn -0.3405 0.1762 -0.9236
vn -0.3357 0.2273 -0.9142
vn -0.3285 0.2887 -0.8993
vn -0.3167 0.3697 -0.8735
vn -0.2618 -0.9619 0.0789
vn -0.4009 -0.3631 0.8411
vn -0.4130 0.0202 0.9105
vn -0.3827 -0.4825 0.7878
vn -0.4151 -0.0320 0.9092
vn -0.3326 -0.6776 0.6559
vn -0.4160 -0.0784 0.9060
vn -0.1651 -0.9523 0.2567
vn -0.4160 -0.1231 0.9010
vn -0.4151 -0.1691 0.8939
vn -0.4130 -0.2202 0.8837
vn -0.4090 -0.2818 0.8679
vn -0.4717 -0.2846 0.8346
vn -0.4617 -0.3684 0.8069
vn -0.4767 0.0281 0.8786
vn -0.4395 -0.4907 0.7524
vn -0.4793 -0.0259 0.8773
vn -0.3791 -0.6874 0.6195
vn -0.4804 -0.0740 0.8739
vn -0.1849 -0.9547 0.2331
vn -0.4804 -0.1203 0.8688
vn -0.4793 -0.1680 0.8614
vn -0.4767 -0.2210 0.8508
vn -0.1987 -0.9600 0.1971
vn -0.5491 -0.1174 0.8275
vn -0.5477 -0.1686 0.8195
vn -0.5443 -0.2254 0.8080
vn -0.5377 -0.2934 0.7904
vn -0.5248 -0.3822 0.7606
vn -0.5443 0.0419 0.8378
vn -0.4962 -0.5100 0.7026
vn -0.5477 -0.0160 0.8365
vn -0.4212 -0.7088 0.5658
vn -0.5491 -0.0677 0.8330
vn -0.5928 -0.4063 0.6954
vn -0.5540 -0.5422 0.6317
vn -0.6249 -0.0008 0.7807
vn -0.4581 -0.7419 0.4896
vn -0.6270 -0.0585 0.7768
vn -0.2057 -0.9672 0.1492
vn -0.6270 -0.1140 0.7707
vn -0.6249 -0.1712 0.7617
vn -0.6201 -0.2344 0.7487
vn -0.6109 -0.3094 0.7287
vn -0.7198 -0.1093 0.6855
vn -0.7166 -0.1759 0.6750
vn -0.7091 -0.2491 0.6596
vn -0.6949 -0.3351 0.6362
vn -0.6678 -0.4435 0.5978
vn -0.6120 -0.5891 0.5276
vn -0.7166 0.0229 0.6971
vn -0.4862 -0.7851 0.3837
vn -0.7198 -0.0444 0.6928
vn -0.2051 -0.9746 0.0901
vn -0.7468 -0.4958 0.4431
vn -0.6635 -0.6502 0.3703
vn -0.8271 0.0608 0.5588
vn -0.4986 -0.8330 0.2399
vn -0.8327 -0.0215 0.5533
vn -0.1963 -0.9803 0.0218
vn -0.8327 -0.1009 0.5445
vn -0.8271 -0.1824 0.5317
vn -0.8144 -0.2708 0.5133
vn -0.7906 -0.3725 0.4861
vn -0.9434 -0.1862 0.2745
vn -0.9205 -0.2959 0.2551
vn -0.8793 -0.4178 0.2286
vn -0.8084 -0.5568 0.1909
vn -0.6870 -0.7139 0.1354
vn -0.9434 0.1211 0.3088
vn -0.4840 -0.8734 0.0541
vn -0.9536 0.0176 0.3004
vn -0.1790 -0.9824 -0.0535
vn -0.9536 -0.0833 0.2892
vn -0.6422 -0.7456 -0.1777
vn -0.9720 0.2013 -0.1208
vn -0.4312 -0.8875 -0.1625
vn -0.9876 0.0772 -0.1369
vn -0.1537 -0.9793 -0.1318
vn -0.9876 -0.0452 -0.1505
vn -0.9720 -0.1698 -0.1622
vn -0.9382 -0.3004 -0.1717
vn -0.8800 -0.4402 -0.1787
vn -0.7865 -0.5903 -0.1817
vn -0.7581 -0.1139 -0.6422
vn -0.7323 -0.2449 -0.6354
vn -0.6878 -0.3869 -0.6143
vn -0.6160 -0.5417 -0.5719
vn -0.5043 -0.7058 -0.4975
vn -0.7581 0.2526 -0.6013
vn -0.3397 -0.8612 -0.3781
vn -0.7698 0.1308 -0.6247
vn -0.1213 -0.9704 -0.2090
vn -0.7698 0.0100 -0.6382
vn -0.3177 -0.6087 -0.7270
vn -0.4314 0.2486 -0.8672
vn -0.2253 -0.7997 -0.5565
vn -0.4359 0.1488 -0.8876
vn -0.0838 -0.9562 -0.2805
vn -0.4359 0.0504 -0.8986
vn -0.4314 -0.0514 -0.9007
vn -0.4214 -0.1619 -0.8923
vn -0.4034 -0.2872 -0.8688
vn -0.3720 -0.4346 -0.8202
vn -0.1762 -0.0997 -0.9793
vn -0.1713 -0.2042 -0.9638
vn -0.1622 -0.3347 -0.9283
vn -0.1446 -0.5051 -0.8509
vn -0.1788 0.2271 -0.9573
vn -0.1094 -0.7235 -0.6816
vn -0.1800 0.1478 -0.9725
vn -0.0433 -0.9383 -0.3430
vn -0.1800 0.0701 -0.9812
vn -0.1788 -0.0106 -0.9838
vn -0.0051 -0.6515 -0.7586
vn -0.0074 0.1426 -0.9898
vn -0.0022 -0.9191 -0.3939
vn -0.0074 0.0789 -0.9969
vn -0.0074 0.0126 -0.9999
vn -0.0073 -0.0612 -0.9981
vn -0.0072 -0.1494 -0.9887
vn -0.0069 -0.2634 -0.9647
vn -0.0063 -0.4223 -0.9065
vn -0.0074 0.2079 -0.9781
vn 0.1115 -0.1152 -0.9871
vn 0.1083 -0.2167 -0.9702
vn 0.1014 -0.3636 -0.9260
vn 0.1140 0.1938 -0.9744
vn 0.0841 -0.5931 -0.8007
vn 0.1144 0.1374 -0.9839
vn 0.0380 -0.9010 -0.4322
vn 0.1144 0.0827 -0.9900
vn 0.1140 0.0256 -0.9931
vn 0.1132 -0.0382 -0.9928
vn 0.2074 0.1330 -0.9692
vn 0.0756 -0.8859 -0.4576
vn 0.2074 0.0838 -0.9747
vn 0.2069 0.0325 -0.9778
vn 0.2056 -0.0250 -0.9783
vn 0.2032 -0.0948 -0.9745
vn 0.1984 -0.1876 -0.9620
vn 0.1877 -0.3251 -0.9269
vn 0.2069 0.1837 -0.9610
vn 0.1597 -0.5509 -0.8191
vn 0.2790 -0.0839 -0.9566
vn 0.2732 -0.1715 -0.9466
vn 0.2820 0.2293 -0.9316
vn 0.2601 -0.3028 -0.9169
vn 0.2835 0.1767 -0.9426
vn 0.2246 -0.5247 -0.8211
vn 0.2841 0.1292 -0.9500
vn 0.1098 -0.8755 -0.4705
vn 0.2841 0.0832 -0.9552
vn 0.2835 0.0353 -0.9583
vn 0.2820 -0.0184 -0.9592
vn 0.1398 -0.8709 -0.4712
vn 0.3519 0.0814 -0.9325
vn 0.3512 0.0350 -0.9357
vn 0.3494 -0.0170 -0.9368
vn 0.3460 -0.0805 -0.9348
vn 0.3392 -0.1656 -0.9260
vn 0.3494 0.2230 -0.9100
vn 0.3239 -0.2938 -0.8993
vn 0.3512 0.1719 -0.9204
vn 0.2816 -0.5134 -0.8106
vn 0.3519 0.1260 -0.9275
vn 0.4009 -0.1689 -0.9004
vn 0.4130 0.2202 -0.8837
vn 0.3827 -0.2972 -0.8748
vn 0.4151 0.1691 -0.8939
vn 0.3326 -0.5165 -0.7891
vn 0.4160 0.1231 -0.9010
vn 0.1650 -0.8723 -0.4602
vn 0.4160 0.0784 -0.9060
vn 0.4151 0.0320 -0.9092
vn 0.4130 -0.0202 -0.9105
vn 0.4090 -0.0837 -0.9087
vn 0.4804 0.0740 -0.8739
vn 0.4793 0.0259 -0.8773
vn 0.4767 -0.0281 -0.8786
vn 0.4717 -0.0938 -0.8768
vn 0.4617 -0.1816 -0.8682
vn 0.4767 0.2209 -0.8508
vn 0.4395 -0.3129 -0.8420
vn 0.4793 0.1680 -0.8614
vn 0.3791 -0.5340 -0.7557
vn 0.4804 0.1203 -0.8688
vn 0.1849 -0.8799 -0.4376
vn 0.5248 -0.2052 -0.8261
vn 0.5443 0.2254 -0.8080
vn 0.4962 -0.3427 -0.7977
vn 0.5477 0.1686 -0.8195
vn 0.4212 -0.5668 -0.7080
vn 0.5491 0.1174 -0.8275
vn 0.1987 -0.8930 -0.4037
vn 0.5491 0.0677 -0.8330
vn 0.5477 0.0160 -0.8365
vn 0.5443 -0.0419 -0.8378
vn 0.5377 -0.1120 -0.8356
vn 0.6249 0.0008 -0.7807
vn 0.6201 -0.0637 -0.7819
vn 0.6109 -0.1413 -0.7790
vn 0.5928 -0.2432 -0.7678
vn 0.6201 0.2344 -0.7487
vn 0.5540 -0.3897 -0.7357
vn 0.6249 0.1712 -0.7617
vn 0.4581 -0.6158 -0.6410
vn 0.6270 0.1140 -0.7707
vn 0.2057 -0.9106 -0.3585
vn 0.6270 0.0585 -0.7768
vn 0.6120 -0.4584 -0.6444
vn 0.7166 0.1759 -0.6750
vn 0.4862 -0.6813 -0.5472
vn 0.7198 0.1093 -0.6855
vn 0.2051 -0.9308 -0.3026
vn 0.7198 0.0444 -0.6928
vn 0.7166 -0.0229 -0.6971
vn 0.7091 -0.0977 -0.6983
vn 0.6949 -0.1867 -0.6944
vn 0.6949 0.3350 -0.6363
vn 0.6678 -0.3009 -0.6808
vn 0.7091 0.2491 -0.6596
vn 0.8144 -0.1510 -0.5604
vn 0.7906 -0.2562 -0.5562
vn 0.7906 0.3725 -0.4861
vn 0.7468 -0.3860 -0.5415
vn 0.8144 0.2708 -0.5133
vn 0.6634 -0.5526 -0.5044
vn 0.8271 0.1824 -0.5317
vn 0.4986 -0.7597 -0.4175
vn 0.8327 0.1009 -0.5445
vn 0.1963 -0.9514 -0.2371
vn 0.8327 0.0215 -0.5533
vn 0.8271 -0.0608 -0.5588
vn 0.9434 0.1862 -0.2745
vn 0.4840 -0.8400 -0.2452
vn 0.9536 0.0833 -0.2892
vn 0.1791 -0.9700 -0.1642
vn 0.9536 -0.0176 -0.3004
vn 0.9434 -0.1211 -0.3088
vn 0.9205 -0.2325 -0.3140
vn 0.8793 -0.3572 -0.3150
vn 0.8793 0.4178 -0.2286
vn 0.8084 -0.5011 -0.3089
vn 0.9205 0.2959 -0.2551
vn 0.6871 -0.6665 -0.2893
vn 0.9382 -0.3308 0.1013
vn 0.8800 -0.4687 0.0774
vn 0.8800 0.4402 0.1787
vn 0.7865 -0.6158 0.0472
vn 0.9382 0.3004 0.1717
vn 0.6422 -0.7665 0.0092
vn 0.9721 0.1698 0.1621
vn 0.4312 -0.9015 -0.0370
vn 0.9876 0.0452 0.1506
vn 0.1537 -0.9843 -0.0871
vn 0.9876 -0.0772 0.1369
vn 0.9721 -0.2013 0.1208
vn 0.3397 -0.9233 0.1791
vn 0.7698 -0.0100 0.6382
vn 0.1213 -0.9926 -0.0100
vn 0.7698 -0.1308 0.6247
vn 0.7580 -0.2526 0.6013
vn 0.7323 -0.3789 0.5658
vn 0.6878 -0.5127 0.5139
vn 0.6878 0.3869 0.6142
vn 0.6160 -0.6544 0.4385
vn 0.7323 0.2449 0.6354
vn 0.5044 -0.7980 0.3298
vn 0.7580 0.1139 0.6422
vn 0.4033 -0.4716 0.7842
vn 0.4034 0.2872 0.8688
vn 0.3720 -0.6046 0.7044
vn 0.4214 0.1619 0.8923
vn 0.3177 -0.7539 0.5751
vn 0.4314 0.0514 0.9007
vn 0.2253 -0.9026 0.3667
vn 0.4359 -0.0504 0.8986
vn 0.0838 -0.9945 0.0630
vn 0.4359 -0.1488 0.8876
vn 0.4314 -0.2486 0.8672
vn 0.4214 -0.3545 0.8347
vn 0.1800 -0.0701 0.9812
vn 0.0434 -0.9908 0.1278
vn 0.1800 -0.1478 0.9725
vn 0.1788 -0.2271 0.9573
vn 0.1762 -0.3129 0.9333
vn 0.1713 -0.4115 0.8952
vn 0.1713 0.2042 0.9638
vn 0.1622 -0.5309 0.8318
vn 0.1762 0.0997 0.9793
vn 0.1446 -0.6801 0.7187
vn 0.1788 0.0106 0.9838
vn 0.1094 -0.8559 0.5055
vn 0.0072 -0.3636 0.9315
vn 0.0072 0.1494 0.9887
vn 0.0069 -0.4694 0.8829
vn 0.0073 0.0612 0.9981
vn 0.0064 -0.6116 0.7912
vn 0.0074 -0.0126 0.9999
vn 0.0051 -0.8026 0.5965
vn 0.0074 -0.0789 0.9969
vn 0.0022 -0.9833 0.1818
vn 0.0074 -0.1426 0.9898
vn 0.0074 -0.2079 0.9781
vn 0.0073 -0.2795 0.9601
vn -0.0380 -0.9740 0.2231
vn -0.1144 -0.1374 0.9839
vn -0.1140 -0.1938 0.9744
vn -0.1132 -0.2560 0.9600
vn -0.1115 -0.3298 0.9374
vn -0.1115 0.1153 0.9871
vn -0.1083 -0.4251 0.8987
vn -0.1132 0.0382 0.9928
vn -0.1014 -0.5586 0.8232
vn -0.1140 -0.0256 0.9931
vn -0.0841 -0.7549 0.6504
vn -0.1144 -0.0827 0.9900
vn -0.1984 -0.3949 0.8970
vn -0.2056 0.0250 0.9783
vn -0.1877 -0.5213 0.8325
vn -0.2069 -0.0325 0.9778
vn -0.1597 -0.7179 0.6776
vn -0.2074 -0.0838 0.9747
vn -0.0757 -0.9650 0.2513
vn -0.2074 -0.1330 0.9692
vn -0.2069 -0.1837 0.9610
vn -0.2056 -0.2399 0.9488
vn -0.2032 -0.3071 0.9297
vn -0.2835 -0.1767 0.9426
vn -0.2820 -0.2293 0.9316
vn -0.2790 -0.2926 0.9146
vn -0.2732 -0.3758 0.8855
vn -0.2820 0.0184 0.9592
vn -0.2601 -0.4973 0.8277
vn -0.2835 -0.0353 0.9583
vn -0.2246 -0.6927 0.6854
vn -0.2841 -0.0832 0.9552
vn -0.1098 -0.9577 0.2661
vn -0.2841 -0.1292 0.9500
vn -0.3494 0.0170 0.9368
vn -0.3239 -0.4847 0.8125
vn -0.3512 -0.0350 0.9357
vn -0.2816 -0.6793 0.6776
vn -0.3519 -0.0814 0.9325
vn -0.1398 -0.9533 0.2678
vn -0.3519 -0.1260 0.9275
vn -0.3512 -0.1719 0.9204
vn -0.3494 -0.2230 0.9100
vn -0.3460 -0.2844 0.8941
vn -0.3392 -0.3655 0.8668
vn -0.2025 0.9774 -0.0612
vn -0.0000 0.7580 0.6522
vn 0.4712 0.5968 -0.6494
vn 0.6341 0.5258 -0.5669
vn 0.7727 0.4355 -0.4619
vn 0.8816 0.3292 -0.3384
vn 0.9565 0.2111 -0.2011
vn 0.9948 0.0858 -0.0555
vn 0.9948 -0.0420 0.0931
vn 0.9565 -0.1674 0.2388
vn 0.8816 -0.2855 0.3760
vn 0.7727 -0.3917 0.4995
vn 0.6341 -0.4821 0.6045
vn 0.4712 -0.5531 0.6870
vn 0.2902 -0.6020 0.7439
vn 0.0980 -0.6270 0.7729
vn 0.2902 0.6457 -0.7063
vn -0.0980 -0.6270 0.7729
vn -0.2902 -0.6020 0.7439
vn -0.4712 -0.5531 0.6870
vn -0.6341 -0.4821 0.6045
vn -0.7727 -0.3917 0.4995
vn -0.8816 -0.2855 0.3760
vn -0.9565 -0.1674 0.2388
vn -0.9948 -0.0420 0.0931
vn -0.9948 0.0858 -0.0555
vn -0.9565 0.2111 -0.2011
vn -0.8816 0.3292 -0.3384
vn -0.7727 0.4355 -0.4619
vn -0.6341 0.5258 -0.5669
vn -0.4712 0.5968 -0.6494
vn -0.2902 0.6457 -0.7063
vn -0.0000 -0.7580 -0.6522
vn 0.0980 0.6707 -0.7352
vn 0.0872 0.9234 -0.3739
vn 0.2583 0.9012 -0.3481
vn 0.4195 0.8576 -0.2975
vn 0.5646 0.7944 -0.2240
vn 0.6879 0.7139 -0.1305
vn 0.7849 0.6193 -0.0206
vn 0.8516 0.5142 0.1016
vn 0.8857 0.4026 0.2313
vn 0.8857 0.2888 0.3636
vn 0.8516 0.1772 0.4933
vn 0.7849 0.0721 0.6154
vn 0.6880 -0.0226 0.7254
vn 0.5646 -0.1030 0.8189
vn 0.4195 -0.1662 0.8924
vn 0.2583 -0.2098 0.9430
vn 0.0872 -0.2320 0.9688
vn -0.0872 -0.2320 0.9688
vn -0.2583 -0.2098 0.9430
vn -0.4195 -0.1662 0.8924
vn -0.5646 -0.1030 0.8189
vn -0.6880 -0.0226 0.7254
vn -0.7849 0.0721 0.6155
vn -0.8516 0.1772 0.4933
vn -0.8857 0.2888 0.3636
vn -0.8857 0.4026 0.2313
vn -0.8516 0.5142 0.1016
vn -0.7849 0.6193 -0.0206
vn -0.6879 0.7139 -0.1305
vn -0.5646 0.7944 -0.2240
vn -0.4195 0.8576 -0.2975
vn -0.2583 0.9012 -0.3481
vn -0.0872 0.9234 -0.3739
vn -0.0980 0.6707 -0.7352
vn -0.0000 0.4769 0.8790
vn 0.4712 0.7886 -0.3950
vn 0.6341 0.6929 -0.3431
vn 0.7727 0.5711 -0.2771
vn 0.8816 0.4279 -0.1994
vn 0.9565 0.2688 -0.1130
vn 0.9948 0.0999 -0.0214
vn 0.9948 -0.0724 0.0721
vn 0.9565 -0.2413 0.1637
vn 0.8816 -0.4004 0.2501
vn 0.7727 -0.5436 0.3278
vn 0.6341 -0.6654 0.3938
vn 0.4712 -0.7611 0.4458
vn 0.2902 -0.8270 0.4815
vn 0.0980 -0.8606 0.4997
vn 0.2902 0.8545 -0.4308
vn -0.0980 -0.8606 0.4997
vn -0.2902 -0.8270 0.4815
vn -0.4712 -0.7611 0.4458
vn -0.6341 -0.6654 0.3938
vn -0.7727 -0.5436 0.3278
vn -0.8816 -0.4004 0.2501
vn -0.9565 -0.2413 0.1637
vn -0.9948 -0.0724 0.0721
vn -0.9948 0.0999 -0.0214
vn -0.9565 0.2688 -0.1130
vn -0.8816 0.4279 -0.1994
vn -0.7727 0.5711 -0.2771
vn -0.6341 0.6929 -0.3431
vn -0.4712 0.7886 -0.3950
vn -0.2902 0.8545 -0.4308
vn -0.0000 -0.4769 -0.8790
vn 0.0980 0.8881 -0.4490
vn 0.0872 0.9960 -0.0215
vn 0.2583 0.9660 -0.0053
vn 0.4195 0.9074 0.0265
vn 0.5646 0.8222 0.0728
vn 0.6879 0.7137 0.1316
vn 0.7849 0.5862 0.2008
vn 0.8516 0.4446 0.2776
vn 0.8857 0.2941 0.3592
vn 0.8857 0.1408 0.4424
vn 0.8516 -0.0096 0.5240
vn 0.7849 -0.1513 0.6009
vn 0.6879 -0.2788 0.6701
vn 0.5646 -0.3872 0.7289
vn 0.4195 -0.4724 0.7751
vn 0.2583 -0.5311 0.8070
vn 0.0872 -0.5610 0.8232
vn -0.0872 -0.5610 0.8232
vn -0.2583 -0.5311 0.8070
vn -0.4195 -0.4724 0.7751
vn -0.5646 -0.3872 0.7289
vn -0.6879 -0.2788 0.6701
vn -0.7849 -0.1513 0.6009
vn -0.8516 -0.0096 0.5240
vn -0.8857 0.1408 0.4424
vn -0.8857 0.2942 0.3592
vn -0.8516 0.4445 0.2776
vn -0.7849 0.5862 0.2008
vn -0.6879 0.7137 0.1316
vn -0.5646 0.8222 0.0728
vn -0.4195 0.9074 0.0265
vn -0.2583 0.9660 -0.0053
vn -0.0872 0.9960 -0.0215
vn -0.0980 0.8881 -0.4490
vn -0.0000 0.0363 0.9993
vn 0.4712 0.8820 -0.0032
vn 0.6341 0.7732 0.0008
vn 0.7727 0.6348 0.0058
vn 0.8816 0.4719 0.0117
vn 0.9565 0.2910 0.0183
vn 0.9948 0.0990 0.0253
vn 0.9948 -0.0969 0.0324
vn 0.9565 -0.2889 0.0394
vn 0.8816 -0.4698 0.0459
vn 0.7727 -0.6327 0.0518
vn 0.6341 -0.7711 0.0569
vn 0.4712 -0.8799 0.0608
vn 0.2902 -0.9549 0.0635
vn 0.0980 -0.9931 0.0649
vn 0.2902 0.9570 -0.0059
vn -0.0980 -0.9931 0.0649
vn -0.2902 -0.9549 0.0635
vn -0.4712 -0.8799 0.0608
vn -0.6341 -0.7711 0.0569
vn -0.7727 -0.6327 0.0518
vn -0.8816 -0.4698 0.0459
vn -0.9565 -0.2889 0.0393
vn -0.9948 -0.0969 0.0324
vn -0.9948 0.0990 0.0253
vn -0.9565 0.2910 0.0183
vn -0.8816 0.4719 0.0117
vn -0.7727 0.6348 0.0058
vn -0.6341 0.7732 0.0008
vn -0.4712 0.8820 -0.0032
vn -0.2902 0.9570 -0.0059
vn -0.0000 -0.0363 -0.9993
vn 0.0980 0.9952 -0.0073
vn 0.0872 0.9016 0.4236
vn 0.2583 0.8676 0.4248
vn 0.4195 0.8009 0.4273
vn 0.5646 0.7040 0.4308
vn 0.6880 0.5808 0.4353
vn 0.7849 0.4358 0.4405
vn 0.8516 0.2747 0.4464
vn 0.8857 0.1037 0.4526
vn 0.8857 -0.0706 0.4589
vn 0.8516 -0.2416 0.4651
vn 0.7849 -0.4027 0.4710
vn 0.6880 -0.5477 0.4762
vn 0.5646 -0.6710 0.4807
vn 0.4195 -0.7678 0.4842
vn 0.2584 -0.8345 0.4866
vn 0.0872 -0.8686 0.4879
vn -0.0872 -0.8686 0.4879
vn -0.2583 -0.8345 0.4866
vn -0.4195 -0.7678 0.4842
vn -0.5646 -0.6710 0.4807
vn -0.6879 -0.5477 0.4762
vn -0.7849 -0.4027 0.4710
vn -0.8516 -0.2416 0.4651
vn -0.8857 -0.0706 0.4589
vn -0.8857 0.1037 0.4526
vn -0.8516 0.2747 0.4464
vn -0.7849 0.4358 0.4405
vn -0.6879 0.5808 0.4353
vn -0.5646 0.7040 0.4308
vn -0.4195 0.8009 0.4273
vn -0.2583 0.8676 0.4248
vn -0.0872 0.9016 0.4236
vn -0.0980 0.9952 -0.0073
vn -0.0000 -0.4561 0.8899
vn -0.4712 -0.7977 -0.3764
vn -0.6341 -0.7008 -0.3268
vn -0.7727 -0.5775 -0.2636
vn -0.8816 -0.4325 -0.1893
vn -0.9565 -0.2714 -0.1067
vn -0.9948 -0.1003 -0.0190
vn -0.9948 0.0740 0.0704
vn -0.9565 0.2451 0.1580
vn -0.8816 0.4062 0.2406
vn -0.7727 0.5512 0.3149
vn -0.6341 0.6745 0.3781
vn -0.4712 0.7713 0.4278
vn -0.2901 0.8381 0.4620
vn -0.0980 0.8721 0.4794
vn -0.2902 -0.8644 -0.4106
vn 0.0980 0.8721 0.4794
vn 0.2902 0.8381 0.4620
vn 0.4712 0.7714 0.4278
vn 0.6341 0.6745 0.3781
vn 0.7727 0.5512 0.3149
vn 0.8816 0.4062 0.2406
vn 0.9565 0.2451 0.1580
vn 0.9948 0.0740 0.0704
vn 0.9948 -0.1003 -0.0190
vn 0.9565 -0.2714 -0.1067
vn 0.8816 -0.4325 -0.1893
vn 0.7727 -0.5775 -0.2636
vn 0.6341 -0.7008 -0.3268
vn 0.4712 -0.7977 -0.3764
vn 0.2902 -0.8644 -0.4106
vn -0.0000 0.4561 -0.8899
vn -0.0980 -0.8984 -0.4281
vn -0.0872 -0.9962 0.0019
vn -0.2583 -0.9659 0.0174
vn -0.4195 -0.9065 0.0478
vn -0.5646 -0.8202 0.0920
vn -0.6880 -0.7104 0.1483
vn -0.7849 -0.5814 0.2145
vn -0.8516 -0.4379 0.2880
vn -0.8857 -0.2856 0.3660
vn -0.8857 -0.1304 0.4456
vn -0.8516 0.0219 0.5237
vn -0.7849 0.1653 0.5972
vn -0.6879 0.2944 0.6634
vn -0.5646 0.4042 0.7196
vn -0.4195 0.4905 0.7638
vn -0.2583 0.5499 0.7943
vn -0.0872 0.5802 0.8098
vn 0.0872 0.5802 0.8098
vn 0.2583 0.5499 0.7943
vn 0.4195 0.4905 0.7638
vn 0.5646 0.4042 0.7196
vn 0.6879 0.2944 0.6634
vn 0.7849 0.1653 0.5972
vn 0.8516 0.0219 0.5237
vn 0.8857 -0.1304 0.4456
vn 0.8857 -0.2856 0.3660
vn 0.8516 -0.4379 0.2880
vn 0.7849 -0.5814 0.2145
vn 0.6880 -0.7104 0.1483
vn 0.5646 -0.8202 0.0920
vn 0.4195 -0.9065 0.0478
vn 0.2583 -0.9659 0.0174
vn 0.0872 -0.9962 0.0019
vn 0.0980 -0.8984 -0.4281
vn -0.0000 -0.8043 0.5942
vn -0.4712 -0.5471 -0.6919
vn -0.6341 -0.4824 -0.6043
vn -0.7727 -0.4000 -0.4929
vn -0.8816 -0.3032 -0.3618
vn -0.9565 -0.1956 -0.2162
vn -0.9948 -0.0814 -0.0617
vn -0.9948 0.0350 0.0959
vn -0.9565 0.1492 0.2505
vn -0.8816 0.2568 0.3961
vn -0.7727 0.3536 0.5272
vn -0.6341 0.4360 0.6386
vn -0.4712 0.5007 0.7262
vn -0.2902 0.5452 0.7865
vn -0.0980 0.5679 0.8172
vn -0.2902 -0.5916 -0.7522
vn 0.0980 0.5679 0.8172
vn 0.2902 0.5452 0.7865
vn 0.4712 0.5007 0.7262
vn 0.6341 0.4360 0.6386
vn 0.7727 0.3536 0.5272
vn 0.8816 0.2568 0.3961
vn 0.9565 0.1492 0.2505
vn 0.9948 0.0350 0.0959
vn 0.9948 -0.0814 -0.0617
vn 0.9565 -0.1956 -0.2162
vn 0.8816 -0.3032 -0.3618
vn 0.7727 -0.4000 -0.4929
vn 0.6341 -0.4824 -0.6043
vn 0.4712 -0.5471 -0.6919
vn 0.2902 -0.5916 -0.7522
vn -0.0000 0.8043 -0.5942
vn -0.0980 -0.6143 -0.7829
vn -0.0872 -0.8931 -0.4413
vn -0.2583 -0.8729 -0.4140
vn -0.4195 -0.8332 -0.3603
vn -0.5646 -0.7756 -0.2823
vn -0.6879 -0.7023 -0.1831
vn -0.7849 -0.6161 -0.0664
vn -0.8516 -0.5203 0.0632
vn -0.8857 -0.4186 0.2008
vn -0.8857 -0.3149 0.3412
vn -0.8516 -0.2133 0.4788
vn -0.7849 -0.1175 0.6084
vn -0.6879 -0.0313 0.7251
vn -0.5646 0.0420 0.8243
vn -0.4195 0.0996 0.9023
vn -0.2583 0.1393 0.9560
vn -0.0872 0.1595 0.9833
vn 0.0872 0.1595 0.9833
vn 0.2583 0.1393 0.9560
vn 0.4195 0.0996 0.9023
vn 0.5646 0.0420 0.8243
vn 0.6880 -0.0313 0.7251
vn 0.7849 -0.1175 0.6084
vn 0.8516 -0.2133 0.4788
vn 0.8857 -0.3149 0.3412
vn 0.8857 -0.4186 0.2008
vn 0.8516 -0.5203 0.0632
vn 0.7849 -0.6161 -0.0664
vn 0.6879 -0.7023 -0.1831
vn 0.5646 -0.7756 -0.2823
vn 0.4195 -0.8332 -0.3603
vn 0.2583 -0.8729 -0.4140
vn 0.0872 -0.8931 -0.4413
vn 0.0980 -0.6143 -0.7829
vn -0.0000 -0.9629 0.2698
vn -0.4712 -0.2656 -0.8411
vn -0.6341 -0.2362 -0.7363
vn -0.7727 -0.1988 -0.6028
vn -0.8816 -0.1549 -0.4459
vn -0.9565 -0.1061 -0.2716
vn -0.9948 -0.0542 -0.0866
vn -0.9948 -0.0013 0.1021
vn -0.9565 0.0505 0.2872
vn -0.8816 0.0993 0.4615
vn -0.7727 0.1433 0.6184
vn -0.6341 0.1807 0.7518
vn -0.4712 0.2100 0.8567
vn -0.2902 0.2303 0.9289
vn -0.0980 0.2406 0.9657
vn -0.2902 -0.2858 -0.9133
vn 0.0980 0.2406 0.9657
vn 0.2902 0.2303 0.9289
vn 0.4712 0.2100 0.8566
vn 0.6341 0.1807 0.7518
vn 0.7727 0.1433 0.6184
vn 0.8816 0.0993 0.4615
vn 0.9565 0.0505 0.2872
vn 0.9948 -0.0013 0.1021
vn 0.9948 -0.0542 -0.0866
vn 0.9565 -0.1061 -0.2716
vn 0.8816 -0.1549 -0.4460
vn 0.7727 -0.1988 -0.6028
vn 0.6341 -0.2362 -0.7363
vn 0.4712 -0.2656 -0.8411
vn 0.2902 -0.2858 -0.9133
vn -0.0000 0.9629 -0.2698
vn -0.0980 -0.2961 -0.9501
vn -0.0872 -0.6781 -0.7298
vn -0.2583 -0.6689 -0.6970
vn -0.4195 -0.6509 -0.6327
vn -0.5646 -0.6247 -0.5394
vn -0.6879 -0.5914 -0.4206
vn -0.7849 -0.5523 -0.2809
vn -0.8516 -0.5088 -0.1257
vn -0.8857 -0.4627 0.0390
vn -0.8857 -0.4156 0.2070
vn -0.8516 -0.3694 0.3718
vn -0.7849 -0.3260 0.5270
vn -0.6879 -0.2868 0.6667
vn -0.5646 -0.2535 0.7855
vn -0.4195 -0.2274 0.8788
vn -0.2583 -0.2094 0.9431
vn -0.0872 -0.2002 0.9759
vn 0.0872 -0.2002 0.9759
vn 0.2583 -0.2094 0.9431
vn 0.4195 -0.2274 0.8788
vn 0.5646 -0.2535 0.7855
vn 0.6879 -0.2868 0.6667
vn 0.7849 -0.3260 0.5270
vn 0.8516 -0.3694 0.3718
vn 0.8857 -0.4156 0.2070
vn 0.8857 -0.4627 0.0390
vn 0.8516 -0.5088 -0.1257
vn 0.7849 -0.5523 -0.2809
vn 0.6880 -0.5914 -0.4206
vn 0.5646 -0.6247 -0.5394
vn 0.4195 -0.6509 -0.6327
vn 0.2583 -0.6689 -0.6970
vn 0.0872 -0.6781 -0.7298
vn 0.0980 -0.2961 -0.9501
vn 0.0288 -0.2687 -0.9628
vn 0.0288 -0.4514 -0.8919
vn 0.0288 -0.6167 -0.7867
vn 0.0288 -0.7583 -0.6512
vn 0.0288 -0.8708 -0.4908
vn 0.0288 -0.9498 -0.3115
vn 0.0288 -0.9923 -0.1202
vn 0.0288 -0.9967 0.0757
vn 0.0288 -0.9628 0.2687
vn 0.0288 -0.8919 0.4514
vn 0.0288 -0.7867 0.6167
vn 0.0288 -0.6512 0.7583
vn 0.0288 -0.4908 0.8708
vn 0.0288 -0.3115 0.9498
vn 0.0288 -0.0757 -0.9967
vn 0.0288 -0.1202 0.9923
vn 0.0288 0.0757 0.9967
vn 0.0288 0.2687 0.9628
vn 0.0288 0.4514 0.8919
vn 0.0288 0.6167 0.7867
vn 0.0288 0.7583 0.6512
vn 0.0288 0.8708 0.4908
vn 0.0288 0.9498 0.3115
vn 0.0288 0.9923 0.1202
vn 0.0288 0.9967 -0.0757
vn 0.0288 0.9628 -0.2687
vn 0.0288 0.8919 -0.4514
vn 0.0288 0.7867 -0.6167
vn 0.0288 0.6512 -0.7583
vn 0.0288 0.4908 -0.8708
vn 0.0288 0.1202 -0.9923
vn 0.4560 0.1070 -0.8835
vn 0.4560 -0.0674 -0.8874
vn 0.4560 -0.2393 -0.8572
vn 0.4560 -0.4019 -0.7940
vn 0.4560 -0.5491 -0.7004
vn 0.4560 -0.6752 -0.5798
vn 0.4560 -0.7753 -0.4369
vn 0.4560 -0.8457 -0.2773
vn 0.4560 -0.8835 -0.1070
vn 0.4560 -0.8874 0.0674
vn 0.4560 -0.8572 0.2393
vn 0.4560 -0.7940 0.4019
vn 0.4560 -0.7004 0.5491
vn 0.4560 -0.5798 0.6752
vn 0.4560 -0.4369 0.7753
vn 0.4560 -0.2773 0.8457
vn 0.4560 -0.1070 0.8835
vn 0.4560 0.0674 0.8874
vn 0.4560 0.2393 0.8572
vn 0.4560 0.4019 0.7940
vn 0.4560 0.5491 0.7004
vn 0.4560 0.6752 0.5798
vn 0.4560 0.7753 0.4369
vn 0.4560 0.8457 0.2773
vn 0.4560 0.8835 0.1070
vn 0.4560 0.8874 -0.0674
vn 0.4560 0.8572 -0.2393
vn 0.4560 0.7940 -0.4019
vn 0.4560 0.7004 -0.5491
vn 0.4560 0.5798 -0.6752
vn 0.4560 0.4369 -0.7753
vn 0.4560 0.2773 -0.8457
vn 0.0288 0.3115 -0.9498
vn -0.3827 -0.4826 0.7878
vn -0.4767 -0.2209 0.8508
vn -0.5443 0.0418 0.8379
vn -0.9382 -0.3003 -0.1717
vn -0.0434 -0.9383 -0.3430
vn 0.0756 -0.8859 -0.4577
vn 0.1651 -0.8723 -0.4602
vn 0.4767 0.2210 -0.8508
vn 0.2057 -0.9106 -0.3586
vn 0.6950 0.3350 -0.6362
vn 0.6870 -0.6665 -0.2893
vn 0.1789 -0.2271 0.9573
vn -0.1115 0.1152 0.9871
vn -0.2790 -0.2925 0.9146
vn -0.4705 -0.1305 0.8727
vn -0.6332 -0.1069 0.7666
vn -0.7715 -0.0769 0.6315
vn -0.8802 -0.0416 0.4727
vn -0.9551 -0.0023 0.2963
vn -0.9933 0.0393 0.1089
vn -0.9933 0.0817 -0.0821
vn -0.9551 0.1234 -0.2694
vn -0.8802 0.1626 -0.4458
vn -0.7715 0.1979 -0.6046
vn -0.6332 0.2279 -0.7397
vn -0.4705 0.2515 -0.8458
vn -0.2897 0.2677 -0.9189
vn -0.0978 0.2760 -0.9562
vn -0.2897 -0.1467 0.9458
vn 0.0978 0.2760 -0.9562
vn 0.2897 0.2677 -0.9189
vn 0.4705 0.2515 -0.8458
vn 0.6332 0.2279 -0.7397
vn 0.7715 0.1979 -0.6046
vn 0.8802 0.1626 -0.4458
vn 0.9551 0.1234 -0.2694
vn 0.9933 0.0817 -0.0821
vn 0.9933 0.0393 0.1089
vn 0.9551 -0.0024 0.2963
vn 0.8802 -0.0416 0.4727
vn 0.7715 -0.0769 0.6315
vn 0.6332 -0.1069 0.7666
vn 0.4705 -0.1305 0.8727
vn 0.2897 -0.1467 0.9458
vn -0.0978 -0.1550 0.9831
vn -0.0658 0.5781 0.8133
vn -0.1950 0.5837 0.7882
vn -0.3167 0.5946 0.7390
vn -0.4261 0.6105 0.6676
vn -0.5193 0.6307 0.5767
vn -0.5924 0.6545 0.4698
vn -0.6428 0.6808 0.3511
vn -0.6685 0.7089 0.2250
vn -0.6685 0.7374 0.0964
vn -0.6428 0.7655 -0.0296
vn -0.5924 0.7918 -0.1484
vn -0.5193 0.8156 -0.2553
vn -0.4261 0.8358 -0.3462
vn -0.3167 0.8517 -0.4176
vn -0.1950 0.8626 -0.4668
vn -0.0658 0.8682 -0.4919
vn 0.0658 0.8682 -0.4919
vn 0.1950 0.8626 -0.4668
vn 0.3167 0.8517 -0.4176
vn 0.4261 0.8358 -0.3462
vn 0.5193 0.8156 -0.2553
vn 0.5924 0.7918 -0.1484
vn 0.6428 0.7655 -0.0296
vn 0.6685 0.7374 0.0964
vn 0.6685 0.7089 0.2250
vn 0.6428 0.6808 0.3511
vn 0.5924 0.6545 0.4698
vn 0.5193 0.6307 0.5767
vn 0.4261 0.6105 0.6676
vn 0.3167 0.5946 0.7390
vn 0.1950 0.5837 0.7882
vn 0.0658 0.5781 0.8133
vn 0.0978 -0.1550 0.9831
vn -0.0096 0.9502 0.3116
vn -0.2248 0.4567 0.8607
vn -0.2563 0.2752 0.9266
vn -0.2779 0.0834 0.9570
vn -0.2889 -0.1114 0.9509
vn -0.4162 0.2895 0.8620
vn -0.4513 0.0990 0.8869
vn -0.4691 -0.0952 0.8780
vn -0.2231 0.7695 0.5985
vn -0.2999 0.6314 0.7151
vn -0.3651 0.4693 0.8040
vn -0.3002 0.7806 0.5482
vn -0.4036 0.6464 0.6475
vn -0.4913 0.4876 0.7217
vn -0.5601 0.3104 0.7681
vn -0.6073 0.1216 0.7851
vn -0.6314 -0.0717 0.7722
vn -0.6825 0.3369 0.6486
vn -0.7400 0.1504 0.6556
vn -0.7693 -0.0417 0.6375
vn -0.2254 0.8936 0.3881
vn -0.3658 0.7949 0.4841
vn -0.4918 0.6656 0.5614
vn -0.5987 0.5109 0.6169
vn -0.4173 0.8116 0.4089
vn -0.5611 0.6881 0.4601
vn -0.6831 0.5383 0.4936
vn -0.7786 0.3682 0.5082
vn -0.8443 0.1842 0.5032
vn -0.8777 -0.0066 0.4791
vn -0.2571 0.9040 0.3417
vn -0.9161 0.2218 0.3340
vn -0.9524 0.0326 0.3032
vn -0.2790 0.9154 0.2901
vn -0.4528 0.8302 0.3252
vn -0.6088 0.7131 0.3477
vn -0.7412 0.5687 0.3567
vn -0.8448 0.4028 0.3521
vn -0.4709 0.8499 0.2364
vn -0.6332 0.7396 0.2282
vn -0.7708 0.6010 0.2113
vn -0.8786 0.4397 0.1864
vn -0.9527 0.2618 0.1543
vn -0.9904 0.0741 0.1164
vn -0.2902 0.9276 0.2354
vn -0.9527 0.3025 -0.0289
vn -0.9904 0.1164 -0.0741
vn -0.2902 0.9400 0.1796
vn -0.4709 0.8701 0.1458
vn -0.6332 0.7667 0.1065
vn -0.7708 0.6340 0.0631
vn -0.8786 0.4772 0.0174
vn -0.6088 0.7932 -0.0129
vn -0.7412 0.6663 -0.0822
vn -0.8448 0.5140 -0.1483
vn -0.9161 0.3424 -0.2086
vn -0.9524 0.1579 -0.2609
vn -0.2790 0.9521 0.1249
vn -0.4528 0.8898 0.0570
vn -0.8777 0.1970 -0.4368
vn -0.2571 0.9636 0.0733
vn -0.4173 0.9084 -0.0266
vn -0.5611 0.8182 -0.1254
vn -0.6831 0.6967 -0.2192
vn -0.7786 0.5487 -0.3044
vn -0.8443 0.3800 -0.3778
vn -0.5987 0.7241 -0.3424
vn -0.6825 0.5800 -0.4449
vn -0.7400 0.4139 -0.5302
vn -0.7693 0.2322 -0.5952
vn -0.2254 0.9739 0.0270
vn -0.3658 0.9251 -0.1019
vn -0.4918 0.8407 -0.2266
vn -0.3002 0.9393 -0.1659
vn -0.4036 0.8598 -0.3127
vn -0.4913 0.7474 -0.4472
vn -0.5601 0.6065 -0.5643
vn -0.6073 0.4427 -0.6597
vn -0.6314 0.2621 -0.7298
vn -0.3651 0.7657 -0.5296
vn -0.4162 0.6274 -0.6582
vn -0.4513 0.4653 -0.7615
vn -0.4691 0.2856 -0.8356
vn -0.2231 0.9505 -0.2162
vn -0.2999 0.8749 -0.3804
vn -0.2248 0.7783 -0.5863
vn -0.2563 0.6417 -0.7228
vn -0.2779 0.4809 -0.8316
vn -0.2889 0.3018 -0.9085
vn 0.0975 0.3101 -0.9457
vn 0.2563 0.6417 -0.7228
vn 0.2779 0.4809 -0.8316
vn 0.2889 0.3018 -0.9085
vn 0.2248 0.7783 -0.5863
vn 0.2231 0.9505 -0.2162
vn 0.2999 0.8749 -0.3804
vn 0.3651 0.7657 -0.5296
vn 0.4162 0.6274 -0.6582
vn 0.4513 0.4653 -0.7615
vn 0.4691 0.2856 -0.8356
vn 0.6073 0.4427 -0.6597
vn 0.6314 0.2621 -0.7298
vn 0.3002 0.9393 -0.1659
vn 0.4036 0.8598 -0.3127
vn 0.4913 0.7474 -0.4472
vn 0.5601 0.6065 -0.5643
vn 0.4918 0.8407 -0.2266
vn 0.5987 0.7241 -0.3424
vn 0.6825 0.5800 -0.4449
vn 0.7400 0.4139 -0.5302
vn 0.7693 0.2322 -0.5952
vn 0.2254 0.9739 0.0270
vn 0.3658 0.9251 -0.1019
vn 0.8777 0.1970 -0.4368
vn 0.2571 0.9636 0.0733
vn 0.4173 0.9084 -0.0266
vn 0.5611 0.8182 -0.1254
vn 0.6831 0.6967 -0.2192
vn 0.7786 0.5487 -0.3044
vn 0.8443 0.3800 -0.3778
vn 0.6088 0.7932 -0.0129
vn 0.7412 0.6663 -0.0822
vn 0.8448 0.5140 -0.1483
vn 0.9161 0.3424 -0.2086
vn 0.9524 0.1579 -0.2609
vn 0.2790 0.9521 0.1249
vn 0.4528 0.8898 0.0570
vn 0.9904 0.1164 -0.0741
vn 0.2902 0.9400 0.1796
vn 0.4709 0.8701 0.1458
vn 0.6332 0.7667 0.1065
vn 0.7708 0.6340 0.0631
vn 0.8786 0.4772 0.0174
vn 0.9527 0.3025 -0.0289
vn 0.7708 0.6010 0.2113
vn 0.8786 0.4397 0.1864
vn 0.9527 0.2618 0.1543
vn 0.9904 0.0741 0.1164
vn 0.2902 0.9276 0.2354
vn 0.4709 0.8499 0.2364
vn 0.6332 0.7396 0.2282
vn 0.2790 0.9154 0.2901
vn 0.4528 0.8302 0.3252
vn 0.6088 0.7131 0.3477
vn 0.7412 0.5687 0.3567
vn 0.8448 0.4028 0.3521
vn 0.9161 0.2218 0.3340
vn 0.9524 0.0325 0.3032
vn 0.6831 0.5383 0.4936
vn 0.7786 0.3682 0.5082
vn 0.8443 0.1842 0.5032
vn 0.8777 -0.0066 0.4791
vn 0.2571 0.9040 0.3417
vn 0.4173 0.8116 0.4089
vn 0.5611 0.6881 0.4601
vn 0.2254 0.8936 0.3881
vn 0.3658 0.7949 0.4841
vn 0.4918 0.6656 0.5614
vn 0.5987 0.5109 0.6169
vn 0.6825 0.3369 0.6486
vn 0.7400 0.1504 0.6556
vn 0.7693 -0.0417 0.6375
vn 0.5601 0.3104 0.7681
vn 0.6073 0.1216 0.7851
vn 0.6314 -0.0717 0.7722
vn 0.1850 0.8849 0.4275
vn 0.3002 0.7806 0.5482
vn 0.4036 0.6464 0.6475
vn 0.4913 0.4876 0.7217
vn 0.2231 0.7695 0.5985
vn 0.2999 0.6314 0.7151
vn 0.3651 0.4693 0.8040
vn 0.4162 0.2895 0.8620
vn 0.4513 0.0990 0.8869
vn 0.4691 -0.0952 0.8780
vn 0.2779 0.0834 0.9570
vn 0.2889 -0.1114 0.9509
vn 0.1374 0.7618 0.6331
vn 0.2248 0.4567 0.8607
vn 0.2563 0.2752 0.9266
vn 0.0096 0.9502 0.3116
vn -0.0878 0.2416 0.9664
vn -0.2599 0.2490 0.9330
vn -0.4220 0.2636 0.8674
vn -0.5680 0.2847 0.7722
vn -0.6921 0.3117 0.6511
vn -0.7896 0.3433 0.5086
vn -0.8567 0.3785 0.3503
vn -0.8910 0.4158 0.1823
vn -0.8910 0.4539 0.0110
vn -0.8567 0.4913 -0.1571
vn -0.7896 0.5264 -0.3153
vn -0.6921 0.5581 -0.4578
vn -0.5680 0.5850 -0.5789
vn -0.4220 0.6062 -0.6741
vn -0.2599 0.6207 -0.7397
vn -0.0878 0.6282 -0.7731
vn 0.0878 0.6282 -0.7731
vn 0.2599 0.6207 -0.7397
vn 0.4220 0.6062 -0.6741
vn 0.5680 0.5850 -0.5789
vn 0.6921 0.5581 -0.4578
vn 0.7896 0.5264 -0.3153
vn 0.8567 0.4913 -0.1571
vn 0.8910 0.4539 0.0110
vn 0.8910 0.4158 0.1823
vn 0.8567 0.3785 0.3503
vn 0.7896 0.3433 0.5086
vn 0.6921 0.3117 0.6511
vn 0.5680 0.2847 0.7722
vn 0.4220 0.2636 0.8674
vn 0.2599 0.2490 0.9330
vn 0.0878 0.2416 0.9664
vn 0.0027 -0.0746 -0.9972
vn -0.1716 -0.1430 -0.9747
vn -0.3357 -0.2156 -0.9169
vn -0.4835 -0.2896 -0.8261
vn -0.6091 -0.3621 -0.7056
vn -0.7078 -0.4304 -0.5602
vn -0.7758 -0.4918 -0.3953
vn -0.8105 -0.5439 -0.2175
vn -0.8105 -0.5848 -0.0334
vn -0.7758 -0.6129 0.1498
vn -0.7078 -0.6271 0.3251
vn -0.6091 -0.6269 0.4858
vn -0.4835 -0.6122 0.6256
vn -0.3357 -0.5837 0.7393
vn -0.1716 -0.5424 0.8224
vn 0.0027 -0.4899 0.8718
vn 0.1804 -0.4283 0.8855
vn 0.3546 -0.3598 0.8630
vn 0.5188 -0.2872 0.8052
vn 0.6665 -0.2132 0.7143
vn 0.7922 -0.1407 0.5939
vn 0.8909 -0.0725 0.4484
vn 0.9589 -0.0111 0.2836
vn 0.9935 0.0411 0.1057
vn 0.9935 0.0820 -0.0784
vn 0.9589 0.1101 -0.2616
vn 0.8909 0.1243 -0.4369
vn 0.7922 0.1240 -0.5976
vn 0.6665 0.1094 -0.7374
vn 0.5188 0.0809 -0.8511
vn 0.4995 -0.1250 0.8572
vn 0.3546 0.0396 -0.9342
vn 0.1804 -0.0129 -0.9835
vn 0.8056 0.5505 0.2192
vn 0.8869 0.4165 -0.1999
vn -0.4541 -0.6803 -0.5753
vn -0.3090 -0.7775 0.5477
vn 0.6292 -0.0027 0.7772
vn 0.8270 0.4110 -0.3836
vn -0.4938 -0.7579 -0.4263
vn 0.0603 -0.0866 -0.9944
vn -0.2036 -0.7031 0.6813
vn 0.7399 0.1103 0.6636
vn 0.7399 0.3810 -0.5544
vn -0.5133 -0.8154 -0.2677
vn -0.0789 -0.6093 0.7890
vn 0.8270 0.2098 0.5216
vn -0.0789 -0.2178 -0.9728
vn 0.6292 0.3268 -0.7052
vn -0.5133 -0.8520 -0.1029
vn 0.0603 -0.4997 0.8641
vn 0.8869 0.2926 0.3575
vn -0.2036 -0.3484 -0.9150
vn 0.4995 0.2498 -0.8295
vn -0.4938 -0.8671 0.0652
vn 0.2080 -0.3788 0.9018
vn 0.9174 0.3560 0.1778
vn -0.3090 -0.4723 -0.8255
vn 0.3568 0.1526 -0.9216
vn -0.4541 -0.8600 0.2330
vn 0.3569 -0.2521 0.8995
vn 0.9174 0.3978 -0.0103
vn -0.3927 -0.5843 -0.7102
vn 0.2080 0.0388 -0.9774
vn -0.3927 -0.8301 0.3959
vn 0.5309 0.7947 -0.2944
vn -0.4017 -0.8756 0.2683
vn 0.8056 0.5915 0.0345
vn -0.3367 -0.8321 0.4407
vn 0.7811 0.6054 -0.1528
vn -0.2518 -0.7621 0.5965
vn 0.7330 0.5914 -0.3361
vn -0.1495 -0.6679 0.7291
vn 0.0914 0.0003 -0.9958
vn 0.6627 0.5496 -0.5086
vn -0.0336 -0.5529 0.8326
vn -0.0336 -0.1482 -0.9884
vn 0.5726 0.4813 -0.6637
vn 0.0914 -0.4215 0.9022
vn -0.1495 -0.2962 -0.9433
vn 0.4659 0.3884 -0.7951
vn 0.2201 -0.2791 0.9347
vn -0.2518 -0.4377 -0.8631
vn 0.3467 0.2742 -0.8970
vn 0.3467 -0.1316 0.9287
vn -0.3367 -0.5671 -0.7517
vn 0.2201 0.1431 -0.9649
vn 0.4659 0.0150 0.8847
vn -0.4017 -0.6795 -0.6139
vn 0.5726 0.1548 0.8051
vn -0.4455 -0.7708 -0.4554
vn 0.6627 0.2825 0.6935
vn -0.4675 -0.8378 -0.2819
vn 0.7330 0.3934 0.5549
vn -0.4675 -0.8784 -0.0995
vn 0.7811 0.4837 0.3948
vn -0.4455 -0.8911 0.0860
vn 0.3024 0.9150 -0.2672
vn 0.0267 -0.6926 0.7208
vn 0.1585 0.0356 -0.9867
vn 0.4889 0.7339 -0.4715
vn 0.0894 -0.5484 0.8314
vn 0.0894 -0.1446 -0.9854
vn 0.4355 0.6414 -0.6317
vn 0.1585 -0.3857 0.9089
vn 0.0267 -0.3221 -0.9463
vn 0.3728 0.5202 -0.7684
vn 0.2311 -0.2109 0.9498
vn -0.0270 -0.4895 -0.8716
vn 0.3036 0.3749 -0.8759
vn 0.3036 -0.0313 0.9523
vn -0.0701 -0.6403 -0.7649
vn 0.2311 0.2112 -0.9497
vn 0.3728 0.1458 0.9164
vn -0.1018 -0.7690 -0.6311
vn 0.4355 0.3134 0.8439
vn -0.1224 -0.8710 -0.4758
vn 0.4889 0.4651 0.7380
vn -0.1324 -0.9432 -0.3047
vn 0.5309 0.5952 0.6033
vn -0.1324 -0.9835 -0.1235
vn 0.5598 0.6990 0.4451
vn -0.1224 -0.9905 0.0621
vn 0.5745 0.7729 0.2695
vn -0.1018 -0.9639 0.2460
vn 0.5745 0.8143 0.0832
vn -0.0701 -0.9040 0.4217
vn 0.5598 0.8217 -0.1071
vn -0.0270 -0.8126 0.5822
vn -0.0052 -0.6577 0.7533
vn 0.0879 0.1055 -0.9905
vn 0.2806 0.8496 -0.4465
vn 0.0408 -0.5004 0.8648
vn 0.0408 -0.0870 -0.9954
vn 0.2521 0.7509 -0.6104
vn 0.0879 -0.3240 0.9420
vn -0.0052 -0.2767 -0.9609
vn 0.2176 0.6220 -0.7522
vn 0.1342 -0.1356 0.9816
vn -0.0480 -0.4557 -0.8888
vn 0.1779 0.4674 -0.8660
vn 0.1779 0.0566 0.9824
vn -0.0855 -0.6169 -0.7824
vn 0.1342 0.2929 -0.9467
vn 0.2176 0.2449 0.9448
vn -0.1157 -0.7543 -0.6462
vn 0.2521 0.4217 0.8710
vn -0.1368 -0.8631 -0.4861
vn 0.2806 0.5805 0.7644
vn -0.1477 -0.9398 -0.3081
vn 0.3024 0.7157 0.6295
vn -0.1477 -0.9819 -0.1189
vn 0.3171 0.8227 0.4718
vn -0.1368 -0.9878 0.0748
vn 0.3246 0.8980 0.2970
vn -0.1157 -0.9570 0.2659
vn 0.3246 0.9393 0.1113
vn -0.0855 -0.8902 0.4474
vn 0.3171 0.9451 -0.0790
vn -0.0480 -0.7893 0.6122
vn 0.0027 0.0746 0.9972
vn -0.1716 0.1430 0.9747
vn -0.3357 0.2156 0.9169
vn -0.4835 0.2896 0.8261
vn -0.6091 0.3621 0.7056
vn -0.7078 0.4304 0.5602
vn -0.7758 0.4918 0.3953
vn -0.8105 0.5439 0.2175
vn -0.8105 0.5848 0.0334
vn -0.7758 0.6129 -0.1498
vn -0.7078 0.6271 -0.3251
vn -0.6091 0.6269 -0.4858
vn -0.4835 0.6122 -0.6256
vn -0.3357 0.5837 -0.7393
vn -0.1716 0.5424 -0.8224
vn 0.0027 0.4899 -0.8718
vn 0.1804 0.4283 -0.8855
vn 0.3547 0.3598 -0.8630
vn 0.5188 0.2872 -0.8052
vn 0.6665 0.2132 -0.7143
vn 0.7922 0.1407 -0.5939
vn 0.8909 0.0725 -0.4484
vn 0.9589 0.0111 -0.2836
vn 0.9935 -0.0411 -0.1057
vn 0.9935 -0.0820 0.0784
vn 0.9589 -0.1101 0.2616
vn 0.8909 -0.1243 0.4369
vn 0.7922 -0.1240 0.5976
vn 0.6665 -0.1094 0.7374
vn 0.5188 -0.0809 0.8511
vn 0.4995 0.1250 -0.8572
vn 0.3546 -0.0396 0.9342
vn 0.1804 0.0129 0.9835
vn 0.8056 -0.5505 -0.2192
vn 0.8869 -0.4165 0.1999
vn -0.4541 0.6803 0.5753
vn -0.3090 0.7775 -0.5477
vn 0.6292 0.0027 -0.7772
vn 0.8270 -0.4110 0.3836
vn -0.4938 0.7579 0.4263
vn 0.0603 0.0866 0.9944
vn -0.2036 0.7031 -0.6813
vn 0.7399 -0.1103 -0.6636
vn 0.7399 -0.3810 0.5544
vn -0.5133 0.8154 0.2677
vn -0.0789 0.6093 -0.7890
vn 0.8270 -0.2098 -0.5216
vn -0.0789 0.2178 0.9728
vn 0.6292 -0.3268 0.7052
vn -0.5133 0.8520 0.1029
vn 0.0603 0.4997 -0.8641
vn 0.8869 -0.2926 -0.3575
vn -0.2036 0.3484 0.9150
vn 0.4995 -0.2498 0.8295
vn -0.4938 0.8671 -0.0652
vn 0.2080 0.3788 -0.9018
vn 0.9174 -0.3560 -0.1778
vn -0.3090 0.4723 0.8255
vn 0.3568 -0.1526 0.9216
vn -0.4541 0.8600 -0.2330
vn 0.3569 0.2521 -0.8995
vn 0.9174 -0.3978 0.0103
vn -0.3927 0.5843 0.7102
vn 0.2080 -0.0388 0.9774
vn -0.3927 0.8301 -0.3959
vn 0.5309 -0.7947 0.2944
vn -0.4017 0.8756 -0.2683
vn 0.8056 -0.5915 -0.0345
vn -0.3367 0.8321 -0.4407
vn 0.7811 -0.6054 0.1528
vn -0.2518 0.7621 -0.5965
vn 0.7330 -0.5914 0.3361
vn -0.1495 0.6679 -0.7291
vn 0.0914 -0.0003 0.9958
vn 0.6627 -0.5496 0.5086
vn -0.0336 0.5529 -0.8326
vn -0.0336 0.1482 0.9884
vn 0.5726 -0.4813 0.6637
vn 0.0914 0.4215 -0.9022
vn -0.1495 0.2962 0.9433
vn 0.4659 -0.3884 0.7951
vn 0.2201 0.2791 -0.9347
vn -0.2518 0.4377 0.8631
vn 0.3467 -0.2742 0.8970
vn 0.3467 0.1316 -0.9287
vn -0.3367 0.5671 0.7517
vn 0.2201 -0.1431 0.9649
vn 0.4659 -0.0150 -0.8847
vn -0.4017 0.6795 0.6139
vn 0.5726 -0.1548 -0.8051
vn -0.4455 0.7708 0.4554
vn 0.6627 -0.2825 -0.6935
vn -0.4675 0.8378 0.2819
vn 0.7330 -0.3934 -0.5549
vn -0.4675 0.8784 0.0995
vn 0.7811 -0.4837 -0.3948
vn -0.4455 0.8911 -0.0860
vn 0.3024 -0.9150 0.2672
vn 0.0267 0.6926 -0.7208
vn 0.1585 -0.0356 0.9867
vn 0.4889 -0.7339 0.4715
vn 0.0894 0.5484 -0.8314
vn 0.0894 0.1446 0.9854
vn 0.4355 -0.6414 0.6317
vn 0.1585 0.3857 -0.9089
vn 0.0267 0.3221 0.9463
vn 0.3728 -0.5202 0.7684
vn 0.2311 0.2109 -0.9498
vn -0.0270 0.4895 0.8716
vn 0.3036 -0.3749 0.8759
vn 0.3036 0.0313 -0.9523
vn -0.0701 0.6403 0.7649
vn 0.2311 -0.2112 0.9497
vn 0.3728 -0.1458 -0.9164
vn -0.1018 0.7690 0.6311
vn 0.4355 -0.3134 -0.8439
vn -0.1224 0.8710 0.4758
vn 0.4889 -0.4651 -0.7380
vn -0.1324 0.9432 0.3047
vn 0.5309 -0.5952 -0.6033
vn -0.1324 0.9835 0.1235
vn 0.5598 -0.6990 -0.4451
vn -0.1224 0.9905 -0.0621
vn 0.5745 -0.7729 -0.2695
vn -0.1018 0.9639 -0.2460
vn 0.5745 -0.8143 -0.0832
vn -0.0701 0.9040 -0.4217
vn 0.5598 -0.8217 0.1071
vn -0.0270 0.8126 -0.5822
vn -0.0052 0.6577 -0.7533
vn 0.0879 -0.1055 0.9905
vn 0.2806 -0.8496 0.4465
vn 0.0408 0.5004 -0.8648
vn 0.0408 0.0870 0.9954
vn 0.2521 -0.7509 0.6104
vn 0.0879 0.3240 -0.9420
vn -0.0052 0.2767 0.9609
vn 0.2176 -0.6220 0.7522
vn 0.1342 0.1356 -0.9816
vn -0.0480 0.4557 0.8888
vn 0.1779 -0.4674 0.8660
vn 0.1779 -0.0566 -0.9824
vn -0.0855 0.6169 0.7824
vn 0.1342 -0.2929 0.9467
vn 0.2176 -0.2449 -0.9448
vn -0.1157 0.7543 0.6462
vn 0.2521 -0.4217 -0.8710
vn -0.1368 0.8631 0.4861
vn 0.2806 -0.5805 -0.7644
vn -0.1477 0.9398 0.3081
vn 0.3024 -0.7157 -0.6295
vn -0.1477 0.9819 0.1189
vn 0.3171 -0.8227 -0.4718
vn -0.1368 0.9878 -0.0748
vn 0.3246 -0.8980 -0.2970
vn -0.1157 0.9570 -0.2659
vn 0.3246 -0.9393 -0.1113
vn -0.0855 0.8902 -0.4474
vn 0.3171 -0.9451 0.0790
vn -0.0480 0.7893 -0.6122
vn -0.1024 -0.9435 -0.3151
vn -0.7002 -0.6617 -0.2680
vn 0.2680 -0.9435 -0.1947
vn 0.2680 -0.9435 0.1947
vn -0.1024 -0.9435 0.3151
vn -0.9050 -0.3304 -0.2680
vn -0.0247 -0.3304 -0.9435
vn 0.8897 -0.3304 -0.3151
vn 0.5746 -0.3304 0.7488
vn -0.5346 -0.3304 0.7779
vn -0.8026 -0.1256 -0.5831
vn 0.3066 -0.1256 -0.9435
vn 0.9921 -0.1256 -0.0000
vn 0.3066 -0.1256 0.9435
vn -0.8026 -0.1256 0.5831
vn -0.4089 0.6617 -0.6284
vn 0.4713 0.6617 -0.5831
vn 0.7002 0.6617 0.2680
vn -0.0385 0.6617 0.7488
vn -0.7240 0.6617 0.1947
vn -0.2680 0.9435 0.1947
vn -0.4911 0.7947 0.3568
vn -0.4089 0.6617 0.6284
vn 0.1024 0.9435 0.3151
vn 0.1876 0.7947 0.5773
vn 0.4713 0.6617 0.5831
vn 0.3313 0.9435 -0.0000
vn 0.6071 0.7947 -0.0000
vn 0.7002 0.6617 -0.2680
vn 0.1024 0.9435 -0.3151
vn 0.1876 0.7947 -0.5773
vn -0.0385 0.6617 -0.7488
vn -0.2680 0.9435 -0.1947
vn -0.4911 0.7947 -0.3568
vn -0.7240 0.6617 -0.1947
vn -0.8897 0.3304 0.3151
vn -0.7947 0.1876 0.5773
vn -0.5746 0.3304 0.7488
vn 0.0247 0.3304 0.9435
vn 0.3035 0.1876 0.9342
vn 0.5346 0.3304 0.7779
vn 0.9050 0.3304 0.2680
vn 0.9822 0.1876 -0.0000
vn 0.9050 0.3304 -0.2680
vn 0.5346 0.3304 -0.7779
vn 0.3035 0.1876 -0.9342
vn 0.0247 0.3304 -0.9435
vn -0.5746 0.3304 -0.7488
vn -0.7947 0.1876 -0.5773
vn -0.8897 0.3304 -0.3151
vn -0.3066 0.1256 0.9435
vn -0.3035 -0.1876 0.9342
vn -0.0247 -0.3304 0.9435
vn 0.8026 0.1256 0.5831
vn 0.7947 -0.1876 0.5773
vn 0.8897 -0.3304 0.3151
vn 0.8026 0.1256 -0.5831
vn 0.7947 -0.1876 -0.5773
vn 0.5746 -0.3304 -0.7488
vn -0.3066 0.1256 -0.9435
vn -0.3035 -0.1876 -0.9342
vn -0.5346 -0.3304 -0.7779
vn -0.9921 0.1256 -0.0000
vn -0.9822 -0.1876 -0.0000
vn -0.9050 -0.3304 0.2680
vn -0.4713 -0.6617 0.5831
vn -0.1876 -0.7947 0.5773
vn 0.0385 -0.6617 0.7488
vn 0.4089 -0.6617 0.6284
vn 0.4911 -0.7947 0.3568
vn 0.7240 -0.6617 0.1947
vn 0.7240 -0.6617 -0.1947
vn 0.4911 -0.7947 -0.3568
vn 0.4089 -0.6617 -0.6284
vn -0.7002 -0.6617 0.2680
vn -0.6071 -0.7947 -0.0000
vn -0.3313 -0.9435 -0.0000
vn 0.0385 -0.6617 -0.7488
vn -0.1876 -0.7947 -0.5773
vn -0.4713 -0.6617 -0.5831
vn -0.8921 -0.3238 -0.3151
vn -0.9025 0.3371 -0.2680
vn -0.7289 -0.6563 -0.1947
vn -0.7289 -0.6563 0.1947
vn -0.8921 -0.3238 0.3151
vn -0.6953 0.6669 -0.2680
vn -0.3075 -0.1233 -0.9435
vn 0.0954 -0.9443 -0.3151
vn -0.0434 -0.6614 0.7488
vn -0.5321 0.3343 0.7779
vn -0.4664 0.6652 -0.5831
vn 0.0223 -0.3306 -0.9435
vn 0.3243 -0.9459 -0.0000
vn 0.0223 -0.3306 0.9435
vn -0.4664 0.6652 0.5831
vn 0.4138 0.6587 -0.6284
vn 0.8017 -0.1316 -0.5831
vn 0.9025 -0.3371 0.2680
vn 0.5770 0.3261 0.7488
vn 0.2750 0.9415 0.1947
vn 0.7289 0.6563 0.1947
vn 0.4970 0.7910 0.3568
vn 0.4138 0.6587 0.6284
vn 0.8921 0.3238 0.3151
vn 0.7960 0.1817 0.5773
vn 0.8017 -0.1316 0.5831
vn 0.9930 0.1183 -0.0000
vn 0.9808 -0.1948 -0.0000
vn 0.9025 -0.3371 -0.2680
vn 0.8921 0.3238 -0.3151
vn 0.7960 0.1817 -0.5773
vn 0.5770 0.3261 -0.7488
vn 0.7289 0.6563 -0.1947
vn 0.4970 0.7910 -0.3568
vn 0.2750 0.9415 -0.1947
vn -0.0954 0.9443 0.3151
vn -0.1817 0.7960 0.5773
vn 0.0434 0.6614 0.7488
vn 0.3075 0.1234 0.9435
vn 0.3021 -0.1898 0.9342
vn 0.5321 -0.3343 0.7779
vn 0.6953 -0.6669 0.2680
vn 0.6012 -0.7991 -0.0000
vn 0.6953 -0.6669 -0.2680
vn 0.5321 -0.3343 -0.7779
vn 0.3021 -0.1898 -0.9342
vn 0.3075 0.1233 -0.9435
vn 0.0434 0.6614 -0.7488
vn -0.1817 0.7960 -0.5773
vn -0.0954 0.9443 -0.3151
vn -0.0223 0.3306 0.9435
vn -0.3021 0.1898 0.9342
vn -0.3075 -0.1233 0.9435
vn 0.4664 -0.6652 0.5831
vn 0.1817 -0.7960 0.5773
vn 0.0954 -0.9443 0.3151
vn 0.4664 -0.6652 -0.5831
vn 0.1817 -0.7960 -0.5773
vn -0.0434 -0.6614 -0.7488
vn -0.0223 0.3306 -0.9435
vn -0.3021 0.1898 -0.9342
vn -0.5321 0.3343 -0.7779
vn -0.3243 0.9459 -0.0000
vn -0.6012 0.7991 -0.0000
vn -0.6953 0.6669 0.2680
vn -0.8017 0.1316 0.5831
vn -0.7960 -0.1817 0.5773
vn -0.5770 -0.3261 0.7488
vn -0.4138 -0.6587 0.6284
vn -0.4970 -0.7910 0.3568
vn -0.2750 -0.9415 0.1947
vn -0.2750 -0.9415 -0.1947
vn -0.4970 -0.7910 -0.3568
vn -0.4138 -0.6587 -0.6284
vn -0.9025 0.3371 0.2680
vn -0.9808 0.1948 -0.0000
vn -0.9930 -0.1183 -0.0000
vn -0.5770 -0.3261 -0.7488
vn -0.7960 -0.1817 -0.5773
vn -0.8017 0.1316 -0.5831
vn 0.3075 0.1233 0.9435
vt 0.688831 0.550413
vt 0.686769 0.555402
vt 0.683777 0.559893
vt 0.679968 0.563712
vt 0.675490 0.566714
vt 0.670514 0.568782
vt 0.665231 0.569838
vt 0.659845 0.569840
vt 0.654562 0.568789
vt 0.649586 0.566725
vt 0.645107 0.563727
vt 0.641298 0.559911
vt 0.638306 0.555424
vt 0.636245 0.550436
vt 0.635194 0.545142
vt 0.635194 0.539743
vt 0.636245 0.534447
vt 0.638306 0.529458
vt 0.641298 0.524967
vt 0.645107 0.521148
vt 0.649586 0.518146
vt 0.654562 0.516078
vt 0.659845 0.515023
vt 0.665231 0.515020
vt 0.670514 0.516071
vt 0.675490 0.518135
vt 0.679968 0.521133
vt 0.683777 0.524949
vt 0.686769 0.529436
vt 0.688831 0.534424
vt 0.689881 0.539719
vt 0.689881 0.545118
vt 0.576331 0.919215
vt 0.586051 0.919212
vt 0.586463 0.923124
vt 0.576746 0.923163
vt 0.381250 0.704238
vt 0.371498 0.703994
vt 0.371528 0.700695
vt 0.381280 0.700910
vt 0.371553 0.696457
vt 0.381306 0.696633
vt 0.371572 0.691443
vt 0.381324 0.691573
vt 0.371583 0.685844
vt 0.381336 0.685924
vt 0.371587 0.679877
vt 0.381340 0.679902
vt 0.371583 0.673770
vt 0.381336 0.673740
vt 0.371572 0.667758
vt 0.381324 0.667674
vt 0.371553 0.662072
vt 0.381306 0.661936
vt 0.371528 0.656931
vt 0.381280 0.656749
vt 0.371498 0.652533
vt 0.381250 0.652310
vt 0.292982 0.924075
vt 0.302588 0.924451
vt 0.303180 0.928745
vt 0.293579 0.928408
vt 0.303620 0.933803
vt 0.294023 0.933513
vt 0.303890 0.939433
vt 0.294296 0.939193
vt 0.576022 0.914421
vt 0.585746 0.914461
vt 0.303982 0.945416
vt 0.294388 0.945230
vt 0.303890 0.951523
vt 0.294296 0.951393
vt 0.303620 0.957519
vt 0.294023 0.957444
vt 0.303180 0.963175
vt 0.293579 0.963151
vt 0.302588 0.968272
vt 0.292982 0.968294
vt 0.631055 0.929755
vt 0.640809 0.929890
vt 0.640759 0.935363
vt 0.631004 0.935277
vt 0.640732 0.941260
vt 0.630978 0.941228
vt 0.640732 0.947354
vt 0.630978 0.947377
vt 0.640759 0.953412
vt 0.631004 0.953490
vt 0.640809 0.959199
vt 0.631055 0.959330
vt 0.640884 0.964494
vt 0.631130 0.964673
vt 0.576746 0.879494
vt 0.586463 0.879848
vt 0.586051 0.885210
vt 0.576331 0.884905
vt 0.585746 0.891040
vt 0.576022 0.890788
vt 0.585558 0.897112
vt 0.575832 0.896915
vt 0.585494 0.903194
vt 0.575768 0.903052
vt 0.521579 0.171809
vt 0.520380 0.165764
vt 0.520380 0.159600
vt 0.521579 0.153556
vt 0.523930 0.147863
vt 0.527345 0.142740
vt 0.531690 0.138384
vt 0.536800 0.134962
vt 0.542477 0.132607
vt 0.548504 0.131407
vt 0.554650 0.131410
vt 0.560677 0.132615
vt 0.566355 0.134977
vt 0.571464 0.138403
vt 0.575810 0.142763
vt 0.579224 0.147890
vt 0.581576 0.153585
vt 0.582774 0.159630
vt 0.582774 0.165794
vt 0.581576 0.171838
vt 0.579224 0.177531
vt 0.575810 0.182654
vt 0.571464 0.187010
vt 0.566355 0.190432
vt 0.560677 0.192788
vt 0.554650 0.193987
vt 0.548504 0.193984
vt 0.542477 0.192779
vt 0.536800 0.190418
vt 0.531690 0.186991
vt 0.527345 0.182631
vt 0.523930 0.177505
vt 0.575832 0.908963
vt 0.585558 0.909052
vt 0.592917 0.907836
vt 0.593084 0.912616
vt 0.593354 0.916816
vt 0.593717 0.920274
vt 0.364462 0.700779
vt 0.364489 0.697863
vt 0.364511 0.694117
vt 0.364528 0.689684
vt 0.364538 0.684736
vt 0.364541 0.679461
vt 0.364538 0.674062
vt 0.364528 0.668748
vt 0.364511 0.663723
vt 0.364489 0.659178
vt 0.364462 0.655290
vt 0.309138 0.927371
vt 0.309661 0.931167
vt 0.310050 0.935638
vt 0.310289 0.940614
vt 0.310370 0.945903
vt 0.310289 0.951301
vt 0.310050 0.956602
vt 0.309661 0.961601
vt 0.640884 0.925051
vt 0.647966 0.927518
vt 0.647900 0.931795
vt 0.647855 0.936633
vt 0.647832 0.941846
vt 0.647832 0.947232
vt 0.647855 0.952587
vt 0.647900 0.957703
vt 0.647966 0.962383
vt 0.593717 0.882021
vt 0.593354 0.886761
vt 0.593084 0.891914
vt 0.592917 0.897281
vt 0.592861 0.902658
vt 0.382183 0.303694
vt 0.382106 0.301052
vt 0.382082 0.298611
vt 0.382106 0.296171
vt 0.382183 0.293529
vt 0.382329 0.290412
vt 0.382586 0.286340
vt 0.382887 0.282436
vt 0.383407 0.280246
vt 0.386454 0.268984
vt 0.388874 0.260742
vt 0.398597 0.241946
vt 0.402599 0.236906
vt 0.411681 0.225908
vt 0.427624 0.212901
vt 0.445814 0.203231
vt 0.465550 0.197269
vt 0.486076 0.195246
vt 0.486076 0.401820
vt 0.465550 0.399828
vt 0.445814 0.393896
vt 0.427624 0.384254
vt 0.411681 0.371270
vt 0.402599 0.360286
vt 0.398597 0.355252
vt 0.388874 0.336471
vt 0.386454 0.328232
vt 0.383407 0.316975
vt 0.382887 0.314786
vt 0.382586 0.310882
vt 0.382329 0.306810
vt 0.145491 0.292792
vt 0.145637 0.295929
vt 0.145713 0.298588
vt 0.145737 0.301044
vt 0.145713 0.303500
vt 0.145637 0.306159
vt 0.145491 0.309295
vt 0.145233 0.313393
vt 0.144933 0.317322
vt 0.144413 0.319525
vt 0.141366 0.330854
vt 0.138947 0.339146
vt 0.129226 0.358047
vt 0.125225 0.363113
vt 0.116145 0.374169
vt 0.100205 0.387236
vt 0.082020 0.396942
vt 0.062287 0.402913
vt 0.041766 0.404920
vt 0.041766 0.197028
vt 0.062287 0.199062
vt 0.082020 0.205060
vt 0.100205 0.214790
vt 0.116145 0.227879
vt 0.125225 0.238947
vt 0.129226 0.244019
vt 0.138947 0.262933
vt 0.141366 0.271228
vt 0.144413 0.282561
vt 0.144933 0.284765
vt 0.145233 0.288694
vt 0.616808 0.147618
vt 0.616457 0.130159
vt 0.624305 0.129381
vt 0.628203 0.146487
vt 0.629600 0.161374
vt 0.617255 0.162599
vt 0.629290 0.150975
vt 0.634971 0.230078
vt 0.633255 0.212079
vt 0.644690 0.212743
vt 0.646406 0.230743
vt 0.635481 0.249675
vt 0.646917 0.250340
vt 0.634766 0.270117
vt 0.646202 0.270781
vt 0.632853 0.290617
vt 0.644288 0.291282
vt 0.616214 0.110894
vt 0.616090 0.090562
vt 0.620216 0.110497
vt 0.628799 0.128015
vt 0.624061 0.109328
vt 0.628700 0.119910
vt 0.629153 0.146199
vt 0.627602 0.107433
vt 0.628573 0.108816
vt 0.628551 0.106654
vt 0.628529 0.102754
vt 0.628509 0.098682
vt 0.628495 0.095563
vt 0.628485 0.092915
vt 0.628476 0.090465
vt 0.628470 0.088012
vt 0.628464 0.085353
vt 0.628459 0.082213
vt 0.628454 0.078105
vt 0.627498 0.073385
vt 0.628451 0.074163
vt 0.628460 0.071927
vt 0.623945 0.071496
vt 0.628519 0.060403
vt 0.628567 0.051956
vt 0.620093 0.070334
vt 0.624065 0.050599
vt 0.627854 0.032114
vt 0.628806 0.032401
vt 0.628912 0.027060
vt 0.096609 0.522033
vt 0.094437 0.539437
vt 0.083547 0.540988
vt 0.085719 0.523583
vt 0.093833 0.558613
vt 0.082943 0.560163
vt 0.094821 0.578822
vt 0.083931 0.580372
vt 0.616089 0.069944
vt 0.616211 0.049834
vt 0.616452 0.031004
vt 0.629155 0.015380
vt 0.616802 0.014177
vt 0.617247 -0.000000
vt 0.629600 0.001203
vt 0.612088 0.070341
vt 0.608363 0.050613
vt 0.605057 0.032134
vt 0.604456 0.015402
vt 0.604214 0.027082
vt 0.604902 0.001225
vt 0.108433 0.520637
vt 0.106262 0.538042
vt 0.105658 0.557217
vt 0.106646 0.577426
vt 0.608243 0.071510
vt 0.603869 0.051978
vt 0.603820 0.060425
vt 0.604107 0.032423
vt 0.604702 0.073405
vt 0.603762 0.071949
vt 0.603756 0.078127
vt 0.603753 0.074185
vt 0.603760 0.082235
vt 0.603766 0.085375
vt 0.603771 0.088034
vt 0.603778 0.090487
vt 0.603786 0.092937
vt 0.603797 0.095585
vt 0.603811 0.098704
vt 0.603831 0.102776
vt 0.604806 0.107453
vt 0.603852 0.106675
vt 0.603875 0.108838
vt 0.608358 0.109342
vt 0.604002 0.119932
vt 0.506874 0.195230
vt 0.527726 0.196168
vt 0.527726 0.206378
vt 0.506874 0.205441
vt 0.527726 0.392531
vt 0.527726 0.402742
vt 0.506874 0.401805
vt 0.506874 0.391594
vt 0.612211 0.110504
vt 0.608603 0.129395
vt 0.604101 0.128037
vt 0.605406 0.146508
vt 0.604454 0.146221
vt 0.618233 0.195230
vt 0.619220 0.195350
vt 0.619161 0.200071
vt 0.630399 0.196369
vt 0.621143 0.210976
vt 0.622859 0.228975
vt 0.623369 0.248572
vt 0.622654 0.269014
vt 0.620741 0.289514
vt 0.300621 0.572311
vt 0.308972 0.572296
vt 0.308972 0.582556
vt 0.300621 0.582571
vt 0.195428 0.299420
vt 0.195428 0.309680
vt 0.187077 0.309694
vt 0.187077 0.299434
vt 0.618233 0.309918
vt 0.630345 0.311022
vt 0.623518 0.330908
vt 0.641780 0.311686
vt 0.631479 0.331505
vt 0.102704 0.619618
vt 0.095024 0.620614
vt 0.096609 0.599430
vt 0.085719 0.600981
vt 0.020972 0.404906
vt 0.000000 0.405144
vt 0.000000 0.394868
vt 0.020972 0.394630
vt -0.000000 0.197252
vt 0.020972 0.197014
vt 0.020972 0.207290
vt 0.000000 0.207528
vt 0.041766 0.394644
vt 0.041766 0.207304
vt 0.108433 0.598035
vt 0.486076 0.205457
vt 0.486076 0.391609
vt 0.381805 0.823950
vt 0.374231 0.844957
vt 0.366495 0.845286
vt 0.358921 0.824922
vt 0.358921 0.804236
vt 0.381805 0.803264
vt 0.112340 0.760252
vt 0.104534 0.781180
vt 0.096559 0.781558
vt 0.088753 0.761370
vt 0.088753 0.740813
vt 0.112340 0.739694
vt 0.618233 0.382276
vt 0.593532 0.382319
vt 0.593532 0.195273
vt 0.618233 0.195230
vt 0.536172 0.532610
vt 0.536184 0.515020
vt 0.593744 0.515020
vt 0.593732 0.532610
vt 0.283055 0.554817
vt 0.300621 0.554511
vt 0.300621 0.609535
vt 0.283055 0.609841
vt 0.393900 0.423871
vt 0.391465 0.402742
vt 0.426829 0.403824
vt 0.425489 0.425890
vt 0.391958 0.448606
vt 0.382340 0.447010
vt 0.382082 0.418656
vt 0.462614 0.479707
vt 0.462552 0.450766
vt 0.481430 0.450041
vt 0.476494 0.484212
vt 0.000000 0.462696
vt -0.000000 0.405144
vt 0.056948 0.405404
vt 0.056948 0.462956
vt 0.254336 0.499487
vt 0.196778 0.499487
vt 0.196539 0.442596
vt 0.254096 0.442596
vt 0.577780 0.402757
vt 0.595368 0.402742
vt 0.595213 0.459956
vt 0.577625 0.459971
vt 0.507380 0.532610
vt 0.507392 0.515020
vt 0.507339 0.590166
vt 0.507360 0.561089
vt 0.536151 0.561089
vt 0.536131 0.590166
vt 0.520230 0.402807
vt 0.549304 0.402782
vt 0.549150 0.459996
vt 0.520075 0.460021
vt 0.216773 0.381223
vt 0.254132 0.384113
vt 0.253638 0.399221
vt 0.206687 0.394053
vt 0.392435 0.477560
vt 0.420395 0.451406
vt 0.425033 0.479258
vt 0.225577 0.555818
vt 0.254615 0.555312
vt 0.254615 0.610336
vt 0.225577 0.610842
vt 0.593711 0.561089
vt 0.593691 0.590166
vt 0.536110 0.619244
vt 0.593670 0.619244
vt 0.196539 0.556324
vt 0.196539 0.611348
vt 0.491155 0.402832
vt 0.491001 0.460046
vt 0.519526 0.609362
vt 0.196539 0.501300
vt 0.225577 0.500794
vt 0.254615 0.500288
vt 0.432440 0.516486
vt 0.427698 0.497301
vt 0.311893 0.499487
vt 0.311654 0.442596
vt 0.000000 0.520248
vt 0.056948 0.520507
vt 0.548383 0.515020
vt 0.519301 0.515020
vt 0.514258 0.504081
vt 0.548899 0.504517
vt 0.283055 0.499793
vt 0.300621 0.499487
vt 0.253736 0.427592
vt 0.311848 0.424674
vt 0.085434 0.463086
vt 0.085434 0.520637
vt 0.519998 0.488639
vt 0.500837 0.476529
vt 0.549072 0.488614
vt 0.462193 0.404906
vt 0.464561 0.426032
vt 0.085434 0.405534
vt 0.196733 0.424674
vt 0.595136 0.488574
vt 0.577548 0.488589
vt 0.504902 0.497298
vt 0.253402 0.408538
vt 0.311871 0.403384
vt 0.499066 0.532610
vt 0.498631 0.605241
vt 0.498996 0.561089
vt 0.113897 0.463215
vt 0.113897 0.501366
vt 0.549050 0.496928
vt 0.196756 0.403384
vt 0.488035 0.421037
vt 0.481181 0.421687
vt 0.491001 0.402742
vt 0.491001 0.561203
vt 0.491049 0.532725
vt 0.488280 0.449393
vt 0.488563 0.493380
vt 0.577525 0.496853
vt 0.435489 0.525779
vt 0.577375 0.504465
vt 0.113897 0.425065
vt 0.594448 0.514988
vt 0.107070 0.731040
vt 0.107466 0.728403
vt 0.108758 0.728391
vt 0.108084 0.731031
vt 0.108850 0.705575
vt 0.107162 0.705591
vt 0.106921 0.703783
vt 0.108633 0.704378
vt 0.106570 0.733017
vt 0.107269 0.733010
vt 0.107535 0.709492
vt 0.109326 0.709476
vt 0.378958 0.423141
vt 0.378097 0.422931
vt 0.378202 0.421934
vt 0.379012 0.422633
vt 0.107787 0.713560
vt 0.109613 0.713543
vt 0.379874 0.423273
vt 0.107908 0.717639
vt 0.109699 0.717622
vt 0.107893 0.721571
vt 0.109581 0.721555
vt 0.107744 0.725205
vt 0.109263 0.725191
vt 0.110614 0.725186
vt 0.109907 0.728386
vt 0.108987 0.731027
vt 0.110351 0.705570
vt 0.110223 0.704993
vt 0.107891 0.733008
vt 0.110920 0.709469
vt 0.378373 0.420981
vt 0.379099 0.422147
vt 0.111238 0.713537
vt 0.111293 0.717616
vt 0.111082 0.721549
vt 0.379217 0.421703
vt 0.112600 0.713542
vt 0.112629 0.717621
vt 0.112341 0.721554
vt 0.111747 0.725190
vt 0.110870 0.728390
vt 0.109744 0.731030
vt 0.111551 0.705574
vt 0.108413 0.733010
vt 0.112256 0.709475
vt 0.111615 0.705603
vt 0.378603 0.420110
vt 0.111610 0.728401
vt 0.110326 0.731039
vt 0.378058 0.418555
vt 0.378465 0.417458
vt 0.378884 0.419354
vt 0.301719 0.526470
vt 0.300621 0.526336
vt 0.300688 0.522415
vt 0.301723 0.523100
vt 0.379360 0.421318
vt 0.300621 0.530416
vt 0.301741 0.530553
vt 0.300689 0.534468
vt 0.301787 0.534603
vt 0.300822 0.538339
vt 0.301856 0.538465
vt 0.301014 0.541878
vt 0.301945 0.541992
vt 0.301259 0.544949
vt 0.302051 0.545046
vt 0.302885 0.530657
vt 0.302909 0.534706
vt 0.302913 0.538562
vt 0.302897 0.542079
vt 0.302860 0.545120
vt 0.302170 0.547512
vt 0.302806 0.547570
vt 0.378930 0.416570
vt 0.379204 0.418743
vt 0.302842 0.526573
vt 0.302797 0.523682
vt 0.379523 0.421006
vt 0.303656 0.545169
vt 0.303431 0.547608
vt 0.379434 0.415926
vt 0.379551 0.418299
vt 0.303945 0.526641
vt 0.303866 0.524132
vt 0.379700 0.420780
vt 0.304010 0.530726
vt 0.304013 0.534773
vt 0.303953 0.538626
vt 0.303832 0.542136
vt 0.305055 0.534802
vt 0.304934 0.538653
vt 0.304715 0.542161
vt 0.304407 0.545190
vt 0.304021 0.547625
vt 0.379958 0.415550
vt 0.379912 0.418040
vt 0.304882 0.524430
vt 0.304987 0.526670
vt 0.379884 0.420648
vt 0.305073 0.530756
vt 0.380483 0.415457
vt 0.380273 0.417976
vt 0.305800 0.524559
vt 0.305928 0.526660
vt 0.380068 0.420615
vt 0.306032 0.530746
vt 0.305995 0.534793
vt 0.305820 0.538644
vt 0.305513 0.542153
vt 0.305085 0.545183
vt 0.304554 0.547620
vt 0.306798 0.534744
vt 0.306577 0.538599
vt 0.306194 0.542112
vt 0.305664 0.545148
vt 0.380688 0.413155
vt 0.381329 0.413401
vt 0.380987 0.415650
vt 0.380621 0.418109
vt 0.306579 0.524514
vt 0.306731 0.526612
vt 0.380245 0.420683
vt 0.306850 0.530697
vt 0.381451 0.416122
vt 0.380941 0.418434
vt 0.607656 0.162641
vt 0.606734 0.164679
vt 0.605897 0.164508
vt 0.606789 0.162599
vt 0.380408 0.420849
vt 0.604650 0.168393
vt 0.605503 0.168567
vt 0.603889 0.172406
vt 0.604726 0.172577
vt 0.603645 0.176393
vt 0.604433 0.176554
vt 0.603926 0.180200
vt 0.604635 0.180345
vt 0.604721 0.183682
vt 0.605325 0.183805
vt 0.606001 0.186704
vt 0.606475 0.186800
vt 0.605641 0.176827
vt 0.605722 0.180591
vt 0.606249 0.184014
vt 0.607201 0.186965
vt 0.608042 0.189217
vt 0.608542 0.189330
vt 0.609001 0.162677
vt 0.608016 0.164969
vt 0.381221 0.418939
vt 0.380551 0.421106
vt 0.606810 0.168863
vt 0.606009 0.172867
vt 0.381451 0.419604
vt 0.380669 0.421445
vt 0.609694 0.165367
vt 0.608521 0.169269
vt 0.607687 0.173265
vt 0.607222 0.177202
vt 0.607145 0.180928
vt 0.607459 0.184301
vt 0.608152 0.187190
vt 0.609197 0.189485
vt 0.610760 0.162707
vt 0.608849 0.181344
vt 0.608908 0.184654
vt 0.609290 0.187468
vt 0.609981 0.189676
vt 0.611704 0.165857
vt 0.612848 0.162729
vt 0.610554 0.191097
vt 0.610953 0.191195
vt 0.610570 0.169768
vt 0.380756 0.421853
vt 0.609696 0.173755
vt 0.609115 0.177664
vt 0.613967 0.166421
vt 0.612878 0.170343
vt 0.380810 0.422313
vt 0.611960 0.174319
vt 0.611247 0.178195
vt 0.610768 0.181822
vt 0.610540 0.185061
vt 0.610572 0.187787
vt 0.610864 0.189896
vt 0.615172 0.162742
vt 0.611403 0.191307
vt 0.612829 0.182344
vt 0.612292 0.185505
vt 0.611949 0.188136
vt 0.617475 0.163282
vt 0.615342 0.162742
vt 0.617643 0.162744
vt 0.611812 0.190137
vt 0.616398 0.167037
vt 0.611887 0.191429
vt 0.615357 0.170971
vt 0.380828 0.422809
vt 0.614391 0.174935
vt 0.613537 0.178775
vt 0.380810 0.423321
vt 0.617911 0.171628
vt 0.616895 0.175579
vt 0.615896 0.179382
vt 0.614952 0.182890
vt 0.614098 0.185969
vt 0.613368 0.188501
vt 0.620110 0.162737
vt 0.619834 0.163889
vt 0.612790 0.190388
vt 0.618903 0.167681
vt 0.612385 0.191558
vt 0.615888 0.186436
vt 0.614774 0.188868
vt 0.622473 0.162721
vt 0.622172 0.164499
vt 0.613758 0.190641
vt 0.621385 0.168329
vt 0.612879 0.191686
vt 0.620442 0.172289
vt 0.380756 0.423830
vt 0.619378 0.176227
vt 0.618235 0.179992
vt 0.617056 0.183439
vt 0.622852 0.172927
vt 0.621742 0.176853
vt 0.620462 0.180582
vt 0.619061 0.183970
vt 0.617593 0.186888
vt 0.616114 0.189223
vt 0.624650 0.162698
vt 0.624400 0.165089
vt 0.614681 0.190885
vt 0.623750 0.168955
vt 0.613349 0.191811
vt 0.380669 0.424316
vt 0.619147 0.187307
vt 0.617335 0.189552
vt 0.626572 0.162670
vt 0.626430 0.165637
vt 0.615522 0.191112
vt 0.625905 0.169536
vt 0.613778 0.191927
vt 0.625050 0.173520
vt 0.380551 0.424760
vt 0.623898 0.177434
vt 0.622493 0.181129
vt 0.620888 0.184463
vt 0.625762 0.177948
vt 0.624249 0.181613
vt 0.622469 0.184898
vt 0.620491 0.187677
vt 0.618391 0.189843
vt 0.628185 0.162636
vt 0.628186 0.166120
vt 0.616249 0.191312
vt 0.627770 0.170049
vt 0.614149 0.192029
vt 0.626951 0.174043
vt 0.380408 0.425145
vt 0.619241 0.190084
vt 0.616835 0.191478
vt 0.629600 0.166521
vt 0.629271 0.170475
vt 0.380941 0.426861
vt 0.380621 0.427473
vt 0.380245 0.425457
vt 0.628481 0.174477
vt 0.627263 0.178373
vt 0.625663 0.182014
vt 0.623741 0.185259
vt 0.621573 0.187984
vt 0.629428 0.162599
vt 0.629458 0.162767
vt 0.628921 0.162614
vt 0.192035 0.555516
vt 0.192123 0.551861
vt 0.193277 0.551800
vt 0.193074 0.555461
vt 0.191866 0.558739
vt 0.192749 0.558693
vt 0.192296 0.531817
vt 0.192368 0.532249
vt 0.191329 0.532304
vt 0.191312 0.532151
vt 0.191622 0.561408
vt 0.192316 0.561372
vt 0.191637 0.535872
vt 0.192790 0.535811
vt 0.191312 0.563420
vt 0.191789 0.563394
vt 0.191877 0.539765
vt 0.193102 0.539700
vt 0.380274 0.427917
vt 0.380068 0.425683
vt 0.192042 0.543831
vt 0.193291 0.543765
vt 0.192125 0.547915
vt 0.193350 0.547851
vt 0.193824 0.535770
vt 0.194199 0.539655
vt 0.379913 0.428176
vt 0.379884 0.425815
vt 0.194410 0.543720
vt 0.194447 0.547806
vt 0.194310 0.551758
vt 0.194004 0.555423
vt 0.193540 0.558661
vt 0.193298 0.532212
vt 0.193167 0.531593
vt 0.192937 0.561346
vt 0.192218 0.563377
vt 0.195184 0.551737
vt 0.194790 0.555404
vt 0.194209 0.558644
vt 0.194084 0.532192
vt 0.193906 0.531479
vt 0.193463 0.561333
vt 0.194697 0.535748
vt 0.379959 0.430264
vt 0.379434 0.430358
vt 0.379551 0.428240
vt 0.195127 0.539633
vt 0.379700 0.425848
vt 0.195355 0.543696
vt 0.195375 0.547783
vt 0.379204 0.428107
vt 0.379523 0.425780
vt 0.094691 0.713947
vt 0.094691 0.709872
vt 0.095524 0.709818
vt 0.095541 0.713892
vt 0.095064 0.718018
vt 0.095897 0.717964
vt 0.095795 0.721928
vt 0.096580 0.721877
vt 0.096856 0.725527
vt 0.097562 0.725481
vt 0.098206 0.728676
vt 0.098807 0.728637
vt 0.096501 0.702283
vt 0.095795 0.702328
vt 0.096040 0.701595
vt 0.096722 0.701550
vt 0.099794 0.731255
vt 0.100266 0.731225
vt 0.095064 0.705949
vt 0.095849 0.705898
vt 0.378930 0.430164
vt 0.098551 0.725433
vt 0.099648 0.728597
vt 0.097490 0.702235
vt 0.097653 0.701599
vt 0.100927 0.731193
vt 0.096948 0.705844
vt 0.101884 0.733144
vt 0.102339 0.733122
vt 0.096691 0.709761
vt 0.378884 0.427781
vt 0.379360 0.425614
vt 0.096730 0.713834
vt 0.097064 0.717907
vt 0.097678 0.721824
vt 0.098146 0.709705
vt 0.098214 0.713777
vt 0.379217 0.425357
vt 0.098519 0.717851
vt 0.099049 0.721771
vt 0.099785 0.725385
vt 0.100697 0.728556
vt 0.098724 0.702187
vt 0.098812 0.701742
vt 0.101752 0.731161
vt 0.098318 0.705791
vt 0.102907 0.733100
vt 0.378604 0.427277
vt 0.101216 0.725339
vt 0.101914 0.728517
vt 0.100155 0.702141
vt 0.100176 0.701978
vt 0.102708 0.731130
vt 0.099908 0.705740
vt 0.103566 0.733078
vt 0.099834 0.709650
vt 0.378373 0.426612
vt 0.379099 0.425018
vt 0.099935 0.713721
vt 0.100207 0.717796
vt 0.100639 0.721719
vt 0.379012 0.424610
vt 0.101827 0.713670
vt 0.102062 0.717746
vt 0.102387 0.721672
vt 0.102789 0.725296
vt 0.103252 0.728480
vt 0.100855 0.702122
vt 0.103759 0.731101
vt 0.101724 0.702311
vt 0.101656 0.705693
vt 0.104290 0.733059
vt 0.101690 0.709600
vt 0.104455 0.734287
vt 0.104824 0.734277
vt 0.104659 0.728449
vt 0.104865 0.731076
vt 0.103495 0.705651
vt 0.103404 0.702734
vt 0.105051 0.733041
vt 0.103642 0.709556
vt 0.105213 0.734268
vt 0.103817 0.713625
vt 0.378958 0.424149
vt 0.104015 0.717702
vt 0.104226 0.721630
vt 0.104444 0.725259
vt 0.105988 0.717666
vt 0.106085 0.721596
vt 0.106117 0.725228
vt 0.106082 0.728422
vt 0.105983 0.731056
vt 0.105354 0.705617
vt 0.105156 0.703229
vt 0.105821 0.733027
vt 0.105616 0.709520
vt 0.105605 0.734261
vt 0.105830 0.713588
vt 0.378940 0.423653
vt 0.105987 0.734256
vt 0.300780 0.507633
vt 0.300794 0.507474
vt 0.301162 0.505309
vt 0.301684 0.503373
vt 0.302341 0.501756
vt 0.303108 0.500534
vt 0.303950 0.499765
vt 0.304831 0.499487
vt 0.305711 0.499712
vt 0.306552 0.500427
vt 0.307318 0.501594
vt 0.307976 0.503157
vt 0.308501 0.505039
vt 0.308519 0.505139
vt 0.308847 0.507190
vt 0.309025 0.509453
vt 0.309038 0.511731
vt 0.308895 0.513937
vt 0.308609 0.515998
vt 0.308195 0.517850
vt 0.307903 0.518737
vt 0.307664 0.519422
vt 0.307044 0.520671
vt 0.306365 0.521595
vt 0.305644 0.522179
vt 0.304900 0.522415
vt 0.304151 0.522296
vt 0.303417 0.521820
vt 0.302715 0.520989
vt 0.302445 0.520497
vt 0.302077 0.519785
vt 0.301531 0.518237
vt 0.301092 0.516405
vt 0.300783 0.514340
vt 0.300621 0.512108
vt 0.300621 0.509788
vt 0.848653 0.510580
vt 0.848930 0.507981
vt 0.850312 0.507813
vt 0.849739 0.510448
vt 0.849669 0.485052
vt 0.847863 0.485272
vt 0.847576 0.483459
vt 0.849419 0.483859
vt 0.848257 0.512516
vt 0.849005 0.512425
vt 0.848342 0.489175
vt 0.850260 0.488942
vt 0.847759 0.513713
vt 0.848140 0.513666
vt 0.848716 0.493237
vt 0.850671 0.492999
vt 0.379727 0.439850
vt 0.378820 0.439799
vt 0.378856 0.439286
vt 0.848968 0.497301
vt 0.850886 0.497067
vt 0.849091 0.501211
vt 0.850897 0.500991
vt 0.849077 0.504817
vt 0.850703 0.504619
vt 0.852165 0.504431
vt 0.851555 0.507653
vt 0.850716 0.510322
vt 0.851294 0.484843
vt 0.851147 0.484272
vt 0.849679 0.512338
vt 0.851985 0.488720
vt 0.378058 0.438751
vt 0.378195 0.437787
vt 0.378926 0.438794
vt 0.852430 0.492772
vt 0.852611 0.496845
vt 0.852522 0.500782
vt 0.379027 0.438344
vt 0.187077 0.209109
vt 0.187077 0.205027
vt 0.188596 0.205002
vt 0.188567 0.209084
vt 0.187125 0.213039
vt 0.188529 0.213016
vt 0.187220 0.216666
vt 0.188484 0.216645
vt 0.187359 0.219851
vt 0.188433 0.219834
vt 0.187535 0.222472
vt 0.188379 0.222458
vt 0.852611 0.484662
vt 0.187742 0.224428
vt 0.188323 0.224418
vt 0.188616 0.200926
vt 0.187125 0.200951
vt 0.187220 0.197036
vt 0.188559 0.197014
vt 0.188624 0.197041
vt 0.378394 0.436903
vt 0.189501 0.219820
vt 0.189218 0.222447
vt 0.188901 0.224411
vt 0.190097 0.200907
vt 0.190031 0.197576
vt 0.378648 0.436133
vt 0.379156 0.437951
vt 0.190106 0.204983
vt 0.190048 0.209065
vt 0.189924 0.212998
vt 0.189739 0.216629
vt 0.191548 0.204971
vt 0.191462 0.209054
vt 0.191256 0.212987
vt 0.190939 0.216619
vt 0.190521 0.219811
vt 0.190019 0.222441
vt 0.189453 0.224406
vt 0.191511 0.200895
vt 0.191395 0.198042
vt 0.378946 0.435507
vt 0.379308 0.437632
vt 0.191453 0.219808
vt 0.190752 0.222438
vt 0.189958 0.224404
vt 0.192804 0.200891
vt 0.192656 0.198418
vt 0.379277 0.435048
vt 0.379477 0.437398
vt 0.192867 0.204966
vt 0.192756 0.209049
vt 0.192475 0.212982
vt 0.192035 0.216615
vt 0.193879 0.209051
vt 0.193532 0.212985
vt 0.192987 0.216617
vt 0.192263 0.219810
vt 0.191388 0.222440
vt 0.190396 0.224405
vt 0.193758 0.198685
vt 0.193927 0.200893
vt 0.379628 0.434774
vt 0.379656 0.437258
vt 0.194012 0.204969
vt 0.379644 0.432493
vt 0.380164 0.432379
vt 0.379986 0.434696
vt 0.194650 0.198832
vt 0.194836 0.200903
vt 0.379839 0.437218
vt 0.194939 0.204979
vt 0.194788 0.209061
vt 0.194389 0.212994
vt 0.193757 0.216626
vt 0.192918 0.219817
vt 0.191903 0.222445
vt 0.195448 0.209078
vt 0.195011 0.213010
vt 0.194317 0.216640
vt 0.193394 0.219829
vt 0.380366 0.430358
vt 0.381015 0.430580
vt 0.380674 0.432554
vt 0.380338 0.434816
vt 0.195290 0.198850
vt 0.195496 0.200920
vt 0.380018 0.437280
vt 0.195612 0.204996
vt 0.381155 0.433010
vt 0.380669 0.435131
vt 0.569793 0.361655
vt 0.568853 0.363694
vt 0.568092 0.363501
vt 0.568998 0.361592
vt 0.380186 0.437440
vt 0.566823 0.367387
vt 0.567599 0.367583
vt 0.566046 0.371400
vt 0.566807 0.371593
vt 0.565790 0.375387
vt 0.566507 0.375568
vt 0.566066 0.379193
vt 0.566711 0.379357
vt 0.566863 0.382674
vt 0.567412 0.382813
vt 0.568151 0.385695
vt 0.568582 0.385805
vt 0.567651 0.375861
vt 0.567741 0.379620
vt 0.568287 0.383037
vt 0.569270 0.385981
vt 0.570176 0.388216
vt 0.570650 0.388337
vt 0.571075 0.361712
vt 0.570068 0.364005
vt 0.380966 0.435627
vt 0.380338 0.437693
vt 0.568837 0.367900
vt 0.568021 0.371904
vt 0.381220 0.436286
vt 0.380467 0.438029
vt 0.571688 0.364422
vt 0.570490 0.368325
vt 0.569642 0.372320
vt 0.569177 0.376253
vt 0.569115 0.379974
vt 0.569456 0.383338
vt 0.570188 0.386217
vt 0.571282 0.388499
vt 0.572782 0.361759
vt 0.570781 0.380403
vt 0.570873 0.383703
vt 0.571301 0.386503
vt 0.572049 0.388697
vt 0.573654 0.364928
vt 0.574833 0.361796
vt 0.572698 0.390099
vt 0.573088 0.390199
vt 0.572493 0.368841
vt 0.380569 0.438435
vt 0.571607 0.372827
vt 0.571029 0.376731
vt 0.575887 0.365505
vt 0.574771 0.369430
vt 0.380639 0.438896
vt 0.573841 0.373404
vt 0.573133 0.377274
vt 0.572675 0.380892
vt 0.572483 0.384119
vt 0.572566 0.386830
vt 0.572921 0.388922
vt 0.577134 0.361820
vt 0.573533 0.390314
vt 0.574723 0.381422
vt 0.574226 0.384569
vt 0.573935 0.387184
vt 0.579424 0.362369
vt 0.577304 0.361821
vt 0.579601 0.361829
vt 0.573864 0.389166
vt 0.578304 0.366130
vt 0.574014 0.390438
vt 0.577235 0.370067
vt 0.380674 0.439394
vt 0.576258 0.374029
vt 0.575410 0.377863
vt 0.380674 0.439909
vt 0.579791 0.370729
vt 0.578764 0.374678
vt 0.577771 0.378474
vt 0.576849 0.381972
vt 0.576033 0.385038
vt 0.575355 0.387552
vt 0.582080 0.361824
vt 0.581786 0.362980
vt 0.574842 0.389419
vt 0.580811 0.366779
vt 0.574512 0.390568
vt 0.577836 0.385505
vt 0.576772 0.387919
vt 0.584470 0.361808
vt 0.584141 0.363591
vt 0.575818 0.389672
vt 0.583312 0.367428
vt 0.575010 0.390697
vt 0.582341 0.371390
vt 0.380639 0.440422
vt 0.581265 0.375326
vt 0.580127 0.379085
vt 0.578969 0.382522
vt 0.584786 0.372025
vt 0.583663 0.375949
vt 0.582386 0.379672
vt 0.581002 0.383050
vt 0.579565 0.385954
vt 0.578130 0.388272
vt 0.586685 0.361780
vt 0.586400 0.364178
vt 0.576753 0.389915
vt 0.585710 0.368051
vt 0.575487 0.390820
vt 0.380569 0.440913
vt 0.581154 0.386367
vt 0.579379 0.388597
vt 0.588656 0.361743
vt 0.588476 0.364718
vt 0.577613 0.390139
vt 0.587914 0.368624
vt 0.575925 0.390934
vt 0.587033 0.372610
vt 0.380467 0.441364
vt 0.585867 0.376522
vt 0.584462 0.380212
vt 0.582870 0.383536
vt 0.587792 0.377024
vt 0.586274 0.380684
vt 0.584502 0.383961
vt 0.582541 0.386729
vt 0.580469 0.388881
vt 0.590327 0.361698
vt 0.590289 0.365191
vt 0.578364 0.390335
vt 0.589838 0.369125
vt 0.381220 0.442828
vt 0.380966 0.443598
vt 0.380338 0.441756
vt 0.588995 0.373121
vt 0.581359 0.389114
vt 0.578977 0.390495
vt 0.591769 0.365577
vt 0.591410 0.369536
vt 0.380669 0.444224
vt 0.380186 0.442076
vt 0.590597 0.373540
vt 0.589363 0.377435
vt 0.587754 0.381071
vt 0.585834 0.384310
vt 0.583674 0.387025
vt 0.591634 0.361647
vt 0.591662 0.361816
vt 0.591100 0.361669
vt 0.588845 0.381358
vt 0.586815 0.384567
vt 0.584509 0.387244
vt 0.592544 0.361592
vt 0.592644 0.362074
vt 0.177149 0.397939
vt 0.177248 0.395287
vt 0.178101 0.395227
vt 0.177819 0.397892
vt 0.592860 0.365864
vt 0.176981 0.399932
vt 0.177443 0.399900
vt 0.592567 0.369840
vt 0.380338 0.444683
vt 0.380018 0.442310
vt 0.591778 0.373850
vt 0.590521 0.377739
vt 0.177863 0.376267
vt 0.177499 0.372377
vt 0.178515 0.372314
vt 0.178942 0.376201
vt 0.379986 0.444957
vt 0.379839 0.442450
vt 0.178131 0.380331
vt 0.179231 0.380264
vt 0.178293 0.384413
vt 0.179372 0.384347
vt 0.178342 0.388355
vt 0.179359 0.388293
vt 0.178278 0.392007
vt 0.179192 0.391950
vt 0.178879 0.395179
vt 0.177967 0.368753
vt 0.177053 0.368809
vt 0.176981 0.368377
vt 0.177838 0.368133
vt 0.178430 0.397854
vt 0.380674 0.446879
vt 0.380164 0.447277
vt 0.180238 0.388249
vt 0.179983 0.391911
vt 0.179552 0.395145
vt 0.178758 0.368714
vt 0.178582 0.368000
vt 0.178959 0.397828
vt 0.179394 0.372270
vt 0.379644 0.447390
vt 0.379628 0.445036
vt 0.179875 0.376154
vt 0.379656 0.442489
vt 0.180182 0.380216
vt 0.180305 0.384300
vt 0.379277 0.444915
vt 0.379477 0.442428
vt 0.835242 0.494527
vt 0.835128 0.490440
vt 0.835924 0.490405
vt 0.836054 0.494491
vt 0.835754 0.498566
vt 0.836550 0.498531
vt 0.836643 0.502403
vt 0.837393 0.502369
vt 0.837875 0.505890
vt 0.838550 0.505860
vt 0.839402 0.508893
vt 0.839976 0.508868
vt 0.836767 0.482720
vt 0.836092 0.482750
vt 0.836332 0.481987
vt 0.836984 0.481957
vt 0.180094 0.395127
vt 0.179385 0.397814
vt 0.835415 0.486464
vt 0.836165 0.486431
vt 0.379134 0.447215
vt 0.839529 0.505792
vt 0.840809 0.508810
vt 0.837746 0.482652
vt 0.837906 0.481990
vt 0.841618 0.511277
vt 0.842272 0.511232
vt 0.837253 0.486355
vt 0.843412 0.512996
vt 0.843863 0.512964
vt 0.837079 0.490325
vt 0.378946 0.444601
vt 0.379308 0.442268
vt 0.837232 0.494409
vt 0.837705 0.498450
vt 0.838481 0.502294
vt 0.838548 0.490203
vt 0.838730 0.494285
vt 0.379156 0.442015
vt 0.839174 0.498328
vt 0.839865 0.502179
vt 0.840774 0.505689
vt 0.841868 0.508722
vt 0.838992 0.482549
vt 0.839077 0.482087
vt 0.843105 0.511163
vt 0.838637 0.486240
vt 0.844436 0.512917
vt 0.378648 0.444104
vt 0.842238 0.505554
vt 0.843114 0.508607
vt 0.840456 0.482414
vt 0.840476 0.482246
vt 0.844083 0.511073
vt 0.840264 0.486091
vt 0.845110 0.512855
vt 0.840276 0.490044
vt 0.378394 0.443445
vt 0.379027 0.441679
vt 0.840491 0.494123
vt 0.840901 0.498169
vt 0.841492 0.502029
vt 0.378926 0.441272
vt 0.842447 0.493929
vt 0.842820 0.497979
vt 0.843299 0.501850
vt 0.843865 0.505393
vt 0.844497 0.508470
vt 0.841180 0.482343
vt 0.845170 0.510965
vt 0.842082 0.482470
vt 0.842071 0.485912
vt 0.845858 0.512781
vt 0.842194 0.489854
vt 0.378195 0.442648
vt 0.845965 0.508316
vt 0.846323 0.510844
vt 0.843989 0.485710
vt 0.843843 0.482754
vt 0.846653 0.512697
vt 0.844231 0.489640
vt 0.846536 0.513848
vt 0.846941 0.513805
vt 0.844524 0.493711
vt 0.378856 0.440812
vt 0.844857 0.497766
vt 0.845217 0.501649
vt 0.845592 0.505212
vt 0.846933 0.497537
vt 0.847173 0.501433
vt 0.847352 0.505017
vt 0.847462 0.508151
vt 0.847499 0.510714
vt 0.845945 0.485494
vt 0.845695 0.483087
vt 0.847463 0.512608
vt 0.846307 0.489411
vt 0.847354 0.513760
vt 0.846640 0.493477
vt 0.378820 0.440314
vt 0.187235 0.284049
vt 0.187249 0.283884
vt 0.187616 0.281641
vt 0.188137 0.279637
vt 0.188793 0.277964
vt 0.189557 0.276702
vt 0.190397 0.275912
vt 0.191276 0.275631
vt 0.192154 0.275871
vt 0.192993 0.276620
vt 0.193757 0.277838
vt 0.194413 0.279464
vt 0.194937 0.281421
vt 0.194955 0.281525
vt 0.195282 0.283656
vt 0.195459 0.286005
vt 0.195473 0.288369
vt 0.195330 0.290657
vt 0.195044 0.292792
vt 0.194631 0.294710
vt 0.194340 0.295629
vt 0.194102 0.296337
vt 0.193484 0.297628
vt 0.192806 0.298581
vt 0.192087 0.299181
vt 0.191345 0.299420
vt 0.190598 0.299290
vt 0.189865 0.298790
vt 0.189166 0.297922
vt 0.188896 0.297409
vt 0.188529 0.296668
vt 0.187984 0.295057
vt 0.187546 0.293152
vt 0.187238 0.291008
vt 0.187077 0.288691
vt 0.187077 0.286284
vt 0.642395 0.187844
vt 0.642541 0.186697
vt 0.642877 0.185585
vt 0.643388 0.184553
vt 0.644057 0.183640
vt 0.644856 0.182881
vt 0.645755 0.182305
vt 0.646720 0.181934
vt 0.647713 0.181783
vt 0.648697 0.181858
vt 0.649633 0.182154
vt 0.650486 0.182662
vt 0.651222 0.183362
vt 0.651814 0.184226
vt 0.652239 0.185221
vt 0.652480 0.186310
vt 0.652529 0.187451
vt 0.652382 0.188598
vt 0.652047 0.189710
vt 0.651535 0.190742
vt 0.650867 0.191655
vt 0.650068 0.192414
vt 0.649168 0.192990
vt 0.648204 0.193361
vt 0.647210 0.193512
vt 0.646227 0.193437
vt 0.645290 0.193141
vt 0.644438 0.192633
vt 0.643701 0.191933
vt 0.643109 0.191069
vt 0.642684 0.190074
vt 0.642443 0.188985
vt 0.309837 0.513699
vt 0.311581 0.513853
vt 0.311445 0.515159
vt 0.309700 0.515016
vt 0.311177 0.516420
vt 0.309430 0.516288
vt 0.310789 0.517587
vt 0.309038 0.517466
vt 0.447913 0.578903
vt 0.450009 0.578938
vt 0.450013 0.580072
vt 0.447916 0.580047
vt 0.450015 0.581314
vt 0.447918 0.581300
vt 0.450016 0.582615
vt 0.447920 0.582614
vt 0.450016 0.583927
vt 0.447920 0.583937
vt 0.450015 0.585197
vt 0.447918 0.585219
vt 0.450013 0.586378
vt 0.447916 0.586410
vt 0.450009 0.587424
vt 0.447913 0.587466
vt 0.108878 0.553029
vt 0.110617 0.553129
vt 0.110325 0.554366
vt 0.108584 0.554276
vt 0.110176 0.555664
vt 0.108433 0.555587
vt 0.110176 0.556975
vt 0.108433 0.556910
vt 0.110325 0.558249
vt 0.108584 0.558194
vt 0.309837 0.512386
vt 0.311581 0.512552
vt 0.110617 0.559435
vt 0.108878 0.559391
vt 0.111040 0.560488
vt 0.109305 0.560455
vt 0.381640 0.476349
vt 0.379544 0.476305
vt 0.379594 0.475566
vt 0.381691 0.475603
vt 0.379635 0.474630
vt 0.381732 0.474659
vt 0.379666 0.473532
vt 0.381763 0.473551
vt 0.379685 0.472314
vt 0.381782 0.472322
vt 0.379691 0.471024
vt 0.381789 0.471020
vt 0.379685 0.469710
vt 0.381782 0.469694
vt 0.379666 0.468424
vt 0.381763 0.468397
vt 0.379635 0.467215
vt 0.381732 0.467176
vt 0.379594 0.466128
vt 0.381691 0.466080
vt 0.379544 0.465207
vt 0.381640 0.465151
vt 0.379486 0.464486
vt 0.381582 0.464423
vt 0.641713 0.182580
vt 0.642830 0.182908
vt 0.642074 0.183941
vt 0.640950 0.183623
vt 0.309038 0.508969
vt 0.310789 0.509166
vt 0.311177 0.510163
vt 0.309430 0.509974
vt 0.629820 0.172785
vt 0.630251 0.171554
vt 0.630876 0.170442
vt 0.631672 0.169493
vt 0.632609 0.168742
vt 0.633649 0.168219
vt 0.634753 0.167944
vt 0.635879 0.167926
vt 0.636983 0.168168
vt 0.638023 0.168659
vt 0.638959 0.169381
vt 0.639756 0.170305
vt 0.640381 0.171397
vt 0.640812 0.172615
vt 0.641032 0.173911
vt 0.641032 0.175236
vt 0.640812 0.176539
vt 0.640381 0.177770
vt 0.639756 0.178881
vt 0.638959 0.179831
vt 0.638023 0.180581
vt 0.636983 0.181104
vt 0.635879 0.181380
vt 0.634753 0.181397
vt 0.633649 0.181156
vt 0.632609 0.180665
vt 0.631672 0.179943
vt 0.630876 0.179019
vt 0.630251 0.177926
vt 0.629820 0.176709
vt 0.629600 0.175413
vt 0.629600 0.174088
vt 0.309700 0.511128
vt 0.311445 0.511306
vt 0.640950 0.187664
vt 0.641116 0.186366
vt 0.641005 0.188954
vt 0.641277 0.190186
vt 0.641758 0.191312
vt 0.642428 0.192290
vt 0.451517 0.579393
vt 0.451520 0.580396
vt 0.451522 0.581494
vt 0.451523 0.582644
vt 0.451523 0.583803
vt 0.451522 0.584926
vt 0.113096 0.551658
vt 0.112619 0.552519
vt 0.111040 0.552003
vt 0.111579 0.551029
vt 0.112244 0.553515
vt 0.111986 0.554608
vt 0.111855 0.555755
vt 0.111855 0.556914
vt 0.111986 0.558040
vt 0.112244 0.559088
vt 0.112619 0.560020
vt 0.111579 0.561369
vt 0.113096 0.560798
vt 0.378058 0.474976
vt 0.378095 0.474148
vt 0.378122 0.473177
vt 0.378139 0.472101
vt 0.378144 0.470961
vt 0.378139 0.469800
vt 0.378122 0.468663
vt 0.378095 0.467594
vt 0.378058 0.466633
vt 0.643734 0.182049
vt 0.644751 0.181397
vt 0.641495 0.185108
vt 0.575834 0.393043
vt 0.576351 0.394003
vt 0.576704 0.395073
vt 0.576880 0.396209
vt 0.576872 0.397370
vt 0.576680 0.398510
vt 0.576311 0.399586
vt 0.575781 0.400556
vt 0.575108 0.401382
vt 0.574320 0.402034
vt 0.573446 0.402486
vt 0.572520 0.402720
vt 0.571577 0.402728
vt 0.570654 0.402510
vt 0.569786 0.402073
vt 0.569007 0.401435
vt 0.568346 0.400620
vt 0.567830 0.399660
vt 0.567476 0.398590
vt 0.567301 0.397453
vt 0.567309 0.396293
vt 0.567501 0.395153
vt 0.567869 0.394077
vt 0.568400 0.393107
vt 0.569072 0.392281
vt 0.569861 0.391629
vt 0.570735 0.391177
vt 0.571661 0.390943
vt 0.572603 0.390934
vt 0.573526 0.391153
vt 0.574394 0.391590
vt 0.575173 0.392228
vt 0.311510 0.525375
vt 0.309801 0.525361
vt 0.309429 0.524218
vt 0.311134 0.524221
vt 0.630867 0.185013
vt 0.629780 0.184286
vt 0.630563 0.183233
vt 0.631658 0.183951
vt 0.576893 0.390934
vt 0.578991 0.390976
vt 0.578984 0.391961
vt 0.576887 0.391928
vt 0.578980 0.393096
vt 0.576882 0.393073
vt 0.578977 0.394338
vt 0.576880 0.394326
vt 0.578977 0.395639
vt 0.576880 0.395640
vt 0.578980 0.396950
vt 0.576882 0.396963
vt 0.578984 0.398221
vt 0.576887 0.398244
vt 0.578991 0.399401
vt 0.576893 0.399435
vt 0.578999 0.400446
vt 0.576902 0.400490
vt 0.579009 0.401316
vt 0.576912 0.401368
vt 0.188990 0.531481
vt 0.190627 0.531479
vt 0.191002 0.532651
vt 0.189369 0.532663
vt 0.191233 0.533915
vt 0.189603 0.533939
vt 0.191312 0.535225
vt 0.189681 0.535260
vt 0.311742 0.526633
vt 0.310030 0.526608
vt 0.191233 0.536529
vt 0.189603 0.536576
vt 0.191002 0.537777
vt 0.189369 0.537836
vt 0.190627 0.538922
vt 0.188990 0.538991
vt 0.381703 0.529992
vt 0.379609 0.529965
vt 0.379680 0.529050
vt 0.381774 0.529070
vt 0.379732 0.527970
vt 0.381826 0.527979
vt 0.379764 0.526764
vt 0.381859 0.526763
vt 0.379775 0.525480
vt 0.381870 0.525467
vt 0.379764 0.524167
vt 0.381859 0.524142
vt 0.379732 0.522875
vt 0.381826 0.522838
vt 0.379680 0.521654
vt 0.381774 0.521606
vt 0.379609 0.520550
vt 0.381703 0.520492
vt 0.379524 0.519607
vt 0.381616 0.519540
vt 0.310629 0.532775
vt 0.308927 0.532695
vt 0.309429 0.531660
vt 0.311134 0.531731
vt 0.309801 0.530487
vt 0.311510 0.530547
vt 0.310030 0.529221
vt 0.311742 0.529270
vt 0.629818 0.187403
vt 0.630246 0.186179
vt 0.632587 0.183032
vt 0.633620 0.182294
vt 0.634716 0.181763
vt 0.635834 0.181460
vt 0.636930 0.181397
vt 0.637963 0.181577
vt 0.638893 0.181992
vt 0.639683 0.182626
vt 0.640304 0.183456
vt 0.640732 0.184449
vt 0.640950 0.185566
vt 0.640950 0.186766
vt 0.640732 0.188002
vt 0.640304 0.189226
vt 0.639683 0.190392
vt 0.638893 0.191455
vt 0.637963 0.192373
vt 0.636930 0.193112
vt 0.635834 0.193643
vt 0.634716 0.193945
vt 0.633620 0.194008
vt 0.632587 0.193828
vt 0.631658 0.193413
vt 0.630867 0.192779
vt 0.630246 0.191949
vt 0.629818 0.190957
vt 0.629600 0.189839
vt 0.629600 0.188639
vt 0.311820 0.527948
vt 0.310108 0.527911
vt 0.308433 0.527902
vt 0.308365 0.526750
vt 0.308162 0.525648
vt 0.307833 0.524638
vt 0.308927 0.523223
vt 0.307390 0.523759
vt 0.308317 0.522415
vt 0.306850 0.523044
vt 0.580501 0.392414
vt 0.580497 0.393418
vt 0.580494 0.394516
vt 0.580495 0.395666
vt 0.580497 0.396825
vt 0.580501 0.397948
vt 0.566433 0.393682
vt 0.567033 0.392585
vt 0.566017 0.394899
vt 0.565799 0.396189
vt 0.565790 0.397502
vt 0.565989 0.398788
vt 0.566388 0.399998
vt 0.566973 0.401085
vt 0.567721 0.402007
vt 0.568602 0.402728
vt 0.378058 0.529370
vt 0.378120 0.528562
vt 0.378166 0.527607
vt 0.378195 0.526542
vt 0.378204 0.525407
vt 0.378195 0.524246
vt 0.378166 0.523103
vt 0.378120 0.522024
vt 0.378058 0.521049
vt 0.308317 0.533553
vt 0.306850 0.532889
vt 0.307390 0.532131
vt 0.307833 0.531216
vt 0.308162 0.530179
vt 0.308365 0.529060
vt 0.305686 0.560508
vt 0.306793 0.560530
vt 0.307878 0.560777
vt 0.308900 0.561241
vt 0.309821 0.561903
vt 0.310603 0.562737
vt 0.311218 0.563713
vt 0.311641 0.564792
vt 0.311857 0.565933
vt 0.311857 0.567092
vt 0.311641 0.568224
vt 0.311218 0.569286
vt 0.310603 0.570238
vt 0.309821 0.571042
vt 0.308900 0.571668
vt 0.307878 0.572091
vt 0.306793 0.572296
vt 0.305686 0.572275
vt 0.304601 0.572027
vt 0.303578 0.571564
vt 0.302658 0.570902
vt 0.301875 0.570067
vt 0.301261 0.569091
vt 0.300837 0.568012
vt 0.300621 0.566872
vt 0.300621 0.565713
vt 0.300837 0.564580
vt 0.301261 0.563518
vt 0.301875 0.562566
vt 0.302658 0.561762
vt 0.303578 0.561136
vt 0.304601 0.560713
vt 0.112571 0.573076
vt 0.110499 0.573090
vt 0.110386 0.571950
vt 0.112457 0.571927
vt 0.110233 0.570960
vt 0.112303 0.570928
vt 0.108696 0.580486
vt 0.110793 0.580528
vt 0.110773 0.581519
vt 0.108675 0.581486
vt 0.110758 0.582659
vt 0.108660 0.582636
vt 0.110749 0.583905
vt 0.108651 0.583893
vt 0.110746 0.585208
vt 0.108648 0.585208
vt 0.110749 0.586518
vt 0.108651 0.586530
vt 0.110758 0.587786
vt 0.108660 0.587809
vt 0.110773 0.588962
vt 0.108675 0.588995
vt 0.110793 0.590001
vt 0.108696 0.590044
vt 0.191312 0.572948
vt 0.193362 0.572979
vt 0.193520 0.574016
vt 0.191471 0.573994
vt 0.193638 0.575190
vt 0.191590 0.575179
vt 0.193710 0.576457
vt 0.191663 0.576457
vt 0.193735 0.577767
vt 0.191688 0.577779
vt 0.112642 0.574333
vt 0.110569 0.574335
vt 0.193710 0.579070
vt 0.191663 0.579095
vt 0.193638 0.580317
vt 0.191590 0.580352
vt 0.193521 0.581458
vt 0.191471 0.581504
vt 0.193362 0.582451
vt 0.191312 0.582506
vt 0.381807 0.518698
vt 0.379718 0.518671
vt 0.379799 0.517626
vt 0.381889 0.517643
vt 0.379855 0.516445
vt 0.381945 0.516452
vt 0.379883 0.515175
vt 0.381974 0.515170
vt 0.379883 0.513864
vt 0.381974 0.513847
vt 0.379855 0.512562
vt 0.381945 0.512534
vt 0.379799 0.511320
vt 0.381889 0.511281
vt 0.379718 0.510185
vt 0.381807 0.510135
vt 0.379614 0.509201
vt 0.381702 0.509142
vt 0.112303 0.580486
vt 0.110233 0.580432
vt 0.110386 0.579392
vt 0.112457 0.579436
vt 0.110499 0.578216
vt 0.112571 0.578249
vt 0.110569 0.576948
vt 0.112642 0.576970
vt 0.591875 0.180365
vt 0.592886 0.181109
vt 0.593746 0.182052
vt 0.594422 0.183159
vt 0.594888 0.184387
vt 0.595125 0.185688
vt 0.595125 0.187013
vt 0.594888 0.188312
vt 0.594422 0.189533
vt 0.593746 0.190630
vt 0.592886 0.191560
vt 0.591875 0.192289
vt 0.590751 0.192788
vt 0.589558 0.193038
vt 0.588341 0.193029
vt 0.587148 0.192762
vt 0.586025 0.192247
vt 0.585013 0.191503
vt 0.584153 0.190560
vt 0.583477 0.189453
vt 0.583012 0.188225
vt 0.582774 0.186923
vt 0.582774 0.185598
vt 0.583012 0.184300
vt 0.583477 0.183079
vt 0.584153 0.181982
vt 0.585013 0.181051
vt 0.586025 0.180322
vt 0.587148 0.179823
vt 0.588342 0.179573
vt 0.589558 0.179582
vt 0.590751 0.179850
vt 0.112666 0.575647
vt 0.110593 0.575637
vt 0.108966 0.575652
vt 0.108945 0.574501
vt 0.108883 0.573400
vt 0.108783 0.572393
vt 0.108648 0.571518
vt 0.112317 0.581093
vt 0.112299 0.581969
vt 0.112285 0.582977
vt 0.112277 0.584077
vt 0.112274 0.585229
vt 0.112277 0.586388
vt 0.112285 0.587508
vt 0.112299 0.588547
vt 0.112317 0.589466
vt 0.301731 0.571581
vt 0.300845 0.570637
vt 0.194881 0.574423
vt 0.194984 0.575461
vt 0.195048 0.576581
vt 0.195070 0.577739
vt 0.195048 0.578891
vt 0.194984 0.579993
vt 0.194881 0.581002
vt 0.379614 0.519541
vt 0.378058 0.518921
vt 0.378150 0.518152
vt 0.378222 0.517228
vt 0.378271 0.516185
vt 0.378296 0.515062
vt 0.378296 0.513903
vt 0.378271 0.512752
vt 0.378222 0.511654
vt 0.378150 0.510651
vt 0.378058 0.509781
vt 0.108648 0.579891
vt 0.108783 0.578971
vt 0.108883 0.577931
vt 0.108945 0.576811
vt 0.645766 0.168133
vt 0.646869 0.167926
vt 0.647965 0.167930
vt 0.649011 0.168143
vt 0.649967 0.168558
vt 0.650796 0.169159
vt 0.651466 0.169922
vt 0.651952 0.170818
vt 0.652235 0.171813
vt 0.652304 0.172869
vt 0.652156 0.173945
vt 0.651798 0.174999
vt 0.651242 0.175992
vt 0.650511 0.176884
vt 0.649631 0.177643
vt 0.648638 0.178237
vt 0.647570 0.178646
vt 0.646466 0.178852
vt 0.645370 0.178849
vt 0.644325 0.178635
vt 0.643369 0.178220
vt 0.642540 0.177620
vt 0.641869 0.176857
vt 0.641383 0.175960
vt 0.641100 0.174965
vt 0.641032 0.173909
vt 0.641179 0.172834
vt 0.641538 0.171779
vt 0.642093 0.170787
vt 0.642825 0.169894
vt 0.643704 0.169136
vt 0.644697 0.168541
vt 0.112504 0.563524
vt 0.110495 0.563531
vt 0.110301 0.562389
vt 0.112308 0.562372
vt 0.110040 0.561396
vt 0.112045 0.561369
vt 0.378338 0.498749
vt 0.380426 0.498811
vt 0.380319 0.499806
vt 0.378231 0.499753
vt 0.380235 0.500949
vt 0.378146 0.500907
vt 0.380178 0.502196
vt 0.378088 0.502165
vt 0.380148 0.503500
vt 0.378058 0.503481
vt 0.380148 0.504810
vt 0.378058 0.504803
vt 0.380178 0.506076
vt 0.378088 0.506080
vt 0.380235 0.507249
vt 0.378146 0.507264
vt 0.380319 0.508284
vt 0.378231 0.508308
vt 0.580501 0.390934
vt 0.582474 0.390956
vt 0.582740 0.391995
vt 0.580769 0.391983
vt 0.582938 0.393171
vt 0.580969 0.393169
vt 0.583060 0.394438
vt 0.581092 0.394448
vt 0.583101 0.395748
vt 0.581134 0.395771
vt 0.112625 0.564783
vt 0.110615 0.564778
vt 0.583060 0.397051
vt 0.581092 0.397085
vt 0.582938 0.398297
vt 0.580969 0.398342
vt 0.582740 0.399437
vt 0.580769 0.399492
vt 0.582474 0.400427
vt 0.580501 0.400492
vt 0.587842 0.400496
vt 0.585745 0.400446
vt 0.585778 0.399442
vt 0.587875 0.399482
vt 0.585804 0.398292
vt 0.587901 0.398322
vt 0.585822 0.397040
vt 0.587919 0.397059
vt 0.585831 0.395735
vt 0.587928 0.395742
vt 0.585831 0.394426
vt 0.587928 0.394421
vt 0.585822 0.393164
vt 0.587919 0.393147
vt 0.585804 0.391997
vt 0.587901 0.391970
vt 0.585778 0.390971
vt 0.587875 0.390934
vt 0.112045 0.570928
vt 0.110040 0.570868
vt 0.110301 0.569832
vt 0.112308 0.569882
vt 0.110495 0.568658
vt 0.112504 0.568698
vt 0.110615 0.567392
vt 0.112625 0.567420
vt 0.608872 0.383122
vt 0.609931 0.382603
vt 0.611056 0.382332
vt 0.612203 0.382319
vt 0.613328 0.382565
vt 0.614387 0.383060
vt 0.615341 0.383785
vt 0.616151 0.384713
vt 0.616789 0.385808
vt 0.617227 0.387027
vt 0.617451 0.388324
vt 0.617451 0.389650
vt 0.617227 0.390952
vt 0.616789 0.392181
vt 0.616151 0.393290
vt 0.615341 0.394237
vt 0.614387 0.394984
vt 0.613328 0.395503
vt 0.612203 0.395774
vt 0.611056 0.395787
vt 0.609931 0.395541
vt 0.608872 0.395046
vt 0.607919 0.394321
vt 0.607108 0.393393
vt 0.606471 0.392298
vt 0.606032 0.391079
vt 0.605808 0.389782
vt 0.605808 0.388456
vt 0.606032 0.387154
vt 0.606471 0.385925
vt 0.607108 0.384816
vt 0.607919 0.383869
vt 0.112666 0.566098
vt 0.110655 0.566082
vt 0.108977 0.566089
vt 0.108942 0.564937
vt 0.108836 0.563834
vt 0.108664 0.562825
vt 0.108433 0.561947
vt 0.381983 0.499387
vt 0.381888 0.500267
vt 0.381814 0.501277
vt 0.381763 0.502380
vt 0.381737 0.503532
vt 0.381737 0.504690
vt 0.381763 0.505809
vt 0.381814 0.506846
vt 0.381888 0.507761
vt 0.380426 0.509142
vt 0.381983 0.508519
vt 0.583964 0.392393
vt 0.584139 0.393432
vt 0.584247 0.394553
vt 0.646901 0.180138
vt 0.645661 0.180134
vt 0.648149 0.179904
vt 0.649358 0.179442
vt 0.650482 0.178769
vt 0.651477 0.177912
vt 0.652304 0.176902
vt 0.584247 0.398997
vt 0.584270 0.397980
vt 0.584286 0.396873
vt 0.584294 0.395720
vt 0.584294 0.394563
vt 0.584286 0.393447
vt 0.584270 0.392416
vt 0.584247 0.391508
vt 0.108433 0.570320
vt 0.108664 0.569404
vt 0.108836 0.568366
vt 0.108942 0.567247
vt 0.655051 0.313662
vt 0.655210 0.314806
vt 0.655210 0.315966
vt 0.655051 0.317097
vt 0.654738 0.318155
vt 0.654285 0.319100
vt 0.653707 0.319896
vt 0.653028 0.320511
vt 0.652273 0.320922
vt 0.651472 0.321114
vt 0.650655 0.321078
vt 0.649854 0.320817
vt 0.649099 0.320341
vt 0.648420 0.319667
vt 0.647843 0.318822
vt 0.647389 0.317837
vt 0.647076 0.316752
vt 0.646917 0.315607
vt 0.646917 0.314447
vt 0.647076 0.313317
vt 0.647389 0.312258
vt 0.647843 0.311313
vt 0.648420 0.310518
vt 0.649099 0.309903
vt 0.649854 0.309492
vt 0.650655 0.309300
vt 0.651472 0.309335
vt 0.652273 0.309596
vt 0.653028 0.310073
vt 0.653707 0.310747
vt 0.654285 0.311592
vt 0.654738 0.312576
vt 0.657822 0.312095
vt 0.656294 0.312185
vt 0.655781 0.311072
vt 0.657304 0.310972
vt 0.378446 0.476349
vt 0.380536 0.476426
vt 0.380428 0.477183
vt 0.378337 0.477113
vt 0.380334 0.478134
vt 0.378242 0.478073
vt 0.380257 0.479244
vt 0.378164 0.479193
vt 0.380199 0.480470
vt 0.378106 0.480430
vt 0.380164 0.481764
vt 0.378070 0.481736
vt 0.380152 0.483078
vt 0.378058 0.483061
vt 0.380164 0.484359
vt 0.378070 0.484354
vt 0.380199 0.485559
vt 0.378106 0.485565
vt 0.380257 0.486633
vt 0.378164 0.486649
vt 0.380334 0.487538
vt 0.378242 0.487562
vt 0.308044 0.549169
vt 0.309370 0.548594
vt 0.310231 0.549502
vt 0.308912 0.550085
vt 0.310972 0.550561
vt 0.309661 0.551154
vt 0.311052 0.541904
vt 0.309363 0.541961
vt 0.309672 0.540778
vt 0.311363 0.540710
vt 0.658179 0.313334
vt 0.656648 0.313413
vt 0.309829 0.539507
vt 0.311522 0.539427
vt 0.309829 0.538196
vt 0.311522 0.538105
vt 0.309672 0.536897
vt 0.311363 0.536794
vt 0.309363 0.535659
vt 0.311052 0.535545
vt 0.591498 0.400496
vt 0.589401 0.400446
vt 0.589436 0.399427
vt 0.591533 0.399469
vt 0.589464 0.398266
vt 0.591561 0.398298
vt 0.589483 0.397008
vt 0.591580 0.397028
vt 0.589492 0.395700
vt 0.591590 0.395708
vt 0.589492 0.394394
vt 0.591590 0.394390
vt 0.589483 0.393138
vt 0.591580 0.393123
vt 0.589464 0.391982
vt 0.591561 0.391956
vt 0.589436 0.390970
vt 0.591533 0.390934
vt 0.178740 0.403858
vt 0.177142 0.403852
vt 0.176981 0.402562
vt 0.178578 0.402556
vt 0.176981 0.401249
vt 0.178578 0.401230
vt 0.177142 0.399962
vt 0.178740 0.399932
vt 0.300905 0.554551
vt 0.300664 0.553285
vt 0.300621 0.552049
vt 0.300777 0.550891
vt 0.301126 0.549854
vt 0.301654 0.548980
vt 0.302341 0.548301
vt 0.303162 0.547843
vt 0.304083 0.547625
vt 0.305070 0.547654
vt 0.306086 0.547930
vt 0.307090 0.548442
vt 0.310261 0.552335
vt 0.310689 0.553582
vt 0.310929 0.554848
vt 0.310972 0.556084
vt 0.310817 0.557243
vt 0.310468 0.558279
vt 0.309940 0.559154
vt 0.309252 0.559833
vt 0.308432 0.560290
vt 0.307511 0.560508
vt 0.306523 0.560479
vt 0.305508 0.560203
vt 0.304504 0.559692
vt 0.303549 0.558964
vt 0.302681 0.558048
vt 0.301933 0.556979
vt 0.301333 0.555798
vt 0.658361 0.314641
vt 0.656828 0.314708
vt 0.655127 0.310116
vt 0.654359 0.309354
vt 0.381889 0.478630
vt 0.381820 0.479611
vt 0.381770 0.480695
vt 0.381738 0.481839
vt 0.381728 0.482999
vt 0.381738 0.484132
vt 0.381770 0.485193
vt 0.381820 0.486142
vt 0.381889 0.486942
vt 0.308915 0.543011
vt 0.308345 0.543887
vt 0.306850 0.543325
vt 0.307354 0.542550
vt 0.307750 0.541622
vt 0.308023 0.540576
vt 0.308162 0.539452
vt 0.308162 0.538294
vt 0.308023 0.537146
vt 0.307750 0.536051
vt 0.308916 0.534530
vt 0.307354 0.535053
vt 0.306850 0.534189
vt 0.308345 0.533553
vt 0.587929 0.397966
vt 0.587945 0.396853
vt 0.587954 0.395697
vt 0.587954 0.394542
vt 0.587945 0.393432
vt 0.587929 0.392410
vt 0.655781 0.319566
vt 0.655127 0.320466
vt 0.656294 0.318497
vt 0.656648 0.317300
vt 0.656828 0.316021
vt 0.658361 0.315965
vt 0.644727 0.513483
vt 0.643587 0.513689
vt 0.642426 0.513689
vt 0.641289 0.513483
vt 0.640218 0.513078
vt 0.639257 0.512492
vt 0.638441 0.511745
vt 0.637801 0.510867
vt 0.637363 0.509891
vt 0.637143 0.508855
vt 0.637150 0.507799
vt 0.637383 0.506763
vt 0.637833 0.505787
vt 0.638484 0.504909
vt 0.639309 0.504162
vt 0.640278 0.503576
vt 0.641354 0.503171
vt 0.642494 0.502965
vt 0.643655 0.502965
vt 0.644792 0.503171
vt 0.645862 0.503576
vt 0.646824 0.504162
vt 0.647640 0.504909
vt 0.648279 0.505787
vt 0.648718 0.506763
vt 0.648937 0.507799
vt 0.648931 0.508855
vt 0.648698 0.509891
vt 0.648247 0.510867
vt 0.647597 0.511745
vt 0.646771 0.512492
vt 0.645802 0.513078
vt 0.311380 0.500333
vt 0.309434 0.500523
vt 0.309726 0.499684
vt 0.311675 0.499487
vt 0.378273 0.487562
vt 0.380368 0.487615
vt 0.380302 0.488343
vt 0.378206 0.488296
vt 0.380245 0.489270
vt 0.378149 0.489232
vt 0.380201 0.490361
vt 0.378105 0.490332
vt 0.380171 0.491574
vt 0.378074 0.491556
vt 0.380155 0.492861
vt 0.378058 0.492856
vt 0.380155 0.494175
vt 0.378058 0.494181
vt 0.380171 0.495464
vt 0.378074 0.495482
vt 0.380201 0.496678
vt 0.378105 0.496707
vt 0.380245 0.497772
vt 0.378149 0.497810
vt 0.380302 0.498702
vt 0.378206 0.498749
vt 0.194923 0.572921
vt 0.192918 0.572948
vt 0.193180 0.572028
vt 0.195187 0.571993
vt 0.193374 0.570943
vt 0.195383 0.570898
vt 0.193493 0.569735
vt 0.195503 0.569679
vt 0.311162 0.501362
vt 0.309217 0.501542
vt 0.193534 0.568450
vt 0.195544 0.568382
vt 0.193493 0.567137
vt 0.195503 0.567057
vt 0.193374 0.565847
vt 0.195383 0.565756
vt 0.193179 0.564630
vt 0.195187 0.564528
vt 0.192918 0.563532
vt 0.194923 0.563420
vt 0.447862 0.587389
vt 0.445764 0.587348
vt 0.445789 0.586180
vt 0.447887 0.586210
vt 0.445806 0.584916
vt 0.447904 0.584935
vt 0.445815 0.583607
vt 0.447913 0.583614
vt 0.445815 0.582302
vt 0.447913 0.582298
vt 0.445806 0.581052
vt 0.447904 0.581036
vt 0.445789 0.579904
vt 0.447887 0.579877
vt 0.311675 0.508856
vt 0.309726 0.508969
vt 0.309434 0.507818
vt 0.311380 0.507694
vt 0.309217 0.506567
vt 0.311162 0.506432
vt 0.309083 0.505264
vt 0.311027 0.505117
vt 0.309038 0.503959
vt 0.310981 0.503800
vt 0.593768 0.387113
vt 0.594231 0.385886
vt 0.594902 0.384781
vt 0.595757 0.383841
vt 0.596763 0.383100
vt 0.597880 0.382588
vt 0.599066 0.382324
vt 0.600275 0.382319
vt 0.601460 0.382572
vt 0.602578 0.383075
vt 0.603583 0.383807
vt 0.604438 0.384740
vt 0.605110 0.385839
vt 0.605572 0.387062
vt 0.605808 0.388361
vt 0.605808 0.389686
vt 0.605572 0.390987
vt 0.605109 0.392214
vt 0.604438 0.393319
vt 0.603583 0.394260
vt 0.602577 0.395000
vt 0.601460 0.395512
vt 0.600275 0.395776
vt 0.599065 0.395781
vt 0.597880 0.395528
vt 0.596763 0.395025
vt 0.595757 0.394293
vt 0.594902 0.393360
vt 0.594231 0.392261
vt 0.593768 0.391038
vt 0.593532 0.389739
vt 0.593532 0.388414
vt 0.311027 0.502532
vt 0.309083 0.502702
vt 0.644967 0.514787
vt 0.643678 0.515020
vt 0.646184 0.514330
vt 0.647280 0.513666
vt 0.648214 0.512821
vt 0.381839 0.488945
vt 0.381789 0.489764
vt 0.381750 0.490729
vt 0.381723 0.491800
vt 0.381710 0.492939
vt 0.381710 0.494100
vt 0.381723 0.495239
vt 0.381750 0.496313
vt 0.381789 0.497279
vt 0.381839 0.498102
vt 0.191312 0.572396
vt 0.191543 0.571583
vt 0.191714 0.570624
vt 0.191820 0.569556
vt 0.191856 0.568420
vt 0.191820 0.567259
vt 0.191714 0.566119
vt 0.191543 0.565043
vt 0.191312 0.564073
vt 0.444234 0.586921
vt 0.444256 0.585888
vt 0.444271 0.584772
vt 0.444279 0.583614
vt 0.444279 0.582461
vt 0.444271 0.581356
vt 0.444256 0.580341
vt 0.445764 0.578903
vt 0.444234 0.579456
vt 0.639867 0.514330
vt 0.638779 0.513666
vt 0.641078 0.514787
vt 0.642364 0.515020
vt 0.674450 0.119229
vt 0.678265 0.123047
vt 0.681263 0.127536
vt 0.683327 0.132525
vt 0.684380 0.137820
vt 0.684380 0.143219
vt 0.683327 0.148515
vt 0.681263 0.153503
vt 0.678265 0.157991
vt 0.674450 0.161809
vt 0.669964 0.164808
vt 0.664980 0.166874
vt 0.659688 0.167926
vt 0.654293 0.167926
vt 0.649001 0.166872
vt 0.644016 0.164805
vt 0.639530 0.161805
vt 0.635715 0.157987
vt 0.632718 0.153498
vt 0.630653 0.148509
vt 0.629600 0.143214
vt 0.629600 0.137815
vt 0.630653 0.132519
vt 0.632718 0.127531
vt 0.635715 0.123043
vt 0.639530 0.119225
vt 0.644016 0.116226
vt 0.649001 0.114160
vt 0.654292 0.113108
vt 0.659688 0.113108
vt 0.664979 0.114162
vt 0.669964 0.116229
vt 0.603056 0.146444
vt 0.593916 0.146572
vt 0.593039 0.140900
vt 0.602171 0.140721
vt 0.591766 0.135780
vt 0.600886 0.135554
vt 0.309713 0.875485
vt 0.299961 0.875264
vt 0.300078 0.870800
vt 0.309831 0.870981
vt 0.300169 0.865609
vt 0.309923 0.865742
vt 0.300232 0.859889
vt 0.309987 0.859971
vt 0.300265 0.853861
vt 0.310020 0.853888
vt 0.300265 0.847757
vt 0.310020 0.847728
vt 0.300232 0.841810
vt 0.309987 0.841728
vt 0.300169 0.836250
vt 0.309923 0.836118
vt 0.300078 0.831291
vt 0.309831 0.831113
vt 0.299961 0.827121
vt 0.309713 0.826906
vt 0.360982 0.759224
vt 0.370363 0.759246
vt 0.369362 0.764126
vt 0.359972 0.764147
vt 0.368672 0.769628
vt 0.359276 0.769700
vt 0.368321 0.775542
vt 0.358921 0.775667
vt 0.603507 0.152503
vt 0.594363 0.152577
vt 0.368321 0.781639
vt 0.358921 0.781820
vt 0.368672 0.787686
vt 0.359276 0.787922
vt 0.369362 0.793451
vt 0.359972 0.793738
vt 0.370363 0.798711
vt 0.360982 0.799046
vt 0.292982 0.875485
vt 0.302723 0.875691
vt 0.302855 0.880127
vt 0.293115 0.879962
vt 0.302959 0.885297
vt 0.293220 0.885179
vt 0.303030 0.891003
vt 0.293292 0.890936
vt 0.303067 0.897024
vt 0.293329 0.897012
vt 0.303067 0.903130
vt 0.293329 0.903173
vt 0.303030 0.909085
vt 0.293292 0.909183
vt 0.302959 0.914662
vt 0.293220 0.914810
vt 0.302855 0.919645
vt 0.293115 0.919838
vt 0.302723 0.923843
vt 0.292982 0.924075
vt 0.600886 0.175441
vt 0.591766 0.175309
vt 0.593039 0.170273
vt 0.602171 0.170360
vt 0.593916 0.164660
vt 0.603056 0.164696
vt 0.383277 0.547961
vt 0.385619 0.542265
vt 0.389020 0.537138
vt 0.393349 0.532778
vt 0.398439 0.529351
vt 0.404094 0.526989
vt 0.410098 0.525783
vt 0.416219 0.525779
vt 0.422223 0.526978
vt 0.427879 0.529333
vt 0.432968 0.532755
vt 0.437297 0.537110
vt 0.440698 0.542233
vt 0.443040 0.547926
vt 0.444234 0.553970
vt 0.444234 0.560133
vt 0.443040 0.566179
vt 0.440697 0.571874
vt 0.437296 0.577001
vt 0.432968 0.581362
vt 0.427878 0.584789
vt 0.422223 0.587151
vt 0.416219 0.588357
vt 0.410097 0.588360
vt 0.404094 0.587161
vt 0.398438 0.584806
vt 0.393348 0.581385
vt 0.389020 0.577029
vt 0.385619 0.571907
vt 0.383277 0.566214
vt 0.382082 0.560170
vt 0.382082 0.554006
vt 0.603507 0.158666
vt 0.594363 0.158684
vt 0.586503 0.158321
vt 0.586503 0.152922
vt 0.586108 0.147614
vt 0.585333 0.142600
vt 0.584207 0.138074
vt 0.590145 0.131407
vt 0.582775 0.134209
vt 0.292982 0.868597
vt 0.293063 0.864007
vt 0.293119 0.858952
vt 0.293147 0.853623
vt 0.293147 0.848227
vt 0.293119 0.842971
vt 0.293063 0.838056
vt 0.292982 0.833672
vt 0.371638 0.755177
vt 0.379025 0.757974
vt 0.377898 0.761571
vt 0.377013 0.765885
vt 0.376403 0.770748
vt 0.376093 0.775976
vt 0.376093 0.781365
vt 0.376403 0.786711
vt 0.377013 0.791806
vt 0.377898 0.796456
vt 0.371638 0.803264
vt 0.379025 0.800481
vt 0.309789 0.882337
vt 0.309881 0.886907
vt 0.309944 0.891951
vt 0.309976 0.897273
vt 0.309976 0.902670
vt 0.309944 0.907935
vt 0.309881 0.912864
vt 0.309789 0.917269
vt 0.590145 0.179573
vt 0.582775 0.176785
vt 0.584207 0.173016
vt 0.585333 0.168564
vt 0.586108 0.163602
vt 0.086103 0.636617
vt 0.089919 0.640435
vt 0.092917 0.644924
vt 0.094982 0.649912
vt 0.096035 0.655208
vt 0.096036 0.660607
vt 0.094984 0.665902
vt 0.092919 0.670890
vt 0.089922 0.675380
vt 0.086108 0.679197
vt 0.081622 0.682197
vt 0.076638 0.684263
vt 0.071346 0.685317
vt 0.065951 0.685317
vt 0.060659 0.684263
vt 0.055674 0.682197
vt 0.051188 0.679197
vt 0.047372 0.675380
vt 0.044374 0.670890
vt 0.042309 0.665902
vt 0.041256 0.660607
vt 0.041255 0.655208
vt 0.042307 0.649912
vt 0.044372 0.644924
vt 0.047369 0.640435
vt 0.051183 0.636617
vt 0.055669 0.633618
vt 0.060654 0.631552
vt 0.065945 0.630498
vt 0.071340 0.630498
vt 0.076632 0.631552
vt 0.081617 0.633618
vt 0.108502 0.796901
vt 0.099105 0.797136
vt 0.098415 0.791372
vt 0.107806 0.791084
vt 0.097414 0.786112
vt 0.106795 0.785776
vt 0.593717 0.879494
vt 0.583976 0.879289
vt 0.583844 0.874852
vt 0.593584 0.875017
vt 0.583741 0.869682
vt 0.593479 0.869800
vt 0.583669 0.863977
vt 0.593407 0.864043
vt 0.583633 0.857955
vt 0.593370 0.857967
vt 0.583633 0.851850
vt 0.593370 0.851806
vt 0.583669 0.845894
vt 0.593407 0.845796
vt 0.583741 0.840318
vt 0.593479 0.840169
vt 0.583844 0.835335
vt 0.593584 0.835141
vt 0.583976 0.831136
vt 0.593717 0.830905
vt 0.361542 0.711142
vt 0.370662 0.711275
vt 0.369389 0.716310
vt 0.360257 0.716223
vt 0.368512 0.721924
vt 0.359372 0.721888
vt 0.368065 0.727899
vt 0.358921 0.727917
vt 0.108857 0.803003
vt 0.099457 0.803183
vt 0.368065 0.734006
vt 0.358921 0.734080
vt 0.368512 0.740011
vt 0.359372 0.740139
vt 0.369389 0.745683
vt 0.360257 0.745863
vt 0.370662 0.750804
vt 0.361542 0.751030
vt 0.359227 0.845286
vt 0.368979 0.845507
vt 0.368863 0.849971
vt 0.359109 0.849790
vt 0.368771 0.855163
vt 0.359017 0.855029
vt 0.368708 0.860882
vt 0.358953 0.860801
vt 0.368676 0.866910
vt 0.358921 0.866883
vt 0.368676 0.873015
vt 0.358921 0.873043
vt 0.368708 0.878961
vt 0.358953 0.879043
vt 0.368771 0.884521
vt 0.359017 0.884654
vt 0.368863 0.889481
vt 0.359109 0.889659
vt 0.368979 0.893650
vt 0.359227 0.893865
vt 0.106795 0.825599
vt 0.097414 0.825576
vt 0.098415 0.820697
vt 0.107806 0.820675
vt 0.099105 0.815194
vt 0.108502 0.815123
vt 0.528920 0.321192
vt 0.531263 0.315497
vt 0.534663 0.310370
vt 0.538992 0.306009
vt 0.544082 0.302582
vt 0.549737 0.300220
vt 0.555741 0.299014
vt 0.561863 0.299011
vt 0.567866 0.300209
vt 0.573522 0.302565
vt 0.578611 0.305986
vt 0.582940 0.310342
vt 0.586341 0.315464
vt 0.588683 0.321157
vt 0.589878 0.327201
vt 0.589878 0.333365
vt 0.588683 0.339410
vt 0.586341 0.345106
vt 0.582940 0.350233
vt 0.578611 0.354593
vt 0.573521 0.358020
vt 0.567866 0.360382
vt 0.561862 0.361588
vt 0.555741 0.361592
vt 0.549737 0.360393
vt 0.544082 0.358038
vt 0.538992 0.354616
vt 0.534663 0.350261
vt 0.531262 0.345138
vt 0.528920 0.339445
vt 0.527726 0.333401
vt 0.527726 0.327238
vt 0.108857 0.809156
vt 0.099457 0.809281
vt 0.091685 0.808847
vt 0.091685 0.803457
vt 0.091374 0.798112
vt 0.090764 0.793016
vt 0.089879 0.788367
vt 0.096140 0.781558
vt 0.088753 0.784341
vt 0.576910 0.872642
vt 0.576819 0.868072
vt 0.576755 0.863029
vt 0.576723 0.857706
vt 0.576723 0.852309
vt 0.576755 0.847045
vt 0.576819 0.842115
vt 0.576910 0.837711
vt 0.372283 0.707010
vt 0.379653 0.709798
vt 0.378221 0.713568
vt 0.377095 0.718019
vt 0.376320 0.722981
vt 0.375925 0.728263
vt 0.375925 0.733661
vt 0.376320 0.738970
vt 0.377095 0.743983
vt 0.378221 0.748509
vt 0.372283 0.755176
vt 0.379653 0.752375
vt 0.375958 0.852175
vt 0.375877 0.856764
vt 0.375822 0.861820
vt 0.375793 0.867148
vt 0.375793 0.872544
vt 0.375822 0.877800
vt 0.375877 0.882715
vt 0.375958 0.887099
vt 0.096140 0.829646
vt 0.088753 0.826848
vt 0.089879 0.823251
vt 0.090764 0.818938
vt 0.091374 0.814074
vt 0.831170 0.510580
vt 0.831447 0.507981
vt 0.832829 0.507813
vt 0.832256 0.510448
vt 0.832186 0.485052
vt 0.830380 0.485272
vt 0.830093 0.483459
vt 0.831936 0.483859
vt 0.830775 0.512516
vt 0.831523 0.512425
vt 0.830860 0.489175
vt 0.832777 0.488942
vt 0.830276 0.513713
vt 0.830657 0.513666
vt 0.831233 0.493237
vt 0.833188 0.492999
vt 0.379727 0.456883
vt 0.378820 0.456831
vt 0.378856 0.456318
vt 0.831486 0.497301
vt 0.833403 0.497067
vt 0.831608 0.501211
vt 0.833414 0.500991
vt 0.831595 0.504817
vt 0.833220 0.504619
vt 0.834682 0.504431
vt 0.834073 0.507653
vt 0.833233 0.510322
vt 0.833811 0.484843
vt 0.833664 0.484272
vt 0.832196 0.512338
vt 0.834502 0.488720
vt 0.378058 0.455784
vt 0.378195 0.454820
vt 0.378926 0.455827
vt 0.834947 0.492772
vt 0.835128 0.496845
vt 0.835039 0.500782
vt 0.379027 0.455376
vt 0.187077 0.236523
vt 0.187077 0.232441
vt 0.188596 0.232416
vt 0.188567 0.236498
vt 0.187125 0.240452
vt 0.188529 0.240429
vt 0.187220 0.244080
vt 0.188484 0.244059
vt 0.187359 0.247265
vt 0.188433 0.247247
vt 0.187535 0.249886
vt 0.188379 0.249872
vt 0.835128 0.484662
vt 0.187742 0.251841
vt 0.188323 0.251832
vt 0.188616 0.228340
vt 0.187125 0.228364
vt 0.187220 0.224450
vt 0.188559 0.224428
vt 0.188624 0.224455
vt 0.378394 0.453936
vt 0.189501 0.247234
vt 0.189218 0.249861
vt 0.188901 0.251824
vt 0.190097 0.228321
vt 0.190031 0.224989
vt 0.378648 0.453166
vt 0.379156 0.454984
vt 0.190106 0.232397
vt 0.190048 0.236479
vt 0.189924 0.240412
vt 0.189739 0.244043
vt 0.191548 0.232384
vt 0.191462 0.236467
vt 0.191256 0.240400
vt 0.190938 0.244033
vt 0.190521 0.247225
vt 0.190019 0.249854
vt 0.189453 0.251820
vt 0.191511 0.228309
vt 0.191395 0.225455
vt 0.378946 0.452540
vt 0.379308 0.454665
vt 0.191453 0.247222
vt 0.190752 0.249852
vt 0.189958 0.251818
vt 0.192804 0.228304
vt 0.192656 0.225831
vt 0.379277 0.452081
vt 0.379477 0.454430
vt 0.192867 0.232380
vt 0.192756 0.236462
vt 0.192475 0.240396
vt 0.192035 0.244029
vt 0.193879 0.236465
vt 0.193532 0.240398
vt 0.192987 0.244031
vt 0.192263 0.247223
vt 0.191388 0.249853
vt 0.190396 0.251819
vt 0.193758 0.226099
vt 0.193927 0.228307
vt 0.379628 0.451807
vt 0.379656 0.454291
vt 0.194012 0.232382
vt 0.379644 0.449525
vt 0.380164 0.449412
vt 0.379986 0.451728
vt 0.194650 0.226246
vt 0.194836 0.228317
vt 0.379839 0.454251
vt 0.194939 0.232392
vt 0.194788 0.236475
vt 0.194389 0.240408
vt 0.193757 0.244039
vt 0.192918 0.247231
vt 0.191903 0.249859
vt 0.195448 0.236492
vt 0.195011 0.240424
vt 0.194317 0.244054
vt 0.193394 0.247243
vt 0.380366 0.447390
vt 0.381015 0.447613
vt 0.380674 0.449587
vt 0.380338 0.451849
vt 0.195290 0.226264
vt 0.195496 0.228334
vt 0.380018 0.454312
vt 0.195612 0.232410
vt 0.381155 0.450043
vt 0.380669 0.452163
vt 0.169429 0.678932
vt 0.168489 0.680971
vt 0.167728 0.680778
vt 0.168634 0.678869
vt 0.380186 0.454473
vt 0.166459 0.684664
vt 0.167235 0.684860
vt 0.165681 0.688677
vt 0.166442 0.688870
vt 0.165426 0.692663
vt 0.166143 0.692845
vt 0.165702 0.696470
vt 0.166347 0.696634
vt 0.166499 0.699951
vt 0.167048 0.700090
vt 0.167787 0.702972
vt 0.168218 0.703081
vt 0.167287 0.693138
vt 0.167377 0.696897
vt 0.167923 0.700314
vt 0.168906 0.703258
vt 0.169812 0.705493
vt 0.170286 0.705614
vt 0.170711 0.678989
vt 0.169703 0.681282
vt 0.380966 0.452660
vt 0.380338 0.454726
vt 0.168473 0.685177
vt 0.167657 0.689181
vt 0.381220 0.453319
vt 0.380467 0.455062
vt 0.171324 0.681698
vt 0.170125 0.685602
vt 0.169278 0.689597
vt 0.168813 0.693530
vt 0.168751 0.697251
vt 0.169092 0.700615
vt 0.169824 0.703493
vt 0.170918 0.705776
vt 0.172418 0.679036
vt 0.170417 0.697680
vt 0.170509 0.700980
vt 0.170937 0.703780
vt 0.171685 0.705974
vt 0.173289 0.682205
vt 0.174469 0.679072
vt 0.172333 0.707376
vt 0.172724 0.707476
vt 0.172129 0.686118
vt 0.380569 0.455468
vt 0.171243 0.690104
vt 0.170664 0.694007
vt 0.175523 0.682782
vt 0.174407 0.686707
vt 0.380639 0.455929
vt 0.173477 0.690680
vt 0.172769 0.694551
vt 0.172310 0.698169
vt 0.172119 0.701396
vt 0.172202 0.704107
vt 0.172557 0.706199
vt 0.176770 0.679097
vt 0.173169 0.707591
vt 0.174359 0.698699
vt 0.173862 0.701846
vt 0.173571 0.704461
vt 0.179060 0.679646
vt 0.176940 0.679098
vt 0.179237 0.679106
vt 0.173500 0.706443
vt 0.177940 0.683407
vt 0.173649 0.707715
vt 0.176871 0.687344
vt 0.380674 0.456426
vt 0.175893 0.691306
vt 0.175045 0.695140
vt 0.380674 0.456942
vt 0.179427 0.688006
vt 0.178400 0.691955
vt 0.177407 0.695751
vt 0.176485 0.699249
vt 0.175669 0.702314
vt 0.174991 0.704829
vt 0.181716 0.679101
vt 0.181422 0.680257
vt 0.174478 0.706696
vt 0.180447 0.684056
vt 0.174148 0.707844
vt 0.177472 0.702782
vt 0.176408 0.705196
vt 0.184105 0.679085
vt 0.183777 0.680868
vt 0.175453 0.706949
vt 0.182948 0.684705
vt 0.174645 0.707973
vt 0.181977 0.688667
vt 0.380639 0.457455
vt 0.180901 0.692603
vt 0.179762 0.696362
vt 0.178605 0.699799
vt 0.184422 0.689302
vt 0.183299 0.693226
vt 0.182021 0.696949
vt 0.180638 0.700327
vt 0.179201 0.703231
vt 0.177766 0.705549
vt 0.186321 0.679057
vt 0.186036 0.681455
vt 0.176389 0.707192
vt 0.185346 0.685327
vt 0.175122 0.708097
vt 0.380569 0.457946
vt 0.180790 0.703644
vt 0.179015 0.705874
vt 0.188292 0.679020
vt 0.188112 0.681995
vt 0.177249 0.707416
vt 0.187550 0.685901
vt 0.175561 0.708211
vt 0.186669 0.689887
vt 0.380467 0.458397
vt 0.185503 0.693799
vt 0.184097 0.697489
vt 0.182506 0.700813
vt 0.187427 0.694301
vt 0.185910 0.697961
vt 0.184137 0.701238
vt 0.182177 0.704006
vt 0.180105 0.706158
vt 0.189963 0.678975
vt 0.189925 0.682467
vt 0.178000 0.707612
vt 0.189474 0.686402
vt 0.381220 0.459860
vt 0.380966 0.460630
vt 0.380338 0.458789
vt 0.188631 0.690398
vt 0.180995 0.706391
vt 0.178613 0.707772
vt 0.191405 0.682854
vt 0.191045 0.686813
vt 0.380669 0.461257
vt 0.380186 0.459109
vt 0.190233 0.690817
vt 0.188999 0.694712
vt 0.187390 0.698348
vt 0.185469 0.701586
vt 0.183310 0.704302
vt 0.191270 0.678924
vt 0.191298 0.679093
vt 0.190735 0.678946
vt 0.188481 0.698635
vt 0.186451 0.701844
vt 0.184145 0.704521
vt 0.192180 0.678869
vt 0.192279 0.679351
vt 0.378226 0.411162
vt 0.378325 0.408510
vt 0.379178 0.408449
vt 0.378896 0.411115
vt 0.192496 0.683141
vt 0.378058 0.413155
vt 0.378520 0.413122
vt 0.192203 0.687117
vt 0.380338 0.461716
vt 0.380018 0.459343
vt 0.191413 0.691127
vt 0.190156 0.695016
vt 0.378940 0.389490
vt 0.378575 0.385599
vt 0.379592 0.385537
vt 0.380018 0.389424
vt 0.379986 0.461990
vt 0.379839 0.459482
vt 0.379208 0.393554
vt 0.380308 0.393487
vt 0.379370 0.397636
vt 0.380449 0.397569
vt 0.379419 0.401578
vt 0.380435 0.401516
vt 0.379354 0.405229
vt 0.380269 0.405173
vt 0.379956 0.408402
vt 0.379044 0.381976
vt 0.378129 0.382032
vt 0.378058 0.381599
vt 0.378915 0.381356
vt 0.379507 0.411077
vt 0.380674 0.463912
vt 0.380164 0.464309
vt 0.381315 0.401472
vt 0.381060 0.405134
vt 0.380628 0.408368
vt 0.379835 0.381937
vt 0.379659 0.381223
vt 0.380036 0.411051
vt 0.380471 0.385493
vt 0.379644 0.464423
vt 0.379628 0.462068
vt 0.380952 0.389377
vt 0.379656 0.459522
vt 0.381259 0.393439
vt 0.381382 0.397523
vt 0.379277 0.461948
vt 0.379477 0.459461
vt 0.817760 0.494527
vt 0.817645 0.490440
vt 0.818441 0.490405
vt 0.818571 0.494491
vt 0.818271 0.498566
vt 0.819067 0.498530
vt 0.819160 0.502403
vt 0.819910 0.502369
vt 0.820392 0.505890
vt 0.821067 0.505860
vt 0.821920 0.508893
vt 0.822493 0.508867
vt 0.819284 0.482720
vt 0.818609 0.482750
vt 0.818850 0.481987
vt 0.819501 0.481957
vt 0.381170 0.408350
vt 0.380462 0.411037
vt 0.817932 0.486464
vt 0.818682 0.486431
vt 0.379134 0.464248
vt 0.822046 0.505792
vt 0.823326 0.508810
vt 0.820263 0.482652
vt 0.820423 0.481990
vt 0.824135 0.511277
vt 0.824790 0.511232
vt 0.819770 0.486355
vt 0.825929 0.512996
vt 0.826380 0.512964
vt 0.819596 0.490325
vt 0.378946 0.461633
vt 0.379308 0.459300
vt 0.819749 0.494409
vt 0.820222 0.498450
vt 0.820998 0.502294
vt 0.821065 0.490203
vt 0.821247 0.494285
vt 0.379156 0.459047
vt 0.821691 0.498328
vt 0.822382 0.502179
vt 0.823291 0.505688
vt 0.824385 0.508722
vt 0.821509 0.482549
vt 0.821595 0.482087
vt 0.825622 0.511163
vt 0.821154 0.486240
vt 0.826953 0.512917
vt 0.378648 0.461137
vt 0.824756 0.505554
vt 0.825631 0.508607
vt 0.822973 0.482414
vt 0.822993 0.482246
vt 0.826600 0.511072
vt 0.822781 0.486091
vt 0.827627 0.512855
vt 0.822793 0.490044
vt 0.378394 0.460478
vt 0.379027 0.458711
vt 0.823008 0.494122
vt 0.823419 0.498169
vt 0.824009 0.502029
vt 0.378926 0.458305
vt 0.824964 0.493929
vt 0.825337 0.497979
vt 0.825816 0.501850
vt 0.826382 0.505393
vt 0.827014 0.508470
vt 0.823697 0.482342
vt 0.827687 0.510965
vt 0.824599 0.482470
vt 0.824588 0.485912
vt 0.828376 0.512781
vt 0.824711 0.489854
vt 0.378195 0.459681
vt 0.828482 0.508316
vt 0.828841 0.510844
vt 0.826507 0.485710
vt 0.826360 0.482754
vt 0.829170 0.512697
vt 0.826748 0.489640
vt 0.829053 0.513848
vt 0.829458 0.513805
vt 0.827041 0.493711
vt 0.378856 0.457844
vt 0.827374 0.497766
vt 0.827734 0.501649
vt 0.828109 0.505211
vt 0.829450 0.497537
vt 0.829690 0.501433
vt 0.829869 0.505017
vt 0.829979 0.508151
vt 0.830017 0.510714
vt 0.828462 0.485494
vt 0.828212 0.483087
vt 0.829980 0.512608
vt 0.828824 0.489411
vt 0.829871 0.513760
vt 0.829157 0.493477
vt 0.378820 0.457347
vt 0.187235 0.260260
vt 0.187249 0.260094
vt 0.187616 0.257851
vt 0.188137 0.255848
vt 0.188793 0.254175
vt 0.189557 0.252913
vt 0.190397 0.252122
vt 0.191275 0.251841
vt 0.192154 0.252082
vt 0.192993 0.252830
vt 0.193757 0.254048
vt 0.194413 0.255675
vt 0.194937 0.257632
vt 0.194955 0.257736
vt 0.195282 0.259867
vt 0.195459 0.262216
vt 0.195473 0.264579
vt 0.195330 0.266868
vt 0.195044 0.269003
vt 0.194631 0.270921
vt 0.194340 0.271840
vt 0.194102 0.272548
vt 0.193484 0.273838
vt 0.192806 0.274791
vt 0.192087 0.275392
vt 0.191345 0.275631
vt 0.190598 0.275501
vt 0.189865 0.275001
vt 0.189166 0.274133
vt 0.188896 0.273620
vt 0.188529 0.272878
vt 0.187984 0.271268
vt 0.187546 0.269363
vt 0.187238 0.267219
vt 0.187077 0.264902
vt 0.187077 0.262494
vt 0.206309 0.138396
vt 0.199834 0.122693
vt 0.196539 0.106023
vt 0.196550 0.089026
vt 0.199868 0.072356
vt 0.206364 0.056653
vt 0.215789 0.042520
vt 0.227781 0.030502
vt 0.241880 0.021059
vt 0.257542 0.014554
vt 0.274166 0.011238
vt 0.291114 0.011238
vt 0.307735 0.014554
vt 0.323388 0.021059
vt 0.337473 0.030502
vt 0.349449 0.042520
vt 0.358856 0.056653
vt 0.365331 0.072356
vt 0.368626 0.089026
vt 0.368615 0.106023
vt 0.365297 0.122693
vt 0.358801 0.138396
vt 0.349375 0.152529
vt 0.337383 0.164548
vt 0.323285 0.173991
vt 0.307623 0.180495
vt 0.290998 0.183811
vt 0.274050 0.183811
vt 0.257430 0.180495
vt 0.241777 0.173991
vt 0.227691 0.164548
vt 0.215715 0.152529
vt 0.621573 0.457087
vt 0.635776 0.456535
vt 0.637841 0.470024
vt 0.623657 0.470699
vt 0.195375 0.531479
vt 0.181114 0.530813
vt 0.181018 0.516965
vt 0.195278 0.517506
vt 0.180939 0.500781
vt 0.195198 0.501175
vt 0.180881 0.482881
vt 0.195139 0.483113
vt 0.180845 0.463955
vt 0.195103 0.464015
vt 0.180833 0.444729
vt 0.195091 0.444615
vt 0.180845 0.425942
vt 0.195103 0.425657
vt 0.180881 0.408317
vt 0.195139 0.407872
vt 0.180939 0.392530
vt 0.195198 0.391941
vt 0.181018 0.379188
vt 0.195278 0.378478
vt 0.181114 0.368804
vt 0.195375 0.368000
vt 0.171264 0.534931
vt 0.185380 0.535952
vt 0.186675 0.548267
vt 0.172570 0.547357
vt 0.187638 0.563225
vt 0.173542 0.562451
vt 0.188230 0.580252
vt 0.174140 0.579633
vt 0.619936 0.441040
vt 0.634153 0.440631
vt 0.188430 0.598694
vt 0.174342 0.598242
vt 0.188230 0.617841
vt 0.174140 0.617563
vt 0.187638 0.636958
vt 0.173542 0.636854
vt 0.186675 0.655311
vt 0.172570 0.655373
vt 0.185380 0.672193
vt 0.171264 0.672408
vt 0.366282 0.535557
vt 0.380527 0.536083
vt 0.380724 0.552755
vt 0.366481 0.552379
vt 0.380846 0.570975
vt 0.366604 0.570765
vt 0.380887 0.590045
vt 0.366645 0.590008
vt 0.380846 0.609230
vt 0.366604 0.609367
vt 0.380724 0.627795
vt 0.366481 0.628100
vt 0.380527 0.645025
vt 0.366282 0.645487
vt 0.621573 0.331505
vt 0.635776 0.332082
vt 0.634153 0.348154
vt 0.619936 0.347723
vt 0.633036 0.365977
vt 0.618808 0.365708
vt 0.632466 0.384866
vt 0.618233 0.384769
vt 0.632466 0.404095
vt 0.618233 0.404172
vt 0.174600 0.161265
vt 0.160913 0.174992
vt 0.144817 0.185779
vt 0.126934 0.193212
vt 0.107948 0.197006
vt 0.088591 0.197014
vt 0.069605 0.193237
vt 0.051721 0.185820
vt 0.035626 0.175047
vt 0.021939 0.161333
vt 0.011184 0.145204
vt 0.003776 0.127281
vt -0.000000 0.108252
vt -0.000000 0.088849
vt 0.003776 0.069816
vt 0.011184 0.051887
vt 0.021939 0.035749
vt 0.035626 0.022023
vt 0.051721 0.011235
vt 0.069605 0.003802
vt 0.088591 0.000009
vt 0.107948 0.000000
vt 0.126933 0.003777
vt 0.144817 0.011195
vt 0.160912 0.021967
vt 0.174600 0.035682
vt 0.185354 0.051810
vt 0.192762 0.069733
vt 0.196539 0.088762
vt 0.196539 0.108165
vt 0.192762 0.127198
vt 0.185355 0.145127
vt 0.618808 0.423172
vt 0.633036 0.422924
vt 0.644844 0.419546
vt 0.645832 0.435198
vt 0.207720 0.159841
vt 0.197079 0.143853
vt 0.221268 0.173438
vt 0.237203 0.184121
vt 0.254912 0.191479
vt 0.273714 0.195230
vt 0.292887 0.195230
vt 0.311695 0.191479
vt 0.329413 0.184121
vt 0.345362 0.173438
vt 0.358929 0.159841
vt 0.369592 0.143853
vt 0.376941 0.126088
vt 0.380694 0.107229
vt 0.380707 0.088001
vt 0.376979 0.069142
vt 0.369654 0.051377
vt 0.359013 0.035389
vt 0.345464 0.021793
vt 0.329530 0.011110
vt 0.311821 0.003751
vt 0.293019 0.000000
vt 0.273846 0.000000
vt 0.255038 0.003751
vt 0.237320 0.011110
vt 0.221371 0.021793
vt 0.207804 0.035389
vt 0.197141 0.051377
vt 0.645832 0.353454
vt 0.644844 0.369208
vt 0.644341 0.385905
vt 0.644341 0.402902
vt 0.443428 0.132165
vt 0.444008 0.116667
vt 0.451007 0.116377
vt 0.453590 0.131744
vt 0.443060 0.145471
vt 0.455993 0.144935
vt 0.574524 0.081911
vt 0.590209 0.078467
vt 0.590962 0.090395
vt 0.575409 0.095937
vt 0.557301 0.084464
vt 0.558285 0.100048
vt 0.539202 0.086026
vt 0.540246 0.102570
vt 0.520923 0.086539
vt 0.521987 0.103407
vt 0.444776 0.099573
vt 0.445703 0.081538
vt 0.448344 0.099425
vt 0.451813 0.098585
vt 0.457812 0.114730
vt 0.463469 0.129352
vt 0.468567 0.141891
vt 0.592055 0.101108
vt 0.576694 0.108533
vt 0.559713 0.114044
vt 0.541762 0.117429
vt 0.523533 0.118557
vt 0.578330 0.119218
vt 0.561530 0.125916
vt 0.543692 0.130032
vt 0.525500 0.131407
vt 0.455049 0.097085
vt 0.464160 0.111788
vt 0.472686 0.125081
vt 0.480298 0.136455
vt 0.593446 0.110194
vt 0.457929 0.094983
vt 0.469809 0.107664
vt 0.480887 0.119095
vt 0.490736 0.128836
vt 0.486704 0.145471
vt 0.498978 0.136513
vt 0.342325 0.530170
vt 0.326201 0.523610
vt 0.326125 0.512642
vt 0.342240 0.517982
vt 0.359835 0.534204
vt 0.359745 0.521266
vt 0.378058 0.535556
vt 0.377967 0.522365
vt 0.326063 0.499822
vt 0.342171 0.503738
vt 0.359672 0.506144
vt 0.377892 0.506947
vt 0.460342 0.092360
vt 0.474541 0.102518
vt 0.487757 0.111624
vt 0.499480 0.119327
vt 0.312018 0.505448
vt 0.311965 0.494546
vt 0.478175 0.096547
vt 0.493031 0.102956
vt 0.506193 0.108294
vt 0.311926 0.482489
vt 0.326016 0.485645
vt 0.342120 0.487985
vt 0.359617 0.489420
vt 0.377836 0.489896
vt 0.462194 0.089316
vt 0.342088 0.471328
vt 0.359583 0.471737
vt 0.377802 0.471866
vt 0.463414 0.085968
vt 0.480569 0.089981
vt 0.496508 0.093422
vt 0.510617 0.096161
vt 0.311901 0.469740
vt 0.325988 0.470653
vt 0.481633 0.083071
vt 0.498053 0.083391
vt 0.512584 0.083393
vt 0.311893 0.456790
vt 0.325978 0.455425
vt 0.342077 0.454407
vt 0.359572 0.453774
vt 0.377790 0.453551
vt 0.463957 0.082445
vt 0.342088 0.437872
vt 0.359583 0.436221
vt 0.377802 0.435654
vt 0.463800 0.078883
vt 0.481326 0.076083
vt 0.497607 0.073247
vt 0.512016 0.070482
vt 0.311901 0.444135
vt 0.325988 0.440544
vt 0.495187 0.063379
vt 0.508937 0.057923
vt 0.311926 0.432262
vt 0.326016 0.426584
vt 0.342120 0.422360
vt 0.359617 0.419753
vt 0.377836 0.418864
vt 0.462951 0.075418
vt 0.479659 0.069287
vt 0.359672 0.405003
vt 0.377892 0.403825
vt 0.461441 0.072184
vt 0.476697 0.062942
vt 0.490886 0.054168
vt 0.503463 0.046200
vt 0.520380 0.053128
vt 0.513944 0.039343
vt 0.326063 0.414079
vt 0.342171 0.408466
vt 0.495806 0.035762
vt 0.504940 0.027070
vt 0.326125 0.403511
vt 0.342240 0.396723
vt 0.359745 0.392538
vt 0.377967 0.391115
vt 0.459328 0.069304
vt 0.472553 0.057293
vt 0.484870 0.045968
vt 0.456694 0.066890
vt 0.467387 0.052557
vt 0.477370 0.039092
vt 0.486260 0.027012
vt 0.493715 0.016780
vt 0.511921 0.020223
vt 0.499448 0.008790
vt 0.342325 0.387584
vt 0.359835 0.382836
vt 0.378058 0.381223
vt 0.475191 0.020284
vt 0.480699 0.008869
vt 0.484986 -0.000000
vt 0.131889 0.406993
vt 0.148920 0.411740
vt 0.150060 0.422579
vt 0.133099 0.418499
vt 0.113897 0.405144
vt 0.115130 0.416876
vt 0.453640 0.065034
vt 0.461397 0.048917
vt 0.468673 0.033807
vt 0.450284 0.063807
vt 0.454813 0.046511
vt 0.459115 0.030314
vt 0.463026 0.015838
vt 0.466394 0.003641
vt 0.165362 0.428957
vt 0.166124 0.440806
vt 0.150907 0.435744
vt 0.133998 0.432475
vt 0.116047 0.431125
vt 0.166593 0.454292
vt 0.151429 0.450729
vt 0.134552 0.448384
vt 0.116612 0.447346
vt 0.446754 0.063257
vt 0.447888 0.045432
vt 0.449062 0.028747
vt 0.450231 0.013845
vt 0.451349 0.001298
vt 0.443186 0.063405
vt 0.440889 0.045722
vt 0.438901 0.029169
vt 0.437298 0.014381
vt 0.436141 0.001928
vt 0.166752 0.468900
vt 0.151605 0.466960
vt 0.134739 0.465614
vt 0.116802 0.464914
vt 0.166593 0.484066
vt 0.151429 0.483812
vt 0.134552 0.483504
vt 0.116612 0.483154
vt 0.439717 0.064245
vt 0.434084 0.047370
vt 0.429022 0.031561
vt 0.424724 0.017426
vt 0.179598 0.471358
vt 0.179463 0.484256
vt 0.427735 0.050311
vt 0.419805 0.035832
vt 0.412993 0.022862
vt 0.179064 0.497133
vt 0.166124 0.499208
vt 0.150907 0.500637
vt 0.133998 0.501365
vt 0.116047 0.501365
vt 0.436480 0.065745
vt 0.150060 0.516789
vt 0.133099 0.518512
vt 0.115130 0.518848
vt 0.433600 0.067847
vt 0.422086 0.054435
vt 0.411604 0.041818
vt 0.402555 0.030480
vt 0.178416 0.509496
vt 0.165362 0.513745
vt 0.404734 0.049289
vt 0.393811 0.039989
vt 0.395288 0.020859
vt 0.385007 0.032040
vt 0.164336 0.527117
vt 0.148920 0.531647
vt 0.131889 0.534286
vt 0.113897 0.534931
vt 0.431188 0.070470
vt 0.417354 0.059581
vt 0.527726 0.195230
vt 0.545919 0.196286
vt 0.546103 0.211862
vt 0.527914 0.211112
vt 0.429336 0.073514
vt 0.413721 0.065552
vt 0.399459 0.057957
vt 0.387098 0.051022
vt 0.579343 0.204414
vt 0.593289 0.211174
vt 0.593422 0.222404
vt 0.579499 0.217619
vt 0.563348 0.199386
vt 0.563522 0.214059
vt 0.395983 0.067490
vt 0.382674 0.063156
vt 0.593504 0.234677
vt 0.579596 0.232051
vt 0.563629 0.230095
vt 0.546217 0.228886
vt 0.528030 0.228469
vt 0.428115 0.076862
vt 0.411326 0.072118
vt 0.546255 0.246703
vt 0.528069 0.246635
vt 0.427572 0.080384
vt 0.410262 0.079028
vt 0.394438 0.077522
vt 0.380707 0.075923
vt 0.593532 0.247523
vt 0.579628 0.247155
vt 0.563665 0.246878
vt 0.593504 0.260446
vt 0.579596 0.262352
vt 0.563629 0.263764
vt 0.546217 0.264628
vt 0.528030 0.264912
vt 0.427729 0.083947
vt 0.410569 0.086016
vt 0.394884 0.087666
vt 0.381275 0.088835
vt 0.428579 0.087411
vt 0.412236 0.092812
vt 0.397303 0.097533
vt 0.384354 0.101393
vt 0.593422 0.272952
vt 0.579499 0.277056
vt 0.563522 0.280103
vt 0.546103 0.281973
vt 0.527914 0.282597
vt 0.593289 0.284558
vt 0.579343 0.290704
vt 0.563348 0.295267
vt 0.545919 0.298072
vt 0.527726 0.299011
vt 0.430089 0.090646
vt 0.415198 0.099157
vt 0.401604 0.106744
vt 0.389828 0.113117
vt 0.432201 0.093526
vt 0.419342 0.104806
vt 0.407620 0.114945
vt 0.397485 0.123554
vt 0.576694 0.009957
vt 0.592055 0.017275
vt 0.590962 0.028102
vt 0.575409 0.022688
vt 0.559713 0.004512
vt 0.558285 0.018658
vt 0.541762 0.001150
vt 0.540246 0.016167
vt 0.523533 -0.000000
vt 0.521987 0.015311
vt 0.574524 0.036805
vt 0.557301 0.034344
vt 0.539202 0.032819
vt 0.520923 0.032290
vt 0.434835 0.095940
vt 0.424509 0.109542
vt 0.415121 0.121821
vt 0.407031 0.132305
vt 0.590209 0.040107
vt 0.430499 0.113183
vt 0.423817 0.127106
vt 0.603753 0.044125
vt 0.603452 0.054122
vt 0.589825 0.052831
vt 0.574073 0.051766
vt 0.556800 0.050968
vt 0.538670 0.050468
vt 0.520380 0.050284
vt 0.437889 0.097796
vt 0.556800 0.067892
vt 0.538670 0.068433
vt 0.361371 0.347474
vt 0.348449 0.360432
vt 0.333255 0.370616
vt 0.316371 0.377633
vt 0.298448 0.381215
vt 0.280173 0.381223
vt 0.262250 0.377657
vt 0.245367 0.370655
vt 0.230172 0.360484
vt 0.217250 0.347537
vt 0.207097 0.332311
vt 0.200104 0.315391
vt 0.196539 0.297426
vt 0.196539 0.279109
vt 0.200104 0.261141
vt 0.207097 0.244214
vt 0.217250 0.228979
vt 0.230172 0.216021
vt 0.245367 0.205837
vt 0.262250 0.198820
vt 0.280173 0.195238
vt 0.298448 0.195230
vt 0.316371 0.198796
vt 0.333255 0.205799
vt 0.348449 0.215969
vt 0.361371 0.228916
vt 0.371524 0.244142
vt 0.378517 0.261063
vt 0.382082 0.279027
vt 0.382082 0.297345
vt 0.378517 0.315312
vt 0.371524 0.332239
vt 0.520380 0.068601
vt 0.441245 0.099023
vt 0.437083 0.115589
vt 0.433375 0.130599
vt 0.603452 0.064299
vt 0.589825 0.065784
vt 0.574073 0.066997
vt 0.603753 0.074264
vt 0.183782 0.763946
vt 0.196226 0.708211
vt 0.188395 0.765348
vt 0.192597 0.766449
vt 0.196226 0.767208
vt 0.000000 0.761163
vt 0.020279 0.707966
vt 0.003763 0.761139
vt 0.008160 0.761121
vt 0.013024 0.761108
vt 0.018167 0.761101
vt 0.023391 0.761101
vt 0.028495 0.761108
vt 0.033284 0.761121
vt 0.037574 0.761139
vt 0.041199 0.761163
vt 0.113657 0.520637
vt 0.112125 0.551029
vt 0.108433 0.520637
vt 0.160924 0.823201
vt 0.160924 0.767208
vt 0.163827 0.821499
vt 0.167421 0.819584
vt 0.171569 0.817528
vt 0.176111 0.815411
vt 0.180873 0.813314
vt 0.185671 0.811317
vt 0.190321 0.809498
vt 0.194645 0.807926
vt 0.083172 0.938464
vt 0.098691 0.885652
vt 0.087702 0.938410
vt 0.092653 0.938377
vt 0.097834 0.938366
vt 0.103047 0.938377
vt 0.108092 0.938410
vt 0.112774 0.938464
vt 0.160924 0.754600
vt 0.164860 0.756543
vt 0.169290 0.758525
vt 0.174042 0.760468
vt 0.685105 0.608919
vt 0.682209 0.613265
vt 0.678524 0.616961
vt 0.674190 0.619865
vt 0.669374 0.621867
vt 0.664262 0.622889
vt 0.659049 0.622891
vt 0.653937 0.621874
vt 0.649121 0.619877
vt 0.644787 0.616976
vt 0.641101 0.613283
vt 0.638205 0.608940
vt 0.636211 0.604113
vt 0.635194 0.598989
vt 0.635194 0.593765
vt 0.636211 0.588640
vt 0.638205 0.583812
vt 0.641101 0.579466
vt 0.644787 0.575770
vt 0.649121 0.572865
vt 0.653937 0.570864
vt 0.659049 0.569842
vt 0.664262 0.569840
vt 0.669374 0.570857
vt 0.674190 0.572854
vt 0.678524 0.575755
vt 0.682209 0.579448
vt 0.685105 0.583791
vt 0.687100 0.588617
vt 0.688117 0.593741
vt 0.688117 0.598966
vt 0.687100 0.604091
vt 0.178936 0.762299
vt 0.615575 0.547331
vt 0.635194 0.515020
vt 0.617177 0.548276
vt 0.618662 0.549039
vt 0.619973 0.549591
vt 0.621061 0.549911
vt 0.295502 0.812219
vt 0.303963 0.779993
vt 0.296909 0.811749
vt 0.298576 0.811379
vt 0.300438 0.811125
vt 0.302426 0.810995
vt 0.304461 0.810995
vt 0.306467 0.811125
vt 0.308365 0.811379
vt 0.310083 0.811749
vt 0.311555 0.812219
vt 0.159296 0.231440
vt 0.145737 0.197014
vt 0.160397 0.230604
vt 0.161724 0.229630
vt 0.163226 0.228553
vt 0.164847 0.227416
vt 0.166522 0.226263
vt 0.168189 0.225137
vt 0.169783 0.224081
vt 0.601165 0.436422
vt 0.611923 0.400629
vt 0.602728 0.437023
vt 0.604513 0.437525
vt 0.606451 0.437909
vt 0.608468 0.438160
vt 0.610485 0.438270
vt 0.612427 0.438232
vt 0.614217 0.438050
vt 0.607998 0.541312
vt 0.609253 0.542535
vt 0.610696 0.543795
vt 0.612271 0.545047
vt 0.174406 0.240565
vt 0.171745 0.241483
vt 0.613919 0.546241
vt 0.603939 0.454322
vt 0.606754 0.454745
vt 0.604942 0.470767
vt 0.601538 0.470174
vt 0.612326 0.454565
vt 0.609586 0.454827
vt 0.026996 0.813223
vt 0.025230 0.812296
vt 0.026439 0.801721
vt 0.028889 0.802843
vt 0.013873 0.814345
vt 0.012541 0.815831
vt 0.008595 0.805972
vt 0.010494 0.804179
vt 0.176924 0.239664
vt 0.614868 0.453969
vt 0.023302 0.811718
vt 0.023753 0.801020
vt 0.614322 0.562758
vt 0.611703 0.562139
vt 0.161720 0.244650
vt 0.159851 0.245162
vt 0.171242 0.223138
vt 0.179202 0.238817
vt 0.601488 0.557978
vt 0.599491 0.556716
vt 0.021285 0.811512
vt 0.020935 0.800768
vt 0.163933 0.243999
vt 0.601249 0.453575
vt 0.598788 0.452531
vt 0.616763 0.563149
vt 0.603800 0.559196
vt 0.019258 0.811686
vt 0.018093 0.800974
vt 0.166406 0.243234
vt 0.618933 0.563297
vt 0.606339 0.560323
vt 0.017297 0.812232
vt 0.015336 0.801631
vt 0.169044 0.242385
vt 0.620749 0.563198
vt 0.609008 0.561317
vt 0.015479 0.813130
vt 0.012770 0.802713
vt 0.028531 0.814464
vt 0.031009 0.804344
vt 0.359346 0.950675
vt 0.356209 0.949747
vt 0.355288 0.935259
vt 0.358960 0.935868
vt 0.010774 0.794614
vt 0.013908 0.793706
vt 0.608386 0.470786
vt 0.007983 0.795846
vt 0.611738 0.470233
vt 0.005643 0.797356
vt 0.614868 0.469128
vt 0.162257 0.257014
vt 0.159826 0.256582
vt 0.612694 0.576046
vt 0.609335 0.576417
vt 0.596282 0.575434
vt 0.593744 0.574619
vt 0.165121 0.257367
vt 0.615831 0.575442
vt 0.599229 0.576040
vt 0.168307 0.257627
vt 0.618625 0.574629
vt 0.602471 0.576414
vt 0.171693 0.257785
vt 0.620969 0.573638
vt 0.605883 0.576541
vt 0.175148 0.257834
vt 0.030321 0.794771
vt 0.032862 0.796046
vt 0.178540 0.257773
vt 0.027372 0.793815
vt 0.181739 0.257604
vt 0.024130 0.793215
vt 0.184621 0.257333
vt 0.020717 0.792993
vt 0.598306 0.469032
vt 0.595368 0.467384
vt 0.017266 0.793159
vt 0.354151 0.900746
vt 0.358451 0.900801
vt 0.159097 0.268132
vt 0.156408 0.266669
vt 0.615266 0.588152
vt 0.611531 0.589603
vt 0.596969 0.592146
vt 0.594125 0.591844
vt 0.162277 0.269586
vt 0.618749 0.586470
vt 0.600264 0.592062
vt 0.165826 0.270973
vt 0.621847 0.584620
vt 0.603883 0.591596
vt 0.169608 0.272241
vt 0.624439 0.582674
vt 0.607687 0.590765
vt 0.173478 0.273341
vt 0.031873 0.785984
vt 0.034819 0.786834
vt 0.177286 0.274231
vt 0.028448 0.785342
vt 0.180887 0.274875
vt 0.024675 0.784934
vt 0.184142 0.275250
vt 0.020699 0.784774
vt 0.187077 0.256971
vt 0.186925 0.275342
vt 0.016674 0.784869
vt 0.372805 0.950635
vt 0.369566 0.951222
vt 0.370882 0.936214
vt 0.374648 0.935821
vt 0.012753 0.785216
vt 0.366155 0.951427
vt 0.366910 0.936355
vt 0.009089 0.785800
vt 0.362705 0.951242
vt 0.362884 0.936239
vt 0.005820 0.786600
vt 0.003073 0.787585
vt 0.427796 0.167043
vt 0.428708 0.162423
vt 0.430498 0.158070
vt 0.433097 0.154152
vt 0.436405 0.150820
vt 0.440295 0.148201
vt 0.444617 0.146396
vt 0.449205 0.145474
vt 0.453883 0.145471
vt 0.458471 0.146387
vt 0.462793 0.148187
vt 0.466683 0.150802
vt 0.469991 0.154130
vt 0.472590 0.158045
vt 0.474380 0.162396
vt 0.475293 0.167015
vt 0.475293 0.171725
vt 0.474380 0.176345
vt 0.472590 0.180698
vt 0.469991 0.184616
vt 0.466683 0.187948
vt 0.462793 0.190567
vt 0.458471 0.192372
vt 0.453883 0.193294
vt 0.449205 0.193297
vt 0.444617 0.192381
vt 0.440295 0.190581
vt 0.436405 0.187966
vt 0.433097 0.184638
vt 0.430498 0.180723
vt 0.428708 0.176372
vt 0.427796 0.171753
vt 0.148366 0.294056
vt 0.145737 0.291255
vt 0.626078 0.614504
vt 0.622324 0.617348
vt 0.352009 0.934434
vt 0.350308 0.900665
vt 0.151526 0.296938
vt 0.629561 0.611433
vt 0.610896 0.623492
vt 0.607520 0.624482
vt 0.155095 0.299789
vt 0.632639 0.608253
vt 0.614584 0.621930
vt 0.158936 0.302501
vt 0.635194 0.605086
vt 0.618443 0.619855
vt 0.162902 0.304969
vt 0.033683 0.761403
vt 0.037125 0.761512
vt 0.166841 0.307098
vt 0.029680 0.761311
vt 0.170600 0.308806
vt 0.025269 0.761239
vt 0.174035 0.310028
vt 0.020621 0.761189
vt 0.378063 0.935190
vt 0.376795 0.900746
vt 0.380782 0.900665
vt 0.015914 0.761163
vt 0.372396 0.900801
vt 0.011328 0.761163
vt 0.367752 0.900829
vt 0.007040 0.761189
vt 0.363044 0.900829
vt 0.003215 0.761239
vt -0.000000 0.761311
vt 0.062743 0.552604
vt 0.082943 0.520637
vt 0.064395 0.553603
vt 0.065963 0.554433
vt 0.067386 0.555062
vt 0.068611 0.555466
vt 0.297699 0.754863
vt 0.310553 0.725461
vt 0.299460 0.754865
vt 0.301370 0.755023
vt 0.303356 0.755331
vt 0.305342 0.755777
vt 0.307252 0.756344
vt 0.309011 0.757009
vt 0.310553 0.757748
vt 0.021120 0.654858
vt 0.013133 0.633611
vt 0.022719 0.653650
vt 0.024044 0.652180
vt 0.013489 0.555662
vt 0.000000 0.520637
vt 0.014570 0.554973
vt 0.015882 0.554118
vt 0.017373 0.553128
vt 0.018986 0.552042
vt 0.020660 0.550902
vt 0.022330 0.549752
vt 0.023931 0.548636
vt 0.025402 0.547596
vt 0.100806 0.666679
vt 0.111307 0.630498
vt 0.102518 0.667209
vt 0.104407 0.667646
vt 0.106401 0.667973
vt 0.108423 0.668177
vt 0.110395 0.668251
vt 0.112241 0.668190
vt 0.055426 0.546555
vt 0.056565 0.547749
vt 0.057922 0.548999
vt 0.059443 0.550257
vt 0.028520 0.565411
vt 0.025854 0.566366
vt 0.061071 0.551474
vt 0.101598 0.684304
vt 0.104380 0.684834
vt 0.102552 0.701375
vt 0.099187 0.700649
vt 0.110004 0.684935
vt 0.107219 0.685047
vt 0.009608 0.654893
vt 0.011377 0.655782
vt 0.010291 0.666768
vt 0.007840 0.665719
vt 0.028118 0.662503
vt 0.026224 0.664242
vt 0.031049 0.564421
vt 0.112629 0.684502
vt 0.013307 0.656326
vt 0.012977 0.667411
vt 0.061389 0.568071
vt 0.058709 0.567380
vt 0.015877 0.569167
vt 0.014035 0.569477
vt 0.033345 0.563436
vt 0.048728 0.563151
vt 0.046898 0.561931
vt 0.015324 0.656506
vt 0.015795 0.667622
vt 0.018069 0.568680
vt 0.098979 0.683477
vt 0.096624 0.682386
vt 0.063937 0.568552
vt 0.050913 0.564350
vt 0.017350 0.656314
vt 0.018635 0.667394
vt 0.020527 0.568033
vt 0.066256 0.568805
vt 0.053368 0.565483
vt 0.019307 0.655758
vt 0.021390 0.666735
vt 0.023156 0.567252
vt 0.068256 0.568821
vt 0.056001 0.566506
vt 0.023952 0.665671
vt 0.008068 0.653694
vt 0.005717 0.664303
vt 0.104573 0.834442
vt 0.107700 0.835309
vt 0.108662 0.850385
vt 0.105002 0.849859
vt 0.026039 0.674047
vt 0.022904 0.674911
vt 0.106003 0.701550
vt 0.028832 0.672890
vt 0.109405 0.701167
vt 0.031175 0.671483
vt 0.112629 0.700241
vt 0.016409 0.581591
vt 0.014007 0.580930
vt 0.059697 0.581397
vt 0.056282 0.581694
vt 0.043580 0.580679
vt 0.041256 0.579923
vt 0.019250 0.582125
vt 0.062945 0.580889
vt 0.046357 0.581252
vt 0.022420 0.582510
vt 0.065904 0.580191
vt 0.049482 0.581620
vt 0.025797 0.582733
vt 0.068458 0.579328
vt 0.052833 0.581770
vt 0.029252 0.582784
vt 0.006501 0.674106
vt 0.003964 0.672965
vt 0.032652 0.582662
vt 0.009446 0.674951
vt 0.035866 0.582371
vt 0.012686 0.675467
vt 0.038771 0.581923
vt 0.016096 0.675634
vt 0.035319 0.562494
vt 0.041256 0.581334
vt 0.019547 0.675446
vt 0.096036 0.699399
vt 0.109815 0.885579
vt 0.105528 0.885628
vt 0.013257 0.592666
vt 0.010599 0.590958
vt 0.062237 0.593611
vt 0.058457 0.594994
vt 0.110482 0.836472
vt 0.111925 0.851088
vt 0.016413 0.594305
vt 0.065832 0.592022
vt 0.047457 0.597432
vt 0.044375 0.597569
vt 0.019947 0.595812
vt 0.069103 0.590289
vt 0.050922 0.596942
vt 0.023723 0.597129
vt 0.071925 0.588478
vt 0.054636 0.596119
vt 0.027596 0.598206
vt 0.005025 0.683020
vt 0.002091 0.682343
vt 0.031416 0.599000
vt 0.008441 0.683519
vt 0.035038 0.599482
vt 0.012208 0.683821
vt 0.038322 0.599634
vt 0.016180 0.683915
vt 0.041141 0.599448
vt 0.020206 0.683797
vt 0.091108 0.834406
vt 0.094355 0.833886
vt 0.093083 0.849510
vt 0.089307 0.849817
vt 0.024129 0.683472
vt 0.097770 0.833717
vt 0.097059 0.849413
vt 0.027800 0.682951
vt 0.101220 0.833904
vt 0.101084 0.849531
vt 0.031078 0.682256
vt 0.033836 0.681412
vt 0.041255 0.761266
vt 0.042168 0.756646
vt 0.043958 0.752293
vt 0.046557 0.748375
vt 0.049865 0.745043
vt 0.053755 0.742424
vt 0.058077 0.740619
vt 0.062665 0.739697
vt 0.067343 0.739694
vt 0.071931 0.740610
vt 0.076253 0.742410
vt 0.080143 0.745025
vt 0.083451 0.748354
vt 0.086050 0.752268
vt 0.087840 0.756619
vt 0.088753 0.761238
vt 0.088753 0.765948
vt 0.087840 0.770568
vt 0.086050 0.774921
vt 0.083451 0.778839
vt 0.080143 0.782171
vt 0.076253 0.784790
vt 0.071931 0.786595
vt 0.067343 0.787517
vt 0.062665 0.787520
vt 0.058077 0.786604
vt 0.053755 0.784804
vt 0.049865 0.782189
vt 0.046557 0.778861
vt 0.043958 0.774946
vt 0.042168 0.770595
vt 0.041255 0.765976
vt 0.002598 0.618076
vt 0.000000 0.615027
vt 0.073294 0.620425
vt 0.069512 0.623220
vt 0.113640 0.885508
vt 0.005735 0.621134
vt 0.076882 0.617434
vt 0.058471 0.629423
vt 0.055363 0.630498
vt 0.009292 0.624083
vt 0.080141 0.614364
vt 0.061956 0.627807
vt 0.013132 0.626810
vt 0.082943 0.611332
vt 0.065684 0.625712
vt 0.017107 0.629211
vt 0.003421 0.707864
vt 0.000000 0.707966
vt 0.021065 0.631192
vt 0.007408 0.707784
vt 0.024853 0.632678
vt 0.011808 0.707729
vt 0.028325 0.633611
vt 0.016451 0.707701
vt 0.085878 0.850324
vt 0.087176 0.885579
vt 0.083172 0.885508
vt 0.021159 0.707701
vt 0.091586 0.885628
vt 0.025752 0.707729
vt 0.096235 0.885652
vt 0.030052 0.707784
vt 0.100942 0.885652
vt 0.033895 0.707864
vt 0.037133 0.707966
vt 0.673527 0.858127
vt 0.661152 0.866575
vt 0.661152 0.849314
vt 0.458815 0.803680
vt 0.445341 0.803873
vt 0.449556 0.792685
vt 0.677454 0.843813
vt 0.687529 0.857674
vt 0.677454 0.871742
vt 0.466808 0.792427
vt 0.878746 0.456391
vt 0.877125 0.442854
vt 0.891053 0.447557
vt 0.066803 0.915615
vt 0.056115 0.924738
vt 0.052910 0.909273
vt 0.396062 0.968423
vt 0.382082 0.970580
vt 0.387728 0.955607
vt 0.443413 0.778802
vt 0.436288 0.772247
vt 0.449556 0.765172
vt 0.473257 0.803456
vt 0.891053 0.464820
vt 0.067769 0.900409
vt 0.405028 0.956059
vt 0.457756 0.777804
vt 0.125603 0.810048
vt 0.140363 0.810815
vt 0.127508 0.818644
vt 0.904143 0.471241
vt 0.905982 0.456286
vt 0.916208 0.465706
vt 0.066802 0.886615
vt 0.052910 0.892227
vt 0.056114 0.880112
vt 0.153431 0.848077
vt 0.140363 0.855895
vt 0.143865 0.840996
vt 0.472765 0.778363
vt 0.466809 0.764915
vt 0.481457 0.771572
vt 0.143865 0.823778
vt 0.131560 0.832101
vt 0.156720 0.833168
vt 0.127508 0.846504
vt 0.125602 0.857447
vt 0.117399 0.832689
vt 0.113897 0.847588
vt 0.041523 0.901695
vt 0.041255 0.888976
vt 0.113897 0.819727
vt 0.904143 0.441871
vt 0.916208 0.448443
vt 0.481457 0.788575
vt 0.458815 0.756873
vt 0.396811 0.941298
vt 0.411515 0.944079
vt 0.382082 0.943310
vt 0.892053 0.434320
vt 0.907600 0.434867
vt 0.419158 0.957003
vt 0.410075 0.971311
vt 0.080157 0.893349
vt 0.080157 0.910395
vt 0.892053 0.479515
vt 0.877125 0.470786
vt 0.880447 0.433870
vt 0.436288 0.789250
vt 0.690774 0.870933
vt 0.395894 0.980285
vt 0.690774 0.843003
vt 0.072955 0.925431
vt 0.664397 0.834643
vt 0.651314 0.842526
vt 0.664397 0.879834
vt 0.648095 0.857406
vt 0.651314 0.871893
vt 0.859061 0.853563
vt 0.846633 0.862047
vt 0.846633 0.844712
vt 0.768096 0.242236
vt 0.754565 0.242430
vt 0.758798 0.231194
vt 0.863004 0.839187
vt 0.873122 0.853108
vt 0.863004 0.867236
vt 0.776124 0.230935
vt 0.158917 0.892503
vt 0.157290 0.878909
vt 0.171277 0.883632
vt 0.809449 0.910866
vt 0.798716 0.920028
vt 0.795497 0.904498
vt 0.505040 0.950055
vt 0.491001 0.952221
vt 0.496670 0.937184
vt 0.752629 0.217253
vt 0.745474 0.210669
vt 0.758798 0.203565
vt 0.782600 0.242011
vt 0.171277 0.900968
vt 0.810419 0.895595
vt 0.514044 0.937638
vt 0.767033 0.216250
vt 0.803595 0.681517
vt 0.818419 0.682287
vt 0.805508 0.690149
vt 0.184423 0.907417
vt 0.186269 0.892398
vt 0.196539 0.901858
vt 0.809449 0.881742
vt 0.795497 0.887379
vt 0.798716 0.875212
vt 0.831542 0.719708
vt 0.818418 0.727558
vt 0.821935 0.712597
vt 0.782106 0.216812
vt 0.776124 0.203306
vt 0.790835 0.209991
vt 0.821935 0.695304
vt 0.809578 0.703663
vt 0.834845 0.704735
vt 0.805508 0.718128
vt 0.803595 0.729118
vt 0.795356 0.704254
vt 0.791839 0.719216
vt 0.784062 0.896888
vt 0.783793 0.884114
vt 0.791839 0.691237
vt 0.184423 0.877922
vt 0.196539 0.884522
vt 0.790835 0.227067
vt 0.768097 0.195230
vt 0.505792 0.922815
vt 0.520559 0.925608
vt 0.491001 0.924835
vt 0.172282 0.870338
vt 0.187894 0.870888
vt 0.528234 0.938586
vt 0.519112 0.952956
vt 0.822861 0.888506
vt 0.822861 0.905624
vt 0.172281 0.915726
vt 0.157290 0.906960
vt 0.160625 0.869886
vt 0.745474 0.227745
vt 0.876382 0.866423
vt 0.504871 0.961968
vt 0.876382 0.838374
vt 0.815627 0.920725
vt 0.849892 0.829978
vt 0.836753 0.837896
vt 0.849892 0.875362
vt 0.833520 0.852838
vt 0.836753 0.867388
vt 0.859382 0.218815
vt 0.846953 0.227299
vt 0.846953 0.209964
vt 0.769101 0.728523
vt 0.755569 0.728716
vt 0.759802 0.717481
vt 0.863325 0.204439
vt 0.873443 0.218360
vt 0.863325 0.232488
vt 0.777129 0.717222
vt 0.878330 0.217847
vt 0.876702 0.204253
vt 0.890690 0.208976
vt 0.904155 0.367159
vt 0.893421 0.376322
vt 0.890203 0.360791
vt 0.055295 0.952672
vt 0.041255 0.954837
vt 0.046925 0.939801
vt 0.753633 0.703539
vt 0.746478 0.696956
vt 0.759802 0.689851
vt 0.783604 0.728298
vt 0.890690 0.226312
vt 0.905125 0.351889
vt 0.064299 0.940255
vt 0.768037 0.702537
vt 0.803958 0.433870
vt 0.818782 0.434640
vt 0.805871 0.442502
vt 0.903835 0.232761
vt 0.905682 0.217742
vt 0.915951 0.227202
vt 0.904155 0.338036
vt 0.890202 0.343673
vt 0.893421 0.331505
vt 0.831905 0.472061
vt 0.818781 0.479912
vt 0.822298 0.464950
vt 0.783111 0.703098
vt 0.777129 0.689592
vt 0.791839 0.696278
vt 0.822298 0.447658
vt 0.809941 0.456017
vt 0.835209 0.457088
vt 0.805871 0.470481
vt 0.803958 0.481471
vt 0.795719 0.456608
vt 0.792202 0.471569
vt 0.878767 0.353181
vt 0.878499 0.340407
vt 0.792202 0.443590
vt 0.903835 0.203266
vt 0.915951 0.209866
vt 0.791839 0.713353
vt 0.769101 0.681517
vt 0.056047 0.925431
vt 0.070814 0.928225
vt 0.041255 0.927452
vt 0.891694 0.195682
vt 0.907307 0.196232
vt 0.078489 0.941203
vt 0.069367 0.955572
vt 0.917566 0.344799
vt 0.917566 0.361918
vt 0.891694 0.241070
vt 0.876702 0.232304
vt 0.880038 0.195230
vt 0.746478 0.714031
vt 0.876702 0.231675
vt 0.055125 0.964585
vt 0.876702 0.203626
vt 0.910333 0.377018
vt 0.850212 0.195230
vt 0.837073 0.203148
vt 0.850213 0.240614
vt 0.833841 0.218090
vt 0.837074 0.232640
vt 0.555901 0.897630
vt 0.543698 0.888832
vt 0.558521 0.884627
vt 0.531739 0.883443
vt 0.529187 0.897395
vt 0.567373 0.898930
vt 0.558021 0.911975
vt 0.543389 0.905734
vt 0.447046 0.849876
vt 0.461431 0.849876
vt 0.449186 0.859283
vt 0.250890 0.944022
vt 0.250890 0.929286
vt 0.261522 0.936867
vt 0.857717 0.809077
vt 0.845772 0.800175
vt 0.861919 0.794824
vt 0.981918 0.596529
vt 0.976062 0.608064
vt 0.967396 0.598498
vt 0.531213 0.912197
vt 0.543510 0.920537
vt 0.529383 0.921347
vt 0.436288 0.860381
vt 0.261765 0.953493
vt 0.871899 0.808350
vt 0.975874 0.583898
vt 0.474856 0.856666
vt 0.479083 0.870829
vt 0.465532 0.863273
vt 0.275208 0.930628
vt 0.281984 0.920614
vt 0.288706 0.935575
vt 0.275622 0.958914
vt 0.276059 0.945620
vt 0.288949 0.952201
vt 0.848058 0.958688
vt 0.838938 0.947152
vt 0.855738 0.947152
vt 0.967400 0.571690
vt 0.958863 0.583898
vt 0.953720 0.569840
vt 0.454023 0.872668
vt 0.466838 0.880235
vt 0.451298 0.886727
vt 0.871653 0.928426
vt 0.870855 0.944666
vt 0.862102 0.933672
vt 0.464849 0.894282
vt 0.477077 0.885522
vt 0.862600 0.959371
vt 0.847193 0.932448
vt 0.833520 0.933672
vt 0.857029 0.920874
vt 0.438401 0.887825
vt 0.440389 0.873778
vt 0.952978 0.596529
vt 0.835417 0.959371
vt 0.875794 0.793399
vt 0.864345 0.783640
vt 0.265184 0.921412
vt 0.981244 0.569840
vt 0.989778 0.584440
vt 0.959051 0.608064
vt 0.875794 0.820636
vt 0.861919 0.822061
vt 0.849668 0.785223
vt 0.836873 0.792743
vt 0.257119 0.917729
vt 0.556107 0.922815
vt 0.849667 0.829293
vt 0.864344 0.829978
vt 0.845772 0.817008
vt 0.833520 0.807407
vt 0.544318 0.876288
vt 0.556957 0.876288
vt 0.517715 0.897630
vt 0.505512 0.888832
vt 0.520334 0.884627
vt 0.493552 0.883443
vt 0.491001 0.897395
vt 0.529187 0.898930
vt 0.519835 0.911975
vt 0.505203 0.905734
vt 0.392840 0.852027
vt 0.407226 0.852027
vt 0.394980 0.861433
vt 0.745474 0.315923
vt 0.745474 0.301186
vt 0.756106 0.308767
vt 0.857290 0.761476
vt 0.845345 0.752573
vt 0.861492 0.747223
vt 0.982118 0.313599
vt 0.976261 0.325133
vt 0.967596 0.315567
vt 0.493027 0.912197
vt 0.505324 0.920537
vt 0.491196 0.921347
vt 0.382082 0.862531
vt 0.756350 0.325393
vt 0.871472 0.760749
vt 0.976073 0.300967
vt 0.420650 0.858816
vt 0.424878 0.872979
vt 0.411327 0.865423
vt 0.769792 0.302528
vt 0.776568 0.292514
vt 0.783290 0.307475
vt 0.770207 0.330814
vt 0.770644 0.317520
vt 0.783533 0.324101
vt 0.798331 0.958539
vt 0.789211 0.947002
vt 0.806011 0.947002
vt 0.967599 0.288760
vt 0.959062 0.300967
vt 0.953920 0.286909
vt 0.399817 0.874819
vt 0.412632 0.882385
vt 0.397093 0.888877
vt 0.821926 0.928276
vt 0.821128 0.944516
vt 0.812375 0.933522
vt 0.410644 0.896433
vt 0.422871 0.887673
vt 0.812873 0.959221
vt 0.797466 0.932298
vt 0.783793 0.933522
vt 0.807302 0.920724
vt 0.384195 0.889976
vt 0.386184 0.875928
vt 0.953177 0.313599
vt 0.785690 0.959221
vt 0.875367 0.745798
vt 0.863917 0.736039
vt 0.759768 0.293312
vt 0.981444 0.286909
vt 0.989978 0.301510
vt 0.959250 0.325133
vt 0.875367 0.773035
vt 0.861492 0.774460
vt 0.849240 0.737622
vt 0.836446 0.745142
vt 0.751703 0.289630
vt 0.517921 0.922815
vt 0.849240 0.781692
vt 0.863917 0.782377
vt 0.845345 0.769406
vt 0.833093 0.759806
vt 0.506132 0.876288
vt 0.518770 0.876288
vt 0.893820 0.023083
vt 0.881656 0.031387
vt 0.881656 0.014421
vt 0.513142 0.830715
vt 0.499899 0.830904
vt 0.504042 0.819908
vt 0.897679 0.009013
vt 0.907582 0.022638
vt 0.897679 0.036466
vt 0.521000 0.819654
vt 0.912365 0.022136
vt 0.910772 0.008830
vt 0.924463 0.013453
vt 0.941062 0.275966
vt 0.930557 0.284934
vt 0.927406 0.269733
vt 0.967445 0.900873
vt 0.953704 0.902993
vt 0.959253 0.888276
vt 0.498004 0.806262
vt 0.491001 0.799819
vt 0.504042 0.792865
vt 0.527338 0.830495
vt 0.924463 0.030422
vt 0.942012 0.261020
vt 0.976258 0.888721
vt 0.512102 0.805281
vt 0.838235 -0.000000
vt 0.852744 0.000754
vt 0.840108 0.008449
vt 0.937329 0.036733
vt 0.939136 0.022033
vt 0.949188 0.031293
vt 0.941062 0.247462
vt 0.927406 0.252979
vt 0.930556 0.241070
vt 0.865589 0.037380
vt 0.852744 0.045064
vt 0.856186 0.030420
vt 0.526855 0.805831
vt 0.521000 0.792612
vt 0.535398 0.799155
vt 0.856186 0.013495
vt 0.844092 0.021676
vt 0.868822 0.022725
vt 0.840108 0.035833
vt 0.838235 0.046590
vt 0.830172 0.022254
vt 0.826729 0.036898
vt 0.916214 0.262285
vt 0.915951 0.249783
vt 0.826729 0.009514
vt 0.937329 0.007865
vt 0.949188 0.014324
vt 0.535398 0.815868
vt 0.513143 0.784708
vt 0.968181 0.874212
vt 0.982634 0.876946
vt 0.953704 0.876190
vt 0.925446 0.000442
vt 0.940727 0.000980
vt 0.990146 0.889648
vt 0.981218 0.903713
vt 0.954189 0.254081
vt 0.954189 0.270836
vt 0.925446 0.044866
vt 0.910772 0.036286
vt 0.914037 0.000000
vt 0.491001 0.816532
vt 0.910772 0.035670
vt 0.967279 0.912533
vt 0.910772 0.008218
vt 0.947109 0.285616
vt 0.884846 0.000000
vt 0.871986 0.007749
vt 0.884846 0.044419
vt 0.868822 0.022374
vt 0.871986 0.036614
vt 0.893820 0.067502
vt 0.881656 0.075806
vt 0.881656 0.058840
vt 0.559952 0.830715
vt 0.546709 0.830905
vt 0.550851 0.819908
vt 0.897679 0.053433
vt 0.907582 0.067057
vt 0.897679 0.080885
vt 0.567810 0.819654
vt 0.313486 0.922801
vt 0.311893 0.909496
vt 0.325584 0.914119
vt 0.940050 0.321806
vt 0.929545 0.330774
vt 0.926395 0.315573
vt 0.967840 0.708178
vt 0.954099 0.710298
vt 0.959648 0.695581
vt 0.544814 0.806262
vt 0.537811 0.799819
vt 0.550852 0.792865
vt 0.574148 0.830495
vt 0.325584 0.931087
vt 0.941000 0.306860
vt 0.976653 0.696025
vt 0.558912 0.805281
vt 0.838235 0.046590
vt 0.852744 0.047344
vt 0.840108 0.055038
vt 0.338450 0.937398
vt 0.340257 0.922699
vt 0.350308 0.931958
vt 0.940050 0.293301
vt 0.926395 0.298818
vt 0.929545 0.286909
vt 0.865589 0.083969
vt 0.852744 0.091653
vt 0.856186 0.077009
vt 0.573665 0.805831
vt 0.567810 0.792612
vt 0.582208 0.799155
vt 0.856186 0.060085
vt 0.844091 0.068266
vt 0.868822 0.069315
vt 0.840108 0.082423
vt 0.838235 0.093180
vt 0.830172 0.068844
vt 0.826729 0.083488
vt 0.915202 0.308124
vt 0.914940 0.295622
vt 0.826729 0.056103
vt 0.338450 0.908530
vt 0.350308 0.914990
vt 0.582208 0.815868
vt 0.559953 0.784708
vt 0.968577 0.681517
vt 0.983029 0.684250
vt 0.954099 0.683494
vt 0.326567 0.901107
vt 0.341847 0.901646
vt 0.990542 0.696953
vt 0.981614 0.711017
vt 0.953177 0.299921
vt 0.953177 0.316676
vt 0.326567 0.945531
vt 0.311893 0.936951
vt 0.315158 0.900665
vt 0.537811 0.816532
vt 0.910773 0.080090
vt 0.967675 0.719838
vt 0.910773 0.052637
vt 0.946097 0.331455
vt 0.884846 0.044419
vt 0.871986 0.052168
vt 0.884846 0.088839
vt 0.868822 0.066793
vt 0.871986 0.081034
vt 0.336891 0.879329
vt 0.324727 0.887633
vt 0.324727 0.870667
vt 0.766868 0.829648
vt 0.753624 0.829837
vt 0.757767 0.818840
vt 0.340751 0.865260
vt 0.350654 0.878884
vt 0.340751 0.892712
vt 0.774725 0.818587
vt 0.701043 0.902516
vt 0.699450 0.889211
vt 0.713141 0.893834
vt 0.941062 0.230127
vt 0.930557 0.239095
vt 0.927406 0.223894
vt 0.013741 0.978850
vt 0.000000 0.980970
vt 0.005549 0.966253
vt 0.751729 0.805195
vt 0.744726 0.798751
vt 0.757767 0.791798
vt 0.781063 0.829427
vt 0.713141 0.910802
vt 0.942012 0.215181
vt 0.022554 0.966697
vt 0.765827 0.804214
vt 0.262396 0.826906
vt 0.276904 0.827660
vt 0.264268 0.835355
vt 0.726007 0.917113
vt 0.727814 0.902413
vt 0.737866 0.911673
vt 0.941062 0.201622
vt 0.927406 0.207139
vt 0.930556 0.195230
vt 0.289749 0.864286
vt 0.276904 0.871969
vt 0.280346 0.857326
vt 0.780580 0.804763
vt 0.774725 0.791544
vt 0.789123 0.798088
vt 0.280346 0.840401
vt 0.268252 0.848582
vt 0.292982 0.849631
vt 0.264268 0.862739
vt 0.262396 0.873496
vt 0.254332 0.849160
vt 0.250890 0.863804
vt 0.916214 0.216446
vt 0.915951 0.203943
vt 0.250890 0.836419
vt 0.726007 0.888245
vt 0.737866 0.894705
vt 0.789123 0.814801
vt 0.766868 0.783640
vt 0.014477 0.952188
vt 0.028930 0.954922
vt 0.000000 0.954166
vt 0.714124 0.880822
vt 0.729405 0.881361
vt 0.036443 0.967625
vt 0.027514 0.981689
vt 0.954189 0.208242
vt 0.954189 0.224997
vt 0.714124 0.925246
vt 0.699450 0.916666
vt 0.702716 0.880380
vt 0.744726 0.815464
vt 0.353844 0.891917
vt 0.013575 0.990510
vt 0.353844 0.864464
vt 0.947109 0.239776
vt 0.327917 0.856246
vt 0.315057 0.863995
vt 0.327917 0.900666
vt 0.311893 0.878620
vt 0.315057 0.892861
vt 0.559403 0.854489
vt 0.546974 0.862973
vt 0.546974 0.845638
vt 0.767348 0.783447
vt 0.753817 0.783640
vt 0.758050 0.772405
vt 0.563346 0.840113
vt 0.573464 0.854034
vt 0.563346 0.868162
vt 0.775376 0.772146
vt 0.158917 0.846664
vt 0.157290 0.833069
vt 0.171277 0.837792
vt 0.904179 0.422324
vt 0.893445 0.431487
vt 0.890227 0.415956
vt 0.713490 0.952486
vt 0.699450 0.954652
vt 0.705120 0.939615
vt 0.751881 0.758463
vt 0.744726 0.751880
vt 0.758050 0.744775
vt 0.781852 0.783222
vt 0.171277 0.855129
vt 0.905149 0.407054
vt 0.722494 0.940070
vt 0.766285 0.757461
vt 0.803769 0.624482
vt 0.818592 0.625252
vt 0.805682 0.633114
vt 0.184423 0.861577
vt 0.186269 0.846559
vt 0.196539 0.856019
vt 0.904179 0.393201
vt 0.890227 0.398838
vt 0.893445 0.386670
vt 0.831716 0.662673
vt 0.818592 0.670524
vt 0.822109 0.655562
vt 0.781359 0.758022
vt 0.775377 0.744516
vt 0.790087 0.751202
vt 0.822109 0.638270
vt 0.809752 0.646628
vt 0.835019 0.647700
vt 0.805682 0.661093
vt 0.803769 0.672083
vt 0.795530 0.647219
vt 0.792013 0.662181
vt 0.878791 0.408346
vt 0.878523 0.395572
vt 0.792013 0.634202
vt 0.184423 0.832083
vt 0.196539 0.838682
vt 0.790087 0.768278
vt 0.767349 0.736441
vt 0.714242 0.925246
vt 0.729009 0.928039
vt 0.699450 0.927266
vt 0.172282 0.824499
vt 0.187894 0.825049
vt 0.736684 0.941017
vt 0.727562 0.955387
vt 0.917590 0.399964
vt 0.917590 0.417083
vt 0.172281 0.869887
vt 0.157290 0.861120
vt 0.160625 0.824047
vt 0.744726 0.768955
vt 0.576723 0.867349
vt 0.713320 0.964399
vt 0.576723 0.839301
vt 0.910357 0.432183
vt 0.550233 0.830905
vt 0.537094 0.838822
vt 0.550233 0.876288
vt 0.533862 0.853764
vt 0.537095 0.868314
vt 0.974697 0.976919
vt 0.964312 0.984009
vt 0.964311 0.969523
vt 0.895286 0.959005
vt 0.883979 0.959166
vt 0.887516 0.949777
vt 0.977992 0.964907
vt 0.986447 0.976539
vt 0.977992 0.988345
vt 0.901994 0.949561
vt 0.197899 0.978129
vt 0.196539 0.966769
vt 0.208227 0.970716
vt 0.549673 0.991762
vt 0.540704 0.999418
vt 0.538014 0.986440
vt 0.825391 0.182783
vt 0.813659 0.184593
vt 0.818397 0.172028
vt 0.882361 0.938127
vt 0.876382 0.932626
vt 0.887516 0.926689
vt 0.907406 0.958816
vt 0.208227 0.985203
vt 0.550484 0.979001
vt 0.832915 0.172407
vt 0.894397 0.937290
vt 0.959279 0.113108
vt 0.971667 0.113751
vt 0.960878 0.120321
vt 0.219212 0.990592
vt 0.220755 0.978041
vt 0.229337 0.985947
vt 0.549673 0.967425
vt 0.538014 0.972136
vt 0.540704 0.961968
vt 0.982633 0.145021
vt 0.971666 0.151582
vt 0.974605 0.139079
vt 0.906993 0.937759
vt 0.901995 0.926473
vt 0.914287 0.932060
vt 0.974605 0.124629
vt 0.964279 0.131614
vt 0.985393 0.132510
vt 0.960878 0.143701
vt 0.959279 0.152885
vt 0.952395 0.132108
vt 0.949456 0.144610
vt 0.528459 0.980081
vt 0.528234 0.969407
vt 0.949456 0.121230
vt 0.219212 0.965945
vt 0.229337 0.971460
vt 0.914287 0.946329
vt 0.895286 0.919725
vt 0.826019 0.160020
vt 0.838359 0.162354
vt 0.813659 0.161709
vt 0.209066 0.959607
vt 0.222113 0.960067
vt 0.844773 0.173199
vt 0.837150 0.185207
vt 0.560880 0.973077
vt 0.560880 0.987382
vt 0.209066 0.997535
vt 0.196539 0.990210
vt 0.199326 0.959230
vt 0.876382 0.946895
vt 0.989171 0.987666
vt 0.825249 0.192738
vt 0.989171 0.964227
vt 0.554836 1.000000
vt 0.967035 0.957211
vt 0.956056 0.963827
vt 0.967035 0.995135
vt 0.953354 0.976314
vt 0.956056 0.988472
vt 0.726961 0.466597
vt 0.712558 0.476430
vt 0.712557 0.456340
vt 0.222756 0.722377
vt 0.207075 0.722602
vt 0.211980 0.709581
vt 0.731530 0.449938
vt 0.743256 0.466071
vt 0.731530 0.482443
vt 0.232060 0.709281
vt 0.446120 0.551989
vt 0.444234 0.536235
vt 0.460445 0.541709
vt 0.729183 0.777760
vt 0.716744 0.788379
vt 0.713014 0.770380
vt 0.805393 0.861406
vt 0.789123 0.863916
vt 0.795694 0.846490
vt 0.204831 0.693424
vt 0.196539 0.685794
vt 0.211980 0.677561
vt 0.239564 0.722117
vt 0.460445 0.561800
vt 0.730308 0.760063
vt 0.815828 0.847016
vt 0.221524 0.692262
vt 0.703505 0.514675
vt 0.720684 0.515567
vt 0.705723 0.524678
vt 0.475679 0.569273
vt 0.477819 0.551868
vt 0.489720 0.562831
vt 0.729183 0.744009
vt 0.713014 0.750541
vt 0.716744 0.736441
vt 0.735893 0.558934
vt 0.720684 0.568033
vt 0.724760 0.550693
vt 0.238992 0.692913
vt 0.232060 0.677261
vt 0.249108 0.685009
vt 0.724760 0.530653
vt 0.710439 0.540341
vt 0.739722 0.541583
vt 0.705723 0.557103
vt 0.703505 0.569840
vt 0.693957 0.541025
vt 0.689881 0.558365
vt 0.699762 0.761561
vt 0.699450 0.746757
vt 0.689881 0.525939
vt 0.475679 0.535092
vt 0.489720 0.542740
vt 0.249108 0.704798
vt 0.222757 0.667902
vt 0.806265 0.829837
vt 0.823378 0.833074
vt 0.789123 0.832179
vt 0.461608 0.526302
vt 0.479702 0.526940
vt 0.832273 0.848115
vt 0.821702 0.864768
vt 0.744726 0.751847
vt 0.744726 0.771686
vt 0.461608 0.578903
vt 0.444234 0.568744
vt 0.448100 0.525779
vt 0.196539 0.705583
vt 0.747034 0.481501
vt 0.805197 0.875212
vt 0.747034 0.448996
vt 0.736343 0.789186
vt 0.716335 0.439266
vt 0.701108 0.448441
vt 0.716335 0.491861
vt 0.697362 0.465758
vt 0.701108 0.482619
vt 0.624347 0.709294
vt 0.609455 0.719459
vt 0.609455 0.698689
vt 0.620850 0.680803
vt 0.604637 0.681036
vt 0.609709 0.667573
vt 0.629071 0.692070
vt 0.641195 0.708749
vt 0.629071 0.725677
vt 0.630469 0.667263
vt 0.701401 0.708615
vt 0.699450 0.692327
vt 0.716210 0.697986
vt 0.227279 0.765322
vt 0.214419 0.776300
vt 0.210562 0.757691
vt 0.213360 0.809773
vt 0.196539 0.812368
vt 0.203332 0.794352
vt 0.602317 0.650868
vt 0.593744 0.642980
vt 0.609709 0.634468
vt 0.638228 0.680534
vt 0.716210 0.718759
vt 0.228442 0.747025
vt 0.224149 0.794896
vt 0.619576 0.649668
vt 0.659918 0.331505
vt 0.677679 0.332428
vt 0.662210 0.341848
vt 0.731961 0.726485
vt 0.734173 0.708490
vt 0.746478 0.719825
vt 0.227279 0.730427
vt 0.210562 0.737180
vt 0.214418 0.722602
vt 0.693404 0.377265
vt 0.677679 0.386672
vt 0.681893 0.368745
vt 0.637637 0.650340
vt 0.630469 0.634158
vt 0.648095 0.642168
vt 0.681893 0.348026
vt 0.667087 0.358041
vt 0.697362 0.359325
vt 0.662210 0.375372
vt 0.659918 0.388540
vt 0.650046 0.358749
vt 0.645832 0.376676
vt 0.196860 0.748573
vt 0.196539 0.733268
vt 0.645832 0.343152
vt 0.731961 0.691145
vt 0.746478 0.699053
vt 0.648095 0.662628
vt 0.620851 0.624482
vt 0.214262 0.777134
vt 0.231955 0.780481
vt 0.196539 0.779555
vt 0.717414 0.682058
vt 0.736120 0.682717
vt 0.241151 0.796031
vt 0.230222 0.813249
vt 0.243349 0.738530
vt 0.243349 0.759041
vt 0.717413 0.736441
vt 0.699450 0.725937
vt 0.703448 0.681517
vt 0.593744 0.663440
vt 0.645100 0.724703
vt 0.213157 0.824047
vt 0.645100 0.691096
vt 0.234682 0.777134
vt 0.613360 0.681036
vt 0.597617 0.690522
vt 0.613360 0.735413
vt 0.593744 0.708426
vt 0.597618 0.725859
vt 0.619176 0.858025
vt 0.606801 0.866473
vt 0.606801 0.849212
vt 0.769728 0.378312
vt 0.756254 0.378505
vt 0.760469 0.367317
vt 0.623103 0.843710
vt 0.633178 0.857572
vt 0.623103 0.871640
vt 0.777722 0.367059
vt 0.878383 0.704037
vt 0.876762 0.690500
vt 0.890690 0.695204
vt 0.673642 0.915337
vt 0.662954 0.924460
vt 0.659749 0.908995
vt 0.325873 0.972656
vt 0.311893 0.974812
vt 0.317539 0.959840
vt 0.754327 0.353434
vt 0.747202 0.346879
vt 0.760469 0.339804
vt 0.784170 0.378088
vt 0.890690 0.712467
vt 0.674608 0.900131
vt 0.334839 0.960292
vt 0.768669 0.352436
vt 0.323599 0.808847
vt 0.338360 0.809614
vt 0.325504 0.817442
vt 0.903780 0.718888
vt 0.905619 0.703933
vt 0.915845 0.713353
vt 0.673642 0.886337
vt 0.659749 0.891950
vt 0.662954 0.879834
vt 0.351428 0.846876
vt 0.338360 0.854693
vt 0.341862 0.839795
vt 0.783679 0.352995
vt 0.777722 0.339547
vt 0.792370 0.346204
vt 0.341862 0.822576
vt 0.329557 0.830900
vt 0.354717 0.831967
vt 0.325504 0.845303
vt 0.323599 0.856246
vt 0.315395 0.831488
vt 0.311893 0.846386
vt 0.648362 0.901418
vt 0.648095 0.888698
vt 0.311893 0.818526
vt 0.903780 0.689518
vt 0.915845 0.696090
vt 0.792370 0.363207
vt 0.769729 0.331505
vt 0.326622 0.945531
vt 0.341326 0.948312
vt 0.311893 0.947543
vt 0.891690 0.681966
vt 0.907237 0.682514
vt 0.348969 0.961235
vt 0.339886 0.975544
vt 0.686997 0.893072
vt 0.686997 0.910117
vt 0.891690 0.727162
vt 0.876762 0.718433
vt 0.880084 0.681517
vt 0.747202 0.363882
vt 0.636424 0.870831
vt 0.325704 0.984518
vt 0.636424 0.842901
vt 0.679794 0.925154
vt 0.610046 0.834540
vt 0.596963 0.842424
vt 0.610046 0.879732
vt 0.593744 0.857303
vt 0.596963 0.871791
vt 0.516541 0.854489
vt 0.504113 0.862973
vt 0.504113 0.845638
vt 0.769274 0.671488
vt 0.755743 0.671681
vt 0.759976 0.660446
vt 0.520484 0.840114
vt 0.530603 0.854034
vt 0.520484 0.868162
vt 0.777302 0.660187
vt 0.878330 0.263686
vt 0.876702 0.250092
vt 0.890690 0.254815
vt 0.859176 0.911016
vt 0.848443 0.920178
vt 0.845224 0.904647
vt 0.543226 0.950055
vt 0.529187 0.952221
vt 0.534856 0.937184
vt 0.753807 0.646504
vt 0.746652 0.639921
vt 0.759976 0.632816
vt 0.783778 0.671263
vt 0.890690 0.272152
vt 0.860147 0.895745
vt 0.552230 0.937639
vt 0.768211 0.645502
vt 0.802591 0.195230
vt 0.817414 0.196001
vt 0.804504 0.203862
vt 0.903835 0.278600
vt 0.905682 0.263581
vt 0.915951 0.273042
vt 0.859176 0.881892
vt 0.845224 0.887529
vt 0.848443 0.875362
vt 0.830538 0.233421
vt 0.817414 0.241272
vt 0.820931 0.226310
vt 0.783285 0.646063
vt 0.777303 0.632557
vt 0.792013 0.639243
vt 0.820931 0.209018
vt 0.808574 0.217377
vt 0.833841 0.218449
vt 0.804504 0.231841
vt 0.802590 0.242832
vt 0.794352 0.217968
vt 0.790835 0.232930
vt 0.833789 0.897038
vt 0.833520 0.884264
vt 0.790835 0.204951
vt 0.903835 0.249105
vt 0.915951 0.255705
vt 0.792013 0.656318
vt 0.769275 0.624482
vt 0.543978 0.922815
vt 0.558745 0.925608
vt 0.529187 0.924835
vt 0.891694 0.241521
vt 0.907306 0.242071
vt 0.566421 0.938586
vt 0.557298 0.952956
vt 0.872588 0.888656
vt 0.872588 0.905774
vt 0.891694 0.286909
vt 0.876702 0.278143
vt 0.880038 0.241070
vt 0.746652 0.656996
vt 0.533862 0.867349
vt 0.543057 0.961968
vt 0.533862 0.839301
vt 0.865354 0.920875
vt 0.507372 0.830905
vt 0.494233 0.838822
vt 0.507372 0.876288
vt 0.491001 0.853764
vt 0.494233 0.868314
vt 0.859382 0.264198
vt 0.846953 0.272682
vt 0.846953 0.255348
vt 0.769656 0.433676
vt 0.756125 0.433870
vt 0.760358 0.422634
vt 0.863325 0.249823
vt 0.873443 0.263744
vt 0.863325 0.277871
vt 0.777684 0.422375
vt 0.001627 0.884288
vt -0.000000 0.870693
vt 0.013988 0.875416
vt 0.902038 0.909866
vt 0.891304 0.919029
vt 0.888085 0.903498
vt 0.607783 0.952291
vt 0.593744 0.954457
vt 0.599414 0.939421
vt 0.754189 0.408693
vt 0.747034 0.402109
vt 0.760358 0.395005
vt 0.784160 0.433451
vt 0.013988 0.892753
vt 0.903008 0.894596
vt 0.616788 0.939875
vt 0.768593 0.407690
vt 0.802591 0.242831
vt 0.817414 0.243602
vt 0.804504 0.251464
vt 0.027133 0.899201
vt 0.028980 0.884182
vt 0.039249 0.893643
vt 0.902037 0.880743
vt 0.888085 0.886379
vt 0.891304 0.874212
vt 0.830538 0.281023
vt 0.817414 0.288873
vt 0.820931 0.273911
vt 0.783666 0.408252
vt 0.777684 0.394746
vt 0.792395 0.401431
vt 0.820931 0.256619
vt 0.808574 0.264978
vt 0.833841 0.266050
vt 0.804504 0.279443
vt 0.802590 0.290433
vt 0.794352 0.265569
vt 0.790835 0.280531
vt 0.876650 0.895888
vt 0.876382 0.883114
vt 0.790835 0.252552
vt 0.027133 0.869707
vt 0.039249 0.876306
vt 0.792395 0.418507
vt 0.769657 0.386670
vt 0.608536 0.925051
vt 0.623302 0.927844
vt 0.593744 0.927072
vt 0.014992 0.862123
vt 0.030604 0.862673
vt 0.630978 0.940823
vt 0.621856 0.955192
vt 0.915449 0.887506
vt 0.915449 0.904625
vt 0.014992 0.907510
vt 0.000000 0.898744
vt 0.003336 0.861671
vt 0.747034 0.419185
vt 0.876702 0.277059
vt 0.607614 0.964204
vt 0.876702 0.249010
vt 0.908216 0.919725
vt 0.850213 0.240614
vt 0.837074 0.248531
vt 0.850213 0.285997
vt 0.833841 0.263474
vt 0.837074 0.278023
vt 0.678697 0.709775
vt 0.663806 0.719941
vt 0.663806 0.699170
vt 0.656706 0.056322
vt 0.640493 0.056554
vt 0.645565 0.043091
vt 0.683422 0.692551
vt 0.695545 0.709230
vt 0.683422 0.726158
vt 0.666325 0.042781
vt 0.547301 0.646343
vt 0.545351 0.630054
vt 0.562111 0.635713
vt 0.766476 0.155828
vt 0.753615 0.166806
vt 0.749759 0.148197
vt 0.798938 0.032639
vt 0.782117 0.035234
vt 0.788910 0.017217
vt 0.638174 0.026387
vt 0.629600 0.018499
vt 0.645565 0.009986
vt 0.674084 0.056052
vt 0.562111 0.656486
vt 0.767638 0.137531
vt 0.809727 0.017762
vt 0.655432 0.025186
vt 0.127982 0.651177
vt 0.145744 0.652100
vt 0.130275 0.661519
vt 0.577862 0.664212
vt 0.580074 0.646217
vt 0.592379 0.657552
vt 0.766476 0.120932
vt 0.749759 0.127686
vt 0.753615 0.113108
vt 0.161468 0.696936
vt 0.145743 0.706343
vt 0.149957 0.688416
vt 0.673493 0.025859
vt 0.666326 0.009676
vt 0.683951 0.017686
vt 0.149957 0.667697
vt 0.135151 0.677712
vt 0.165426 0.678997
vt 0.130275 0.695043
vt 0.127982 0.708211
vt 0.118110 0.678420
vt 0.113897 0.696347
vt 0.736057 0.139079
vt 0.735735 0.123774
vt 0.113897 0.662823
vt 0.577862 0.628872
vt 0.592379 0.636780
vt 0.683951 0.038146
vt 0.656707 0.000000
vt 0.799840 -0.000000
vt 0.817533 0.003347
vt 0.782117 0.002421
vt 0.563314 0.619785
vt 0.582021 0.620444
vt 0.826729 0.018897
vt 0.815799 0.036114
vt 0.782545 0.129036
vt 0.782545 0.149547
vt 0.563314 0.674168
vt 0.545351 0.663665
vt 0.549348 0.619244
vt 0.629600 0.038959
vt 0.699450 0.725184
vt 0.798735 0.046913
vt 0.699450 0.691577
vt 0.773879 0.167640
vt 0.667711 0.681517
vt 0.651968 0.691003
vt 0.667711 0.735894
vt 0.648095 0.708907
vt 0.651968 0.726340
vt 0.714982 0.141366
vt 0.700091 0.151531
vt 0.700091 0.130761
vt 0.141002 0.650945
vt 0.124790 0.651177
vt 0.129861 0.637714
vt 0.719707 0.124142
vt 0.731830 0.140821
vt 0.719707 0.157749
vt 0.150621 0.637404
vt 0.701574 0.651581
vt 0.699624 0.635292
vt 0.716384 0.640951
vt 0.770462 0.557395
vt 0.757601 0.568373
vt 0.753745 0.549764
vt 0.798938 0.079551
vt 0.782117 0.082147
vt 0.788910 0.064130
vt 0.122470 0.621010
vt 0.113897 0.613121
vt 0.129862 0.604609
vt 0.158380 0.650675
vt 0.716384 0.661724
vt 0.771624 0.539098
vt 0.809727 0.064674
vt 0.139728 0.619809
vt 0.659918 0.388540
vt 0.677679 0.389463
vt 0.662210 0.398883
vt 0.732135 0.669450
vt 0.734347 0.651455
vt 0.746652 0.662790
vt 0.770462 0.522499
vt 0.753745 0.529253
vt 0.757601 0.514675
vt 0.693404 0.434300
vt 0.677679 0.443707
vt 0.681893 0.425780
vt 0.157789 0.620482
vt 0.150622 0.604299
vt 0.168247 0.612309
vt 0.681893 0.405060
vt 0.667087 0.415076
vt 0.697362 0.416360
vt 0.662210 0.432407
vt 0.659918 0.445575
vt 0.650046 0.415784
vt 0.645832 0.433711
vt 0.740043 0.540646
vt 0.739721 0.525341
vt 0.645832 0.400187
vt 0.732135 0.634110
vt 0.746652 0.642018
vt 0.168247 0.632769
vt 0.141003 0.594623
vt 0.799840 0.046913
vt 0.817533 0.050259
vt 0.782117 0.049334
vt 0.717587 0.625023
vt 0.736294 0.625682
vt 0.826729 0.065810
vt 0.815800 0.083027
vt 0.786531 0.530603
vt 0.786531 0.551114
vt 0.717587 0.679406
vt 0.699624 0.668903
vt 0.703621 0.624482
vt 0.113897 0.633581
vt 0.735736 0.156775
vt 0.798735 0.093825
vt 0.735736 0.123167
vt 0.777865 0.569207
vt 0.703996 0.113108
vt 0.688253 0.122594
vt 0.703996 0.167485
vt 0.684380 0.140498
vt 0.688253 0.157931
vt 0.977100 0.406461
vt 0.966671 0.413580
vt 0.966671 0.399034
vt 0.802517 0.330652
vt 0.791162 0.330814
vt 0.794714 0.321386
vt 0.980409 0.394398
vt 0.988900 0.406079
vt 0.980409 0.417935
vt 0.809253 0.321169
vt 0.081204 0.957442
vt 0.079838 0.946034
vt 0.091576 0.949998
vt 0.178819 0.990004
vt 0.169812 0.997693
vt 0.167111 0.984660
vt 0.758814 0.503728
vt 0.747034 0.505545
vt 0.751791 0.492928
vt 0.789538 0.309687
vt 0.783533 0.304163
vt 0.794714 0.298201
vt 0.814687 0.330463
vt 0.091576 0.964546
vt 0.179633 0.977190
vt 0.766370 0.493309
vt 0.801624 0.308846
vt 0.959052 -0.000000
vt 0.971491 0.000646
vt 0.960658 0.007243
vt 0.102607 0.969957
vt 0.104156 0.957354
vt 0.112774 0.965292
vt 0.178818 0.965565
vt 0.167111 0.970295
vt 0.169811 0.960085
vt 0.982504 0.032048
vt 0.971491 0.038635
vt 0.974442 0.026080
vt 0.814273 0.309317
vt 0.809254 0.297984
vt 0.821598 0.303594
vt 0.974442 0.011570
vt 0.964073 0.018584
vt 0.985276 0.019483
vt 0.960658 0.030722
vt 0.959052 0.039944
vt 0.952139 0.019080
vt 0.949188 0.031635
vt 0.157515 0.978274
vt 0.157290 0.967556
vt 0.949188 0.008157
vt 0.102607 0.945207
vt 0.112774 0.950745
vt 0.821598 0.317923
vt 0.802517 0.291207
vt 0.759446 0.480870
vt 0.771837 0.483213
vt 0.747034 0.482565
vt 0.092418 0.938842
vt 0.105519 0.939304
vt 0.778278 0.494104
vt 0.770623 0.506162
vt 0.190073 0.971241
vt 0.190073 0.985606
vt 0.092418 0.976929
vt 0.079838 0.969573
vt 0.082637 0.938464
vt 0.783533 0.318492
vt 0.991635 0.417253
vt 0.758672 0.513725
vt 0.991635 0.393716
vt 0.184003 0.998277
vt 0.969406 0.386670
vt 0.958381 0.393314
vt 0.969406 0.424754
vt 0.955668 0.405853
vt 0.958381 0.418062
vt 0.936792 0.978040
vt 0.926406 0.985129
vt 0.926406 0.970644
vt 0.934353 0.958170
vt 0.923046 0.958332
vt 0.926583 0.948943
vt 0.940087 0.966027
vt 0.948542 0.977660
vt 0.940087 0.989466
vt 0.941062 0.948727
vt 0.834880 0.978270
vt 0.833520 0.966910
vt 0.845209 0.970857
vt 0.512440 0.991762
vt 0.503470 0.999418
vt 0.500781 0.986440
vt 0.798263 0.504720
vt 0.786531 0.506530
vt 0.791269 0.493965
vt 0.921428 0.937293
vt 0.915449 0.931791
vt 0.926583 0.925855
vt 0.946473 0.957982
vt 0.845209 0.985344
vt 0.513250 0.979001
vt 0.805787 0.494344
vt 0.933465 0.936455
vt 0.123720 0.946732
vt 0.136107 0.947376
vt 0.125319 0.953946
vt 0.856194 0.990733
vt 0.857737 0.978182
vt 0.866318 0.986088
vt 0.512440 0.967425
vt 0.500781 0.972135
vt 0.503470 0.961968
vt 0.147074 0.978646
vt 0.136107 0.985206
vt 0.139046 0.972704
vt 0.946061 0.936925
vt 0.941062 0.925639
vt 0.953354 0.931225
vt 0.139046 0.958254
vt 0.128720 0.965239
vt 0.149834 0.966134
vt 0.125319 0.977326
vt 0.123720 0.986510
vt 0.116835 0.965733
vt 0.113897 0.978235
vt 0.491225 0.980081
vt 0.491001 0.969407
vt 0.113897 0.954855
vt 0.856194 0.966086
vt 0.866318 0.971601
vt 0.953354 0.945494
vt 0.934354 0.918890
vt 0.798892 0.481957
vt 0.811231 0.484291
vt 0.786531 0.483645
vt 0.846048 0.959748
vt 0.859095 0.960208
vt 0.817645 0.495136
vt 0.810022 0.507144
vt 0.523647 0.973077
vt 0.523647 0.987382
vt 0.846048 0.997676
vt 0.833520 0.990351
vt 0.836308 0.959371
vt 0.915449 0.946061
vt 0.951265 0.988786
vt 0.798122 0.514675
vt 0.951265 0.965348
vt 0.517602 1.000000
vt 0.929130 0.958332
vt 0.918150 0.964948
vt 0.929130 0.996256
vt 0.915449 0.977434
vt 0.918150 0.989592
vt 0.138895 0.880531
vt 0.126730 0.888835
vt 0.126730 0.871868
vt 0.808424 0.615847
vt 0.795181 0.616037
vt 0.799323 0.605040
vt 0.142754 0.866461
vt 0.152657 0.880086
vt 0.142754 0.893913
vt 0.816282 0.604786
vt 0.437881 0.916418
vt 0.436288 0.903113
vt 0.449979 0.907736
vt 0.901813 0.321806
vt 0.891308 0.330774
vt 0.888157 0.315573
vt 0.967929 0.221892
vt 0.954189 0.224012
vt 0.959738 0.209295
vt 0.793286 0.591394
vt 0.786282 0.584951
vt 0.799324 0.577997
vt 0.822620 0.615627
vt 0.449979 0.924704
vt 0.902763 0.306860
vt 0.976743 0.209739
vt 0.807383 0.590413
vt 0.838664 0.113108
vt 0.853173 0.113861
vt 0.840537 0.121556
vt 0.462845 0.931015
vt 0.464652 0.916315
vt 0.474703 0.925575
vt 0.901813 0.293301
vt 0.888157 0.298818
vt 0.891307 0.286909
vt 0.866018 0.150487
vt 0.853173 0.158171
vt 0.856615 0.143527
vt 0.822137 0.590963
vt 0.816282 0.577744
vt 0.830680 0.584287
vt 0.856615 0.126602
vt 0.844520 0.134784
vt 0.869251 0.135833
vt 0.840537 0.148941
vt 0.838664 0.159697
vt 0.830600 0.135362
vt 0.827158 0.150006
vt 0.876965 0.308124
vt 0.876702 0.295622
vt 0.827158 0.122621
vt 0.462845 0.902147
vt 0.474703 0.908607
vt 0.830680 0.601000
vt 0.808425 0.569840
vt 0.968666 0.195230
vt 0.983119 0.197964
vt 0.954189 0.197208
vt 0.450961 0.894724
vt 0.466242 0.895263
vt 0.990631 0.210667
vt 0.981703 0.224731
vt 0.914940 0.299921
vt 0.914940 0.316676
vt 0.450961 0.939148
vt 0.436288 0.930568
vt 0.439553 0.894282
vt 0.786282 0.601664
vt 0.155847 0.893118
vt 0.967764 0.233552
vt 0.155847 0.865665
vt 0.907860 0.331455
vt 0.129920 0.857448
vt 0.117060 0.865197
vt 0.129920 0.901867
vt 0.113897 0.879821
vt 0.117061 0.894062
vt 0.275783 0.896482
vt 0.263670 0.904752
vt 0.263670 0.887856
vt 0.814420 0.377320
vt 0.801231 0.377509
vt 0.805357 0.366558
vt 0.279626 0.882471
vt 0.289488 0.896039
vt 0.279626 0.909809
vt 0.822244 0.366306
vt 0.916309 0.591883
vt 0.914723 0.578633
vt 0.928356 0.583237
vt 0.942597 0.421421
vt 0.932135 0.430351
vt 0.928998 0.415214
vt 0.969330 0.810190
vt 0.955647 0.812301
vt 0.961173 0.797646
vt 0.799344 0.352970
vt 0.792370 0.346553
vt 0.805357 0.339629
vt 0.828556 0.377101
vt 0.928356 0.600134
vt 0.943542 0.406538
vt 0.978107 0.798089
vt 0.813383 0.351993
vt 0.846477 0.624482
vt 0.860925 0.625233
vt 0.848342 0.632895
vt 0.941169 0.606419
vt 0.942968 0.591781
vt 0.952977 0.601002
vt 0.942596 0.393035
vt 0.928998 0.398529
vt 0.932135 0.386670
vt 0.873716 0.661705
vt 0.860925 0.669357
vt 0.864353 0.654774
vt 0.828075 0.352540
vt 0.822245 0.339376
vt 0.836582 0.345892
vt 0.864353 0.637920
vt 0.852309 0.646067
vt 0.876936 0.647112
vt 0.848342 0.660165
vt 0.846477 0.670877
vt 0.838447 0.646643
vt 0.835019 0.661226
vt 0.917852 0.407797
vt 0.917590 0.395347
vt 0.835019 0.633955
vt 0.941169 0.577672
vt 0.952977 0.584104
vt 0.836582 0.362535
vt 0.814420 0.331505
vt 0.970064 0.783640
vt 0.984456 0.786363
vt 0.955647 0.785610
vt 0.929335 0.570280
vt 0.944552 0.570816
vt 0.991937 0.799012
vt 0.983046 0.813018
vt 0.955668 0.399628
vt 0.955668 0.416312
vt 0.929335 0.614518
vt 0.914723 0.605974
vt 0.917974 0.569840
vt 0.792370 0.363196
vt 0.292665 0.909017
vt 0.969166 0.821802
vt 0.292665 0.881679
vt 0.948618 0.431030
vt 0.266846 0.873496
vt 0.254040 0.881212
vt 0.266846 0.917729
vt 0.250889 0.895776
vt 0.254040 0.909957
vt 0.620261 0.493773
vt 0.608148 0.502042
vt 0.608148 0.485147
vt 0.458337 0.849688
vt 0.445149 0.849877
vt 0.449274 0.838926
vt 0.624105 0.479762
vt 0.633966 0.493330
vt 0.624105 0.507100
vt 0.466162 0.838673
vt 0.912787 0.135151
vt 0.911201 0.121901
vt 0.924835 0.126505
vt 0.942576 0.818391
vt 0.932114 0.827321
vt 0.928977 0.812184
vt 0.967939 0.651032
vt 0.954256 0.653143
vt 0.959782 0.638487
vt 0.443262 0.825337
vt 0.436288 0.818920
vt 0.449275 0.811996
vt 0.472473 0.849468
vt 0.924835 0.143402
vt 0.943521 0.803508
vt 0.976716 0.638930
vt 0.457301 0.824360
vt 0.052714 0.833717
vt 0.067162 0.834467
vt 0.054578 0.842130
vt 0.937647 0.149687
vt 0.939447 0.135049
vt 0.949456 0.144269
vt 0.942575 0.790005
vt 0.928977 0.795499
vt 0.932114 0.783640
vt 0.079953 0.870940
vt 0.067161 0.878592
vt 0.070589 0.864009
vt 0.471993 0.824908
vt 0.466162 0.811744
vt 0.480500 0.818260
vt 0.070589 0.847155
vt 0.058545 0.855302
vt 0.083172 0.856347
vt 0.054578 0.869400
vt 0.052713 0.880112
vt 0.044683 0.855878
vt 0.041256 0.870461
vt 0.917831 0.804767
vt 0.917570 0.792317
vt 0.041256 0.843190
vt 0.937647 0.120940
vt 0.949456 0.127372
vt 0.480500 0.834903
vt 0.458338 0.803873
vt 0.968673 0.624482
vt 0.983065 0.627204
vt 0.954256 0.626451
vt 0.925813 0.113548
vt 0.941030 0.114084
vt 0.990546 0.639853
vt 0.981655 0.653859
vt 0.955647 0.796598
vt 0.955647 0.813282
vt 0.925813 0.157786
vt 0.911201 0.149242
vt 0.914453 0.113108
vt 0.436288 0.835564
vt 0.637143 0.506308
vt 0.967774 0.662643
vt 0.637143 0.478970
vt 0.948597 0.828000
vt 0.611324 0.470786
vt 0.598518 0.478503
vt 0.611325 0.515020
vt 0.595368 0.493067
vt 0.598519 0.507248
vt 0.894249 0.136191
vt 0.882084 0.144495
vt 0.882084 0.127528
vt 0.063397 0.833527
vt 0.050154 0.833717
vt 0.054296 0.822720
vt 0.898108 0.122121
vt 0.908011 0.135746
vt 0.898108 0.149573
vt 0.071255 0.822466
vt 0.115489 0.924003
vt 0.113897 0.910697
vt 0.127587 0.915320
vt 0.942253 0.770936
vt 0.931748 0.779903
vt 0.928597 0.764703
vt 0.966967 0.541336
vt 0.953226 0.543456
vt 0.958776 0.528739
vt 0.048259 0.809074
vt 0.041255 0.802631
vt 0.054297 0.795677
vt 0.077593 0.833307
vt 0.127587 0.932288
vt 0.943203 0.755990
vt 0.975780 0.529184
vt 0.062356 0.808093
vt 0.842186 0.569840
vt 0.856694 0.570594
vt 0.844058 0.578288
vt 0.140453 0.938600
vt 0.142261 0.923900
vt 0.152312 0.933159
vt 0.942253 0.742431
vt 0.928597 0.747948
vt 0.931747 0.736039
vt 0.869539 0.607219
vt 0.856694 0.614903
vt 0.860136 0.600259
vt 0.077110 0.808643
vt 0.071255 0.795424
vt 0.085653 0.801967
vt 0.860136 0.583335
vt 0.848042 0.591516
vt 0.872772 0.592565
vt 0.844058 0.605673
vt 0.842186 0.616430
vt 0.834122 0.592094
vt 0.830680 0.606738
vt 0.917405 0.757254
vt 0.917142 0.744752
vt 0.830680 0.579353
vt 0.140453 0.909732
vt 0.152312 0.916191
vt 0.085653 0.818680
vt 0.063398 0.787520
vt 0.967704 0.514675
vt 0.982157 0.517408
vt 0.953226 0.516652
vt 0.128570 0.902309
vt 0.143851 0.902847
vt 0.989669 0.530111
vt 0.980741 0.544175
vt 0.955380 0.749051
vt 0.955380 0.765805
vt 0.128570 0.946732
vt 0.113897 0.938152
vt 0.117162 0.901867
vt 0.041255 0.819344
vt 0.911201 0.148778
vt 0.966802 0.552996
vt 0.911201 0.121325
vt 0.948300 0.780585
vt 0.885274 0.113108
vt 0.872414 0.120857
vt 0.885274 0.157527
vt 0.869251 0.135482
vt 0.872415 0.149722
vt 0.221432 0.893624
vt 0.209319 0.901893
vt 0.209319 0.884997
vt 0.615793 0.834352
vt 0.602605 0.834541
vt 0.606731 0.823590
vt 0.225276 0.879612
vt 0.235137 0.893180
vt 0.225276 0.906950
vt 0.623618 0.823337
vt 0.917431 0.703560
vt 0.915845 0.690310
vt 0.929478 0.694914
vt 0.942572 0.366256
vt 0.932111 0.375186
vt 0.928973 0.360049
vt 0.968129 0.460420
vt 0.954445 0.462531
vt 0.959971 0.447875
vt 0.600718 0.810001
vt 0.593744 0.803585
vt 0.606731 0.796660
vt 0.629930 0.834132
vt 0.929478 0.711811
vt 0.943518 0.351372
vt 0.976905 0.448318
vt 0.614757 0.809024
vt 0.846667 0.433870
vt 0.861115 0.434621
vt 0.848531 0.442283
vt 0.942290 0.718096
vt 0.944090 0.703458
vt 0.954099 0.712678
vt 0.942572 0.337870
vt 0.928973 0.343364
vt 0.932110 0.331505
vt 0.873906 0.471093
vt 0.861114 0.478745
vt 0.864542 0.464163
vt 0.629449 0.809572
vt 0.623618 0.796408
vt 0.637956 0.802924
vt 0.864542 0.447309
vt 0.852498 0.455456
vt 0.877125 0.456500
vt 0.848531 0.469554
vt 0.846666 0.480265
vt 0.838636 0.456032
vt 0.835209 0.470614
vt 0.917828 0.352632
vt 0.917566 0.340182
vt 0.835209 0.443344
vt 0.942290 0.689349
vt 0.954099 0.695781
vt 0.637956 0.819567
vt 0.615794 0.788537
vt 0.968862 0.433870
vt 0.983254 0.436592
vt 0.954445 0.435839
vt 0.930457 0.681957
vt 0.945674 0.682493
vt 0.990735 0.449242
vt 0.981845 0.463247
vt 0.955644 0.344462
vt 0.955644 0.361147
vt 0.930457 0.726195
vt 0.915845 0.717651
vt 0.919096 0.681517
vt 0.593744 0.820228
vt 0.238314 0.906158
vt 0.967964 0.472031
vt 0.238314 0.878820
vt 0.948594 0.375865
vt 0.212495 0.870637
vt 0.199689 0.878353
vt 0.212496 0.914871
vt 0.196539 0.892917
vt 0.199690 0.907098
vt 0.272232 0.978622
vt 0.261847 0.985712
vt 0.261847 0.971226
vt 0.763630 0.960004
vt 0.752323 0.960166
vt 0.755860 0.950777
vt 0.275527 0.966609
vt 0.283982 0.978242
vt 0.275527 0.990048
vt 0.770338 0.950561
vt 0.785153 0.978120
vt 0.783793 0.966760
vt 0.795482 0.970707
vt 0.582319 0.991762
vt 0.573350 0.999418
vt 0.570661 0.986440
vt 0.794277 0.182783
vt 0.782545 0.184593
vt 0.787283 0.172028
vt 0.750705 0.939127
vt 0.744726 0.933626
vt 0.755860 0.927689
vt 0.775750 0.959816
vt 0.795482 0.985194
vt 0.583130 0.979001
vt 0.801801 0.172407
vt 0.762741 0.938290
vt 0.959279 0.152885
vt 0.971667 0.153528
vt 0.960878 0.160098
vt 0.806467 0.990583
vt 0.808010 0.978032
vt 0.816591 0.985938
vt 0.582319 0.967425
vt 0.570660 0.972135
vt 0.573350 0.961968
vt 0.982633 0.184798
vt 0.971666 0.191359
vt 0.974605 0.178856
vt 0.775337 0.938759
vt 0.770339 0.927473
vt 0.782631 0.933059
vt 0.974605 0.164406
vt 0.964279 0.171391
vt 0.985393 0.172287
vt 0.960878 0.183478
vt 0.959279 0.192662
vt 0.952395 0.171885
vt 0.949456 0.184388
vt 0.561105 0.980081
vt 0.560880 0.969407
vt 0.949456 0.161007
vt 0.806467 0.965936
vt 0.816591 0.971451
vt 0.782631 0.947328
vt 0.763631 0.920725
vt 0.794906 0.160020
vt 0.807245 0.162354
vt 0.782545 0.161709
vt 0.796321 0.959598
vt 0.809367 0.960058
vt 0.813659 0.173199
vt 0.806036 0.185207
vt 0.593526 0.973077
vt 0.593526 0.987382
vt 0.796321 0.997526
vt 0.783793 0.990201
vt 0.786581 0.959221
vt 0.744726 0.947895
vt 0.286706 0.989368
vt 0.794136 0.192738
vt 0.286706 0.965930
vt 0.587482 1.000000
vt 0.264570 0.958914
vt 0.253591 0.965530
vt 0.264570 0.996838
vt 0.250890 0.978016
vt 0.253591 0.990174
vt 0.977667 0.849643
vt 0.967238 0.856763
vt 0.967238 0.842216
vt 0.546709 0.401036
vt 0.535355 0.401199
vt 0.538906 0.391771
vt 0.980976 0.837580
vt 0.989466 0.849262
vt 0.980976 0.861117
vt 0.553446 0.391553
vt 0.877747 0.978145
vt 0.876382 0.966737
vt 0.888119 0.970701
vt 0.766255 0.990085
vt 0.757248 0.997773
vt 0.754547 0.984741
vt 0.157518 0.390859
vt 0.145737 0.392676
vt 0.150495 0.380058
vt 0.533730 0.380072
vt 0.527726 0.374547
vt 0.538907 0.368586
vt 0.558880 0.400848
vt 0.888119 0.985248
vt 0.767069 0.977271
vt 0.165074 0.380439
vt 0.545817 0.379231
vt 0.959052 0.039944
vt 0.971491 0.040590
vt 0.960658 0.047187
vt 0.899150 0.990660
vt 0.900700 0.978057
vt 0.909317 0.985995
vt 0.766255 0.965646
vt 0.754547 0.970376
vt 0.757248 0.960166
vt 0.982504 0.071992
vt 0.971491 0.078580
vt 0.974442 0.066024
vt 0.558466 0.379702
vt 0.553446 0.368369
vt 0.565790 0.373978
vt 0.974442 0.051514
vt 0.964073 0.058528
vt 0.985276 0.059427
vt 0.960658 0.070666
vt 0.959052 0.079888
vt 0.952139 0.059024
vt 0.949188 0.071579
vt 0.744951 0.978355
vt 0.744726 0.967636
vt 0.949188 0.048101
vt 0.899150 0.965909
vt 0.909317 0.971447
vt 0.565790 0.388307
vt 0.546710 0.361592
vt 0.158149 0.368000
vt 0.170541 0.370344
vt 0.145737 0.369696
vt 0.888962 0.959545
vt 0.902063 0.960007
vt 0.176981 0.381235
vt 0.169327 0.393293
vt 0.777509 0.971322
vt 0.777509 0.985686
vt 0.888962 0.997632
vt 0.876382 0.990276
vt 0.879181 0.959166
vt 0.527726 0.388876
vt 0.992201 0.860435
vt 0.157376 0.400855
vt 0.992201 0.836898
vt 0.771439 0.998358
vt 0.969973 0.829853
vt 0.958947 0.836496
vt 0.969973 0.867936
vt 0.956235 0.849035
vt 0.958947 0.861244
vt 0.900688 0.806627
vt 0.888574 0.814896
vt 0.888574 0.798001
vt 0.670144 0.834454
vt 0.656956 0.834643
vt 0.661081 0.823692
vt 0.904531 0.792616
vt 0.914393 0.806184
vt 0.904531 0.819954
vt 0.677969 0.823439
vt 0.001586 0.929554
vt -0.000000 0.916304
vt 0.013633 0.920907
vt 0.182296 0.950477
vt 0.171834 0.959407
vt 0.168697 0.944270
vt 0.968129 0.498581
vt 0.954445 0.500692
vt 0.959971 0.486037
vt 0.655069 0.810103
vt 0.648095 0.803687
vt 0.661082 0.796763
vt 0.684280 0.834235
vt 0.013633 0.937805
vt 0.183241 0.935593
vt 0.976905 0.486479
vt 0.669108 0.809127
vt 0.846303 0.681517
vt 0.860751 0.682267
vt 0.848168 0.689930
vt 0.026446 0.944090
vt 0.028245 0.929452
vt 0.038255 0.938672
vt 0.182295 0.922091
vt 0.168697 0.927585
vt 0.171834 0.915726
vt 0.873542 0.718740
vt 0.860751 0.726392
vt 0.864179 0.711809
vt 0.683800 0.809674
vt 0.677969 0.796510
vt 0.692307 0.803026
vt 0.864179 0.694955
vt 0.852135 0.703102
vt 0.876762 0.704147
vt 0.848168 0.717200
vt 0.846303 0.727912
vt 0.838273 0.703678
vt 0.834845 0.718261
vt 0.157551 0.936852
vt 0.157290 0.924402
vt 0.834845 0.690990
vt 0.026446 0.915342
vt 0.038255 0.921775
vt 0.692307 0.819669
vt 0.670145 0.788639
vt 0.968862 0.472031
vt 0.983254 0.474754
vt 0.954445 0.474001
vt 0.014612 0.907951
vt 0.029829 0.908487
vt 0.990735 0.487403
vt 0.981844 0.501409
vt 0.195367 0.928683
vt 0.195367 0.945368
vt 0.014612 0.952189
vt 0.000000 0.943645
vt 0.003251 0.907510
vt 0.648095 0.820330
vt 0.917570 0.819162
vt 0.967964 0.510192
vt 0.917570 0.791824
vt 0.188317 0.960086
vt 0.891751 0.783640
vt 0.878945 0.791357
vt 0.891751 0.827874
vt 0.875794 0.805921
vt 0.878945 0.820102
vt 0.714554 0.028258
vt 0.699662 0.038424
vt 0.699662 0.017654
vt 0.277995 0.667670
vt 0.261783 0.667902
vt 0.266854 0.654440
vt 0.719278 0.011034
vt 0.731402 0.027714
vt 0.719278 0.044641
vt 0.287614 0.654129
vt 0.313843 0.734109
vt 0.311893 0.717820
vt 0.328653 0.723479
vt 0.281630 0.768181
vt 0.268769 0.779159
vt 0.264913 0.760550
vt 0.328715 0.794573
vt 0.311893 0.797168
vt 0.318686 0.779152
vt 0.259463 0.637735
vt 0.250890 0.629847
vt 0.266854 0.621335
vt 0.295373 0.667400
vt 0.328653 0.744252
vt 0.282792 0.749884
vt 0.339504 0.779696
vt 0.276721 0.636534
vt 0.659918 0.445575
vt 0.677679 0.446498
vt 0.662210 0.455918
vt 0.344404 0.751978
vt 0.346616 0.733983
vt 0.358921 0.745318
vt 0.281630 0.733285
vt 0.264913 0.740039
vt 0.268769 0.725461
vt 0.693404 0.491335
vt 0.677679 0.500741
vt 0.681893 0.482814
vt 0.294782 0.637207
vt 0.287615 0.621024
vt 0.305240 0.629035
vt 0.681893 0.462095
vt 0.667087 0.472111
vt 0.697362 0.473395
vt 0.662210 0.489442
vt 0.659918 0.502610
vt 0.650046 0.472819
vt 0.645832 0.490746
vt 0.251211 0.751432
vt 0.250889 0.736127
vt 0.645832 0.457221
vt 0.344404 0.716638
vt 0.358921 0.724546
vt 0.305240 0.649495
vt 0.277996 0.611348
vt 0.329616 0.761934
vt 0.347309 0.765281
vt 0.311893 0.764355
vt 0.329856 0.707551
vt 0.348563 0.708210
vt 0.356506 0.780831
vt 0.345576 0.798049
vt 0.297699 0.741389
vt 0.297699 0.761900
vt 0.329856 0.761934
vt 0.311893 0.751431
vt 0.315890 0.707010
vt 0.250890 0.650307
vt 0.735307 0.043667
vt 0.328512 0.808847
vt 0.735307 0.010060
vt 0.289033 0.779993
vt 0.703567 0.000000
vt 0.687824 0.009486
vt 0.703567 0.054378
vt 0.683951 0.027390
vt 0.687825 0.044823
vt 0.521603 0.704056
vt 0.506712 0.714221
vt 0.506712 0.693451
vt 0.518106 0.675566
vt 0.501894 0.675798
vt 0.506965 0.662335
vt 0.526328 0.686832
vt 0.538451 0.703511
vt 0.526328 0.720439
vt 0.527725 0.662025
vt 0.115847 0.735310
vt 0.113897 0.719022
vt 0.130656 0.724681
vt 0.521741 0.772895
vt 0.508880 0.783874
vt 0.505024 0.765265
vt 0.267711 0.812632
vt 0.250890 0.815227
vt 0.257683 0.797211
vt 0.499574 0.645630
vt 0.491001 0.637742
vt 0.506966 0.629230
vt 0.535484 0.675296
vt 0.130656 0.745453
vt 0.522904 0.754598
vt 0.278500 0.797755
vt 0.516832 0.644430
vt 0.661002 0.195230
vt 0.678764 0.196153
vt 0.663295 0.205573
vt 0.146407 0.753180
vt 0.148619 0.735184
vt 0.160924 0.746520
vt 0.521741 0.738000
vt 0.505024 0.744754
vt 0.508880 0.730175
vt 0.694488 0.240990
vt 0.678763 0.250397
vt 0.682977 0.232470
vt 0.534893 0.645103
vt 0.527726 0.628920
vt 0.545351 0.636930
vt 0.682977 0.211751
vt 0.668171 0.221766
vt 0.698446 0.223050
vt 0.663295 0.239097
vt 0.661002 0.252265
vt 0.651131 0.222474
vt 0.646917 0.240401
vt 0.491322 0.756147
vt 0.491001 0.740842
vt 0.646917 0.206877
vt 0.146407 0.717840
vt 0.160924 0.725747
vt 0.545351 0.657390
vt 0.518107 0.619244
vt 0.268612 0.779993
vt 0.286306 0.783340
vt 0.250890 0.782414
vt 0.131860 0.708753
vt 0.150566 0.709412
vt 0.295502 0.798890
vt 0.284572 0.816108
vt 0.537811 0.746104
vt 0.537811 0.766615
vt 0.131860 0.763136
vt 0.113897 0.752632
vt 0.117894 0.708211
vt 0.491001 0.658202
vt 0.542356 0.719465
vt 0.267508 0.826906
vt 0.542356 0.685858
vt 0.529144 0.784708
vt 0.510617 0.675798
vt 0.494874 0.685284
vt 0.510617 0.730175
vt 0.491001 0.703188
vt 0.494874 0.720621
vt 0.901275 0.852965
vt 0.889162 0.861234
vt 0.889162 0.844339
vt 0.814444 0.432485
vt 0.801256 0.432674
vt 0.805381 0.421723
vt 0.905118 0.838954
vt 0.914980 0.852522
vt 0.905118 0.866292
vt 0.822269 0.421471
vt 0.917035 0.896256
vt 0.915449 0.883006
vt 0.929082 0.887609
vt 0.943163 0.864603
vt 0.932701 0.873534
vt 0.929564 0.858396
vt 0.969063 0.762589
vt 0.955380 0.764700
vt 0.960906 0.750045
vt 0.799369 0.408135
vt 0.792395 0.401718
vt 0.805381 0.394794
vt 0.828580 0.432266
vt 0.929082 0.904507
vt 0.944108 0.849720
vt 0.977839 0.750487
vt 0.813407 0.407158
vt 0.848040 0.331505
vt 0.862488 0.332256
vt 0.849905 0.339919
vt 0.941895 0.910792
vt 0.943694 0.896153
vt 0.953704 0.905374
vt 0.943163 0.836218
vt 0.929564 0.841712
vt 0.932701 0.829853
vt 0.875279 0.368729
vt 0.862488 0.376381
vt 0.865916 0.361798
vt 0.828099 0.407705
vt 0.822269 0.394542
vt 0.836606 0.401057
vt 0.865916 0.344944
vt 0.853872 0.353091
vt 0.878499 0.354135
vt 0.849905 0.367189
vt 0.848040 0.377900
vt 0.840010 0.353667
vt 0.836582 0.368249
vt 0.918419 0.850979
vt 0.918157 0.838529
vt 0.836582 0.340979
vt 0.941895 0.882044
vt 0.953704 0.888477
vt 0.836606 0.417700
vt 0.814444 0.386670
vt 0.969796 0.736039
vt 0.984189 0.738762
vt 0.955380 0.738009
vt 0.930061 0.874652
vt 0.945278 0.875188
vt 0.991670 0.751411
vt 0.982779 0.765417
vt 0.956235 0.842810
vt 0.956235 0.859495
vt 0.930061 0.918890
vt 0.915449 0.910346
vt 0.918700 0.874212
vt 0.792395 0.418361
vt 0.918157 0.865500
vt 0.968898 0.774200
vt 0.918157 0.838162
vt 0.949185 0.874212
vt 0.892338 0.829978
vt 0.879532 0.837695
vt 0.892338 0.874212
vt 0.876382 0.852259
vt 0.879532 0.866440
vt 0.897770 0.592923
vt 0.885606 0.601227
vt 0.885606 0.584261
vt 0.811265 0.829648
vt 0.798021 0.829837
vt 0.802164 0.818840
vt 0.901630 0.578853
vt 0.911533 0.592478
vt 0.901630 0.606306
vt 0.819122 0.818587
vt 0.912365 0.067002
vt 0.910772 0.053696
vt 0.924463 0.058319
vt 0.941129 0.659378
vt 0.930624 0.668346
vt 0.927473 0.653145
vt 0.967095 0.945552
vt 0.953354 0.947671
vt 0.958903 0.932954
vt 0.796126 0.805195
vt 0.789123 0.798751
vt 0.802164 0.791798
vt 0.825460 0.829427
vt 0.924463 0.075287
vt 0.942079 0.644432
vt 0.975908 0.933399
vt 0.810224 0.804214
vt 0.208045 0.824047
vt 0.222553 0.824801
vt 0.209917 0.832496
vt 0.937329 0.081599
vt 0.939136 0.066899
vt 0.949188 0.076158
vt 0.941129 0.630873
vt 0.927473 0.636390
vt 0.930623 0.624482
vt 0.235398 0.861427
vt 0.222553 0.869111
vt 0.225995 0.854467
vt 0.824978 0.804764
vt 0.819123 0.791545
vt 0.833520 0.798088
vt 0.225995 0.837542
vt 0.213901 0.845723
vt 0.238631 0.846772
vt 0.209917 0.859880
vt 0.208045 0.870637
vt 0.199981 0.846301
vt 0.196539 0.860945
vt 0.916281 0.645697
vt 0.916018 0.633195
vt 0.196539 0.833561
vt 0.937329 0.052730
vt 0.949188 0.059190
vt 0.833520 0.814801
vt 0.811266 0.783641
vt 0.967832 0.918890
vt 0.982284 0.921624
vt 0.953354 0.920868
vt 0.925446 0.045307
vt 0.940727 0.045846
vt 0.989797 0.934326
vt 0.980869 0.948391
vt 0.954256 0.637493
vt 0.954256 0.654248
vt 0.925446 0.089731
vt 0.910773 0.081151
vt 0.914037 0.044866
vt 0.789123 0.815464
vt 0.914723 0.605510
vt 0.966930 0.957211
vt 0.914723 0.578058
vt 0.947176 0.669027
vt 0.888796 0.569840
vt 0.875936 0.577589
vt 0.888796 0.614259
vt 0.872772 0.592214
vt 0.875936 0.606454
vt 0.898019 0.537758
vt 0.885855 0.546062
vt 0.885855 0.529095
vt 0.808673 0.560682
vt 0.795430 0.560871
vt 0.799572 0.549874
vt 0.901879 0.523688
vt 0.911782 0.537313
vt 0.901879 0.551141
vt 0.816531 0.549621
vt 0.383675 0.918569
vt 0.382082 0.905263
vt 0.395773 0.909886
vt 0.941319 0.468766
vt 0.930813 0.477734
vt 0.927663 0.462533
vt 0.967930 0.260213
vt 0.954189 0.262333
vt 0.959738 0.247616
vt 0.793535 0.536229
vt 0.786532 0.529785
vt 0.799573 0.522832
vt 0.822869 0.560462
vt 0.395773 0.926854
vt 0.942268 0.453820
vt 0.976743 0.248060
vt 0.807633 0.535248
vt 0.842435 0.514675
vt 0.856943 0.515429
vt 0.844307 0.523123
vt 0.408639 0.933166
vt 0.410446 0.918466
vt 0.420498 0.927725
vt 0.941318 0.440262
vt 0.927663 0.445779
vt 0.930813 0.433870
vt 0.869788 0.552054
vt 0.856943 0.559738
vt 0.860385 0.545094
vt 0.822386 0.535798
vt 0.816531 0.522579
vt 0.830929 0.529122
vt 0.860385 0.528170
vt 0.848291 0.536351
vt 0.873021 0.537400
vt 0.844307 0.550508
vt 0.842435 0.561264
vt 0.834371 0.536929
vt 0.830929 0.551573
vt 0.916471 0.455085
vt 0.916208 0.442583
vt 0.830929 0.524188
vt 0.408639 0.904297
vt 0.420498 0.910757
vt 0.830929 0.545835
vt 0.808674 0.514675
vt 0.968666 0.233552
vt 0.983119 0.236285
vt 0.954189 0.235529
vt 0.396756 0.896875
vt 0.412037 0.897413
vt 0.990631 0.248988
vt 0.981703 0.263052
vt 0.954445 0.446881
vt 0.954445 0.463636
vt 0.396756 0.941298
vt 0.382082 0.932718
vt 0.385347 0.896433
vt 0.786532 0.546498
vt 0.914972 0.550345
vt 0.967764 0.271873
vt 0.914972 0.522892
vt 0.947365 0.478416
vt 0.889045 0.514675
vt 0.876185 0.522424
vt 0.889045 0.559094
vt 0.873021 0.537049
vt 0.876185 0.551289
vt 0.900261 0.759026
vt 0.888147 0.767295
vt 0.888147 0.750400
vt 0.721500 0.835001
vt 0.708311 0.835189
vt 0.712437 0.824238
vt 0.904104 0.745015
vt 0.913966 0.758583
vt 0.904104 0.772353
vt 0.729324 0.823986
vt 0.916558 0.536718
vt 0.914972 0.523468
vt 0.928605 0.528072
vt 0.221545 0.949621
vt 0.211083 0.958551
vt 0.207946 0.943414
vt 0.969327 0.358055
vt 0.955644 0.360166
vt 0.961170 0.345511
vt 0.706424 0.810650
vt 0.699450 0.804233
vt 0.712437 0.797309
vt 0.735636 0.834781
vt 0.928605 0.544969
vt 0.222490 0.934738
vt 0.978104 0.345953
vt 0.720463 0.809673
vt 0.848064 0.386671
vt 0.862512 0.387421
vt 0.849929 0.395084
vt 0.941418 0.551254
vt 0.943217 0.536616
vt 0.953227 0.545837
vt 0.221545 0.921236
vt 0.207946 0.926730
vt 0.211083 0.914871
vt 0.875304 0.423894
vt 0.862512 0.431546
vt 0.865940 0.416963
vt 0.735155 0.810220
vt 0.729325 0.797057
vt 0.743662 0.803572
vt 0.865940 0.400109
vt 0.853896 0.408256
vt 0.878523 0.409301
vt 0.849929 0.422354
vt 0.848064 0.433066
vt 0.840034 0.408832
vt 0.836606 0.423415
vt 0.196800 0.935997
vt 0.196539 0.923547
vt 0.836606 0.396144
vt 0.941418 0.522507
vt 0.953227 0.528939
vt 0.743662 0.820216
vt 0.721500 0.789186
vt 0.970061 0.331505
vt 0.984453 0.334228
vt 0.955644 0.333475
vt 0.929584 0.515115
vt 0.944801 0.515651
vt 0.991934 0.346877
vt 0.983043 0.360883
vt 0.234616 0.927828
vt 0.234616 0.944512
vt 0.929584 0.559353
vt 0.914972 0.550809
vt 0.918223 0.514675
vt 0.699450 0.820876
vt 0.917142 0.771561
vt 0.969162 0.369666
vt 0.917142 0.744223
vt 0.227566 0.959230
vt 0.891324 0.736039
vt 0.878518 0.743756
vt 0.891324 0.780273
vt 0.875367 0.758320
vt 0.878518 0.772501
vt 0.718719 0.598098
vt 0.703828 0.608264
vt 0.703828 0.587494
vt 0.656706 0.112875
vt 0.640493 0.113108
vt 0.645565 0.099645
vt 0.723444 0.580874
vt 0.735567 0.597553
vt 0.723444 0.614481
vt 0.666325 0.099335
vt 0.700396 0.222329
vt 0.698446 0.206041
vt 0.715206 0.211700
vt 0.766047 0.042720
vt 0.753187 0.053698
vt 0.749330 0.035089
vt 0.130718 0.795774
vt 0.113897 0.798369
vt 0.120690 0.780353
vt 0.638174 0.082940
vt 0.629600 0.075052
vt 0.645565 0.066540
vt 0.674084 0.112606
vt 0.715206 0.232472
vt 0.767210 0.024423
vt 0.141507 0.780897
vt 0.655432 0.081740
vt 0.450374 0.644914
vt 0.468135 0.645837
vt 0.452666 0.655257
vt 0.730957 0.240199
vt 0.733169 0.222203
vt 0.745474 0.233539
vt 0.766047 0.007825
vt 0.749330 0.014579
vt 0.753186 -0.000000
vt 0.483859 0.690674
vt 0.468135 0.700081
vt 0.472348 0.682154
vt 0.673493 0.082412
vt 0.666326 0.066230
vt 0.683951 0.074240
vt 0.472349 0.661435
vt 0.457543 0.671450
vt 0.487817 0.672734
vt 0.452666 0.688781
vt 0.450374 0.701949
vt 0.440502 0.672158
vt 0.436288 0.690085
vt 0.735628 0.025971
vt 0.735307 0.010666
vt 0.436288 0.656561
vt 0.730957 0.204859
vt 0.745474 0.212766
vt 0.683951 0.094700
vt 0.656707 0.056554
vt 0.131620 0.763136
vt 0.149313 0.766482
vt 0.113897 0.765557
vt 0.716409 0.195771
vt 0.735116 0.196430
vt 0.158509 0.782033
vt 0.147579 0.799250
vt 0.782117 0.015929
vt 0.782117 0.036440
vt 0.716409 0.250154
vt 0.698446 0.239651
vt 0.702443 0.195230
vt 0.629600 0.095512
vt 0.739473 0.613507
vt 0.130515 0.810048
vt 0.739473 0.579900
vt 0.773450 0.054532
vt 0.707733 0.569840
vt 0.691990 0.579326
vt 0.707733 0.624218
vt 0.688117 0.597230
vt 0.691990 0.614663
vt 0.714554 0.082636
vt 0.699662 0.092802
vt 0.699662 0.072031
vt 0.338999 0.652078
vt 0.322786 0.652310
vt 0.327858 0.638848
vt 0.719278 0.065412
vt 0.731402 0.082091
vt 0.719278 0.099019
vt 0.348618 0.638538
vt 0.438238 0.729048
vt 0.436288 0.712759
vt 0.453048 0.718419
vt 0.766047 0.097252
vt 0.753187 0.108231
vt 0.749330 0.089622
vt 0.799367 0.145746
vt 0.782545 0.148341
vt 0.789339 0.130325
vt 0.320467 0.622143
vt 0.311893 0.614255
vt 0.327858 0.605743
vt 0.356377 0.651809
vt 0.453048 0.739191
vt 0.767210 0.078956
vt 0.810156 0.130869
vt 0.337725 0.620942
vt 0.396168 0.645756
vt 0.413930 0.646679
vt 0.398461 0.656098
vt 0.468799 0.746917
vt 0.471011 0.728922
vt 0.483316 0.740257
vt 0.766047 0.062357
vt 0.749330 0.069111
vt 0.753186 0.054532
vt 0.429654 0.691516
vt 0.413929 0.700922
vt 0.418143 0.682995
vt 0.355786 0.621615
vt 0.348618 0.605433
vt 0.366244 0.613443
vt 0.418143 0.662276
vt 0.403337 0.672292
vt 0.433612 0.673576
vt 0.398461 0.689623
vt 0.396168 0.702791
vt 0.386296 0.673000
vt 0.382083 0.690926
vt 0.735628 0.080504
vt 0.735307 0.065199
vt 0.382083 0.657402
vt 0.468799 0.711577
vt 0.483316 0.719485
vt 0.366244 0.633903
vt 0.339000 0.595757
vt 0.800268 0.113108
vt 0.817962 0.116454
vt 0.782545 0.115529
vt 0.454251 0.702490
vt 0.472958 0.703149
vt 0.827158 0.132005
vt 0.816228 0.149222
vt 0.782117 0.070461
vt 0.782117 0.090972
vt 0.454251 0.756873
vt 0.436288 0.746370
vt 0.440285 0.701949
vt 0.311893 0.634715
vt 0.735307 0.098045
vt 0.799164 0.160020
vt 0.735307 0.064438
vt 0.773450 0.109065
vt 0.703567 0.054378
vt 0.687824 0.063864
vt 0.703567 0.108756
vt 0.683951 0.081768
vt 0.687825 0.099201
vt 0.724883 0.858674
vt 0.712507 0.867122
vt 0.712507 0.849860
vt 0.769560 0.480677
vt 0.756086 0.480870
vt 0.760301 0.469682
vt 0.728809 0.844359
vt 0.738885 0.858221
vt 0.728809 0.872289
vt 0.777554 0.469424
vt 0.878556 0.647002
vt 0.876936 0.633466
vt 0.890864 0.638169
vt 0.619291 0.915234
vt 0.608603 0.924358
vt 0.605398 0.908893
vt 0.450267 0.966273
vt 0.436288 0.968429
vt 0.441933 0.953457
vt 0.754158 0.455799
vt 0.747034 0.449243
vt 0.760301 0.442169
vt 0.784002 0.480453
vt 0.890864 0.655432
vt 0.620257 0.900029
vt 0.459234 0.953909
vt 0.768501 0.454801
vt 0.393789 0.804627
vt 0.408549 0.805395
vt 0.395694 0.813223
vt 0.903954 0.661853
vt 0.905792 0.646898
vt 0.916018 0.656318
vt 0.619291 0.886234
vt 0.605398 0.891847
vt 0.608603 0.879732
vt 0.421617 0.842657
vt 0.408549 0.850474
vt 0.412051 0.835576
vt 0.783511 0.455360
vt 0.777554 0.441912
vt 0.792202 0.448568
vt 0.412051 0.818357
vt 0.399746 0.826680
vt 0.424906 0.827747
vt 0.395694 0.841083
vt 0.393788 0.852027
vt 0.385585 0.827269
vt 0.382083 0.842167
vt 0.594011 0.901315
vt 0.593744 0.888596
vt 0.382083 0.814306
vt 0.903954 0.632483
vt 0.916018 0.639055
vt 0.792202 0.465572
vt 0.769561 0.433870
vt 0.451017 0.939148
vt 0.465721 0.941929
vt 0.436288 0.941160
vt 0.891864 0.624931
vt 0.907410 0.625479
vt 0.473364 0.954852
vt 0.464280 0.969161
vt 0.632646 0.892969
vt 0.632646 0.910015
vt 0.891864 0.670127
vt 0.876936 0.661398
vt 0.880257 0.624482
vt 0.747034 0.466247
vt 0.742130 0.871479
vt 0.450099 0.978135
vt 0.742130 0.843550
vt 0.625443 0.925051
vt 0.715753 0.835189
vt 0.702669 0.843073
vt 0.715753 0.880380
vt 0.699451 0.857952
vt 0.702670 0.872440
vt 0.572959 0.704056
vt 0.558067 0.714221
vt 0.558067 0.693451
vt 0.223645 0.667670
vt 0.207432 0.667902
vt 0.212503 0.654440
vt 0.577683 0.686832
vt 0.589807 0.703511
vt 0.577683 0.720439
vt 0.233264 0.654129
vt 0.384032 0.729889
vt 0.382082 0.713601
vt 0.398842 0.719260
vt 0.568551 0.772895
vt 0.555690 0.783873
vt 0.551834 0.765265
vt 0.492114 0.178110
vt 0.475293 0.180705
vt 0.482086 0.162689
vt 0.205112 0.637735
vt 0.196539 0.629847
vt 0.212504 0.621335
vt 0.241023 0.667400
vt 0.398842 0.740033
vt 0.569713 0.754598
vt 0.502903 0.163233
vt 0.222370 0.636534
vt 0.661002 0.252265
vt 0.678764 0.253188
vt 0.663295 0.262608
vt 0.414593 0.747759
vt 0.416805 0.729764
vt 0.429110 0.741099
vt 0.568551 0.738000
vt 0.551834 0.744754
vt 0.555690 0.730175
vt 0.694488 0.298025
vt 0.678763 0.307432
vt 0.682977 0.289505
vt 0.240431 0.637207
vt 0.233264 0.621024
vt 0.250890 0.629035
vt 0.682977 0.268786
vt 0.668171 0.278801
vt 0.698446 0.280085
vt 0.663295 0.296132
vt 0.661002 0.309300
vt 0.651131 0.279509
vt 0.646917 0.297436
vt 0.538132 0.756147
vt 0.537811 0.740842
vt 0.646917 0.263912
vt 0.414593 0.712419
vt 0.429110 0.720326
vt 0.250890 0.649494
vt 0.223645 0.611348
vt 0.493016 0.145471
vt 0.510709 0.148818
vt 0.475293 0.147892
vt 0.400045 0.703332
vt 0.418752 0.703991
vt 0.519906 0.164368
vt 0.508976 0.181586
vt 0.584620 0.746104
vt 0.584620 0.766615
vt 0.400045 0.757715
vt 0.382082 0.747211
vt 0.386079 0.702791
vt 0.196539 0.650307
vt 0.593712 0.719465
vt 0.491912 0.192384
vt 0.593712 0.685858
vt 0.575954 0.784708
vt 0.561972 0.675798
vt 0.546229 0.685284
vt 0.561972 0.730175
vt 0.542356 0.703188
vt 0.546230 0.720621
vt 0.726961 0.414002
vt 0.712558 0.423835
vt 0.712557 0.403745
vt 0.338111 0.706786
vt 0.322429 0.707010
vt 0.327335 0.693989
vt 0.731530 0.397343
vt 0.743256 0.413475
vt 0.731530 0.429848
vt 0.347414 0.693689
vt 0.595630 0.761624
vt 0.593744 0.745869
vt 0.609954 0.751343
vt 0.677828 0.777214
vt 0.665389 0.787832
vt 0.661658 0.769834
vt 0.760996 0.861406
vt 0.744726 0.863916
vt 0.751296 0.846490
vt 0.320186 0.677832
vt 0.311893 0.670202
vt 0.327335 0.661969
vt 0.354919 0.706525
vt 0.609954 0.771434
vt 0.678952 0.759517
vt 0.771431 0.847016
vt 0.336878 0.676670
vt 0.710985 0.331505
vt 0.728165 0.332398
vt 0.713203 0.341509
vt 0.625189 0.778907
vt 0.627329 0.761502
vt 0.639230 0.772465
vt 0.677827 0.743463
vt 0.661658 0.749995
vt 0.665388 0.735894
vt 0.743373 0.375765
vt 0.728164 0.384863
vt 0.732240 0.367524
vt 0.354347 0.677321
vt 0.347415 0.661669
vt 0.364462 0.669417
vt 0.732240 0.347484
vt 0.717919 0.357171
vt 0.747202 0.358413
vt 0.713203 0.373934
vt 0.710985 0.386670
vt 0.701437 0.357856
vt 0.697362 0.375195
vt 0.648406 0.761014
vt 0.648095 0.746211
vt 0.697362 0.342770
vt 0.625189 0.744726
vt 0.639230 0.752374
vt 0.364462 0.689206
vt 0.338111 0.652310
vt 0.761868 0.829837
vt 0.778981 0.833074
vt 0.744726 0.832179
vt 0.611118 0.735936
vt 0.629212 0.736574
vt 0.787876 0.848115
vt 0.777305 0.864768
vt 0.693370 0.751301
vt 0.693370 0.771140
vt 0.611118 0.788537
vt 0.593744 0.778378
vt 0.597610 0.735413
vt 0.311893 0.689992
vt 0.747034 0.428906
vt 0.760800 0.875212
vt 0.747034 0.396401
vt 0.684987 0.788639
vt 0.716335 0.386670
vt 0.701108 0.395846
vt 0.716335 0.439266
vt 0.697362 0.413163
vt 0.701108 0.430024
vt 0.859382 0.309582
vt 0.846953 0.318066
vt 0.846953 0.300731
vt 0.768096 0.289436
vt 0.754565 0.289630
vt 0.758798 0.278394
vt 0.863325 0.295206
vt 0.873443 0.309127
vt 0.863325 0.323255
vt 0.776124 0.278135
vt 0.001627 0.838448
vt -0.000000 0.824854
vt 0.013988 0.829577
vt 0.770382 0.910866
vt 0.759648 0.920028
vt 0.756430 0.904498
vt 0.662134 0.952394
vt 0.648095 0.954560
vt 0.653764 0.939523
vt 0.752629 0.264452
vt 0.745474 0.257869
vt 0.758798 0.250765
vt 0.782600 0.289211
vt 0.013988 0.846914
vt 0.771352 0.895595
vt 0.671138 0.939977
vt 0.767033 0.263450
vt 0.801843 0.736039
vt 0.816666 0.736810
vt 0.803756 0.744671
vt 0.027133 0.853362
vt 0.028980 0.838343
vt 0.039249 0.847803
vt 0.770382 0.881742
vt 0.756430 0.887379
vt 0.759648 0.875212
vt 0.829790 0.774230
vt 0.816666 0.782081
vt 0.820183 0.767119
vt 0.782106 0.264012
vt 0.776124 0.250506
vt 0.790835 0.257191
vt 0.820183 0.749827
vt 0.807826 0.758186
vt 0.833093 0.759258
vt 0.803756 0.772650
vt 0.801843 0.783640
vt 0.793604 0.758777
vt 0.790087 0.773739
vt 0.744994 0.896888
vt 0.744726 0.884114
vt 0.790087 0.745759
vt 0.027133 0.823867
vt 0.039249 0.830467
vt 0.790835 0.274267
vt 0.768097 0.242430
vt 0.662886 0.925153
vt 0.677653 0.927947
vt 0.648095 0.927174
vt 0.014992 0.816283
vt 0.030604 0.816833
vt 0.685328 0.940925
vt 0.676206 0.955294
vt 0.783793 0.888506
vt 0.783793 0.905624
vt 0.014992 0.861671
vt 0.000000 0.852905
vt 0.003336 0.815832
vt 0.745474 0.274945
vt 0.876702 0.322442
vt 0.661965 0.964307
vt 0.876702 0.294394
vt 0.776560 0.920725
vt 0.850213 0.285998
vt 0.837074 0.293915
vt 0.850213 0.331381
vt 0.833841 0.308857
vt 0.837074 0.323407
vt 0.414383 0.618187
vt 0.398665 0.628917
vt 0.398665 0.606994
vt 0.142507 0.594378
vt 0.125394 0.594623
vt 0.130747 0.580413
vt 0.419370 0.600007
vt 0.432166 0.617612
vt 0.419370 0.635479
vt 0.152659 0.580086
vt 0.147795 0.338631
vt 0.145737 0.321438
vt 0.163427 0.327412
vt 0.283336 0.712993
vt 0.269762 0.724580
vt 0.265691 0.704939
vt 0.398462 0.179921
vt 0.380707 0.182660
vt 0.387877 0.163644
vt 0.122946 0.562782
vt 0.113897 0.554456
vt 0.130747 0.545471
vt 0.160849 0.594093
vt 0.163427 0.349337
vt 0.284563 0.693681
vt 0.409850 0.164218
vt 0.141162 0.561514
vt 0.326761 0.535557
vt 0.345508 0.536531
vt 0.329180 0.546473
vt 0.180052 0.357492
vt 0.182387 0.338498
vt 0.195375 0.350462
vt 0.283336 0.676161
vt 0.265691 0.683290
vt 0.269761 0.667902
vt 0.362105 0.583856
vt 0.345507 0.593784
vt 0.349955 0.574863
vt 0.160225 0.562224
vt 0.152660 0.545144
vt 0.171264 0.553599
vt 0.349955 0.552994
vt 0.334327 0.563565
vt 0.366282 0.564920
vt 0.329180 0.581858
vt 0.326760 0.595757
vt 0.316341 0.564312
vt 0.311893 0.583234
vt 0.251229 0.695315
vt 0.250889 0.679160
vt 0.311893 0.547849
vt 0.180052 0.320191
vt 0.195375 0.328537
vt 0.171264 0.575194
vt 0.142507 0.534931
vt 0.399414 0.145471
vt 0.418089 0.149004
vt 0.380707 0.148027
vt 0.164697 0.310599
vt 0.184442 0.311295
vt 0.427796 0.165417
vt 0.416259 0.183590
vt 0.300297 0.684715
vt 0.300297 0.706364
vt 0.164697 0.368000
vt 0.145737 0.356914
vt 0.149956 0.310028
vt 0.113897 0.576051
vt 0.436288 0.634451
vt 0.398248 0.194987
vt 0.436288 0.598979
vt 0.291149 0.725461
vt 0.402787 0.588360
vt 0.386171 0.598373
vt 0.402787 0.645756
vt 0.382082 0.617270
vt 0.386171 0.635671
vt 0.071858 0.713575
vt 0.056967 0.723740
vt 0.056966 0.702970
vt 0.463394 0.644682
vt 0.447181 0.644914
vt 0.452253 0.631452
vt 0.076583 0.696351
vt 0.088706 0.713030
vt 0.076582 0.729958
vt 0.473013 0.631142
vt 0.700396 0.277253
vt 0.698446 0.260965
vt 0.715206 0.266624
vt 0.770213 0.612560
vt 0.757352 0.623538
vt 0.753496 0.604929
vt 0.398904 0.790353
vt 0.382082 0.792949
vt 0.388876 0.774932
vt 0.444861 0.614747
vt 0.436288 0.606859
vt 0.452253 0.598347
vt 0.480772 0.644413
vt 0.715206 0.287396
vt 0.771375 0.594263
vt 0.409693 0.775476
vt 0.462120 0.613546
vt 0.662181 0.624482
vt 0.679942 0.625405
vt 0.664473 0.634824
vt 0.730957 0.295123
vt 0.733169 0.277127
vt 0.745474 0.288463
vt 0.770213 0.577665
vt 0.753496 0.584418
vt 0.757352 0.569840
vt 0.695666 0.670242
vt 0.679942 0.679648
vt 0.684155 0.661721
vt 0.480181 0.614219
vt 0.473013 0.598037
vt 0.490639 0.606047
vt 0.684156 0.641002
vt 0.669349 0.651017
vt 0.699624 0.652302
vt 0.664473 0.668348
vt 0.662180 0.681517
vt 0.652309 0.651725
vt 0.648095 0.669652
vt 0.739794 0.595811
vt 0.739473 0.580506
vt 0.648095 0.636128
vt 0.730957 0.259783
vt 0.745474 0.267690
vt 0.490639 0.626507
vt 0.463395 0.588360
vt 0.399805 0.757715
vt 0.417499 0.761061
vt 0.382082 0.760136
vt 0.716409 0.250695
vt 0.735116 0.251355
vt 0.426695 0.776612
vt 0.415765 0.793829
vt 0.786282 0.585768
vt 0.786282 0.606280
vt 0.716409 0.305079
vt 0.698446 0.294575
vt 0.702443 0.250154
vt 0.436288 0.627319
vt 0.092611 0.728984
vt 0.398701 0.804627
vt 0.092611 0.695376
vt 0.777616 0.624372
vt 0.060872 0.685317
vt 0.045129 0.694803
vt 0.060872 0.739694
vt 0.041255 0.712707
vt 0.045129 0.730140
s 0
usemtl 材質.001
f 35/1/1 33/2/1 95/3/1 93/4/1 91/5/1 89/6/1 87/7/1 85/8/1 83/9/1 81/10/1 79/11/1 77/12/1 75/13/1 73/14/1 71/15/1 69/16/1 67/17/1 65/18/1 63/19/1 61/20/1 59/21/1 57/22/1 55/23/1 53/24/1 51/25/1 49/26/1 47/27/1 45/28/1 43/29/1 41/30/1 39/31/1 37/32/1
f 3/33/2 38/34/2 40/35/2 4/36/2
f 4/37/3 40/38/3 42/39/3 5/40/3
f 5/40/4 42/39/4 44/41/4 6/42/4
f 6/42/5 44/41/5 46/43/5 7/44/5
f 7/44/6 46/43/6 48/45/6 8/46/6
f 8/46/7 48/45/7 50/47/7 9/48/7
f 9/48/8 50/47/8 52/49/8 10/50/8
f 10/50/9 52/49/9 54/51/9 11/52/9
f 11/52/10 54/51/10 56/53/10 12/54/10
f 12/54/11 56/53/11 58/55/11 13/56/11
f 13/56/12 58/55/12 60/57/12 14/58/12
f 14/59/13 60/60/13 62/61/13 15/62/13
f 15/62/14 62/61/14 64/63/14 16/64/14
f 16/64/15 64/63/15 66/65/15 17/66/15
f 2/67/16 36/68/16 38/34/16 3/33/16
f 17/66/17 66/65/17 68/69/17 18/70/17
f 18/70/18 68/69/18 70/71/18 19/72/18
f 19/72/19 70/71/19 72/73/19 20/74/19
f 20/74/20 72/73/20 74/75/20 21/76/20
f 21/76/21 74/75/21 76/77/21 22/78/21
f 22/79/22 76/80/22 78/81/22 23/82/22
f 23/82/23 78/81/23 80/83/23 24/84/23
f 24/84/24 80/83/24 82/85/24 25/86/24
f 25/86/25 82/85/25 84/87/25 26/88/25
f 26/88/26 84/87/26 86/89/26 27/90/26
f 27/90/27 86/89/27 88/91/27 28/92/27
f 28/93/28 88/94/28 90/95/28 29/96/28
f 29/96/29 90/95/29 92/97/29 30/98/29
f 30/98/30 92/97/30 94/99/30 31/100/30
f 31/100/31 94/99/31 96/101/31 32/102/31
f 2/103/32 3/104/32 4/105/32 5/106/32 6/107/32 7/108/32 8/109/32 9/110/32 10/111/32 11/112/32 12/113/32 13/114/32 14/115/32 15/116/32 16/117/32 17/118/32 18/119/32 19/120/32 20/121/32 21/122/32 22/123/32 23/124/32 24/125/32 25/126/32 26/127/32 27/128/32 28/129/32 29/130/32 30/131/32 31/132/32 32/133/32 1/134/32
f 1/135/33 34/136/33 36/68/33 2/67/33
f 36/68/34 34/136/34 33/137/34 35/138/34
f 38/34/35 36/68/35 35/138/35 37/139/35
f 40/35/36 38/34/36 37/139/36 39/140/36
f 42/39/37 40/38/37 39/141/37 41/142/37
f 44/41/38 42/39/38 41/142/38 43/143/38
f 46/43/39 44/41/39 43/143/39 45/144/39
f 48/45/40 46/43/40 45/144/40 47/145/40
f 50/47/41 48/45/41 47/145/41 49/146/41
f 52/49/42 50/47/42 49/146/42 51/147/42
f 54/51/43 52/49/43 51/147/43 53/148/43
f 53/148/44 55/149/44 56/53/44 54/51/44
f 58/55/45 56/53/45 55/149/45 57/150/45
f 60/57/46 58/55/46 57/150/46 59/151/46
f 62/61/47 60/60/47 59/152/47 61/153/47
f 64/63/48 62/61/48 61/153/48 63/154/48
f 66/65/49 64/63/49 63/154/49 65/155/49
f 68/69/50 66/65/50 65/155/50 67/156/50
f 70/71/51 68/69/51 67/156/51 69/157/51
f 72/73/52 70/71/52 69/157/52 71/158/52
f 74/75/53 72/73/53 71/158/53 73/159/53
f 76/80/54 74/160/54 73/161/54 75/162/54
f 75/162/55 77/163/55 78/81/55 76/80/55
f 80/83/56 78/81/56 77/163/56 79/164/56
f 79/164/57 81/165/57 82/85/57 80/83/57
f 84/87/58 82/85/58 81/165/58 83/166/58
f 86/89/59 84/87/59 83/166/59 85/167/59
f 88/91/60 86/89/60 85/167/60 87/168/60
f 90/95/61 88/94/61 87/169/61 89/170/61
f 92/97/62 90/95/62 89/170/62 91/171/62
f 94/99/63 92/97/63 91/171/63 93/172/63
f 96/101/64 94/99/64 93/172/64 95/173/64
f 34/136/65 96/101/65 95/173/65 33/137/65
f 32/102/66 96/101/66 34/136/66 1/135/66
f 161/174/67 159/175/67 160/176/67 162/177/67 163/178/67 164/179/67 153/180/67 152/181/67 154/182/67 150/183/67 151/184/67 144/185/67 145/186/67 149/187/67 143/188/67 142/189/67 141/190/67 140/191/67 135/192/67 136/193/67 134/194/67 138/195/67 139/196/67 137/197/67 146/198/67 147/199/67 148/200/67 157/201/67 158/202/67 156/203/67 155/204/67
f 187/205/68 186/206/68 185/207/68 184/208/68 194/209/68 195/210/68 188/211/68 189/212/68 191/213/68 190/214/68 192/215/68 193/216/68 175/217/68 174/218/68 180/219/68 179/220/68 178/221/68 177/222/68 176/223/68 165/224/68 166/225/68 167/226/68 168/227/68 170/228/68 169/229/68 171/230/68 172/231/68 173/232/68 182/233/68 181/234/68 183/235/68
f 97/236/69 131/237/69 102/238/69 103/239/69
f 139/240/70 132/241/70 97/236/70 103/239/70 137/242/70
f 98/243/71 132/244/71 139/245/71 138/246/71
f 133/247/72 98/243/72 138/246/72 134/248/72
f 99/249/73 133/247/73 134/248/73 136/250/73
f 100/251/74 99/249/74 136/250/74 135/252/74
f 130/253/75 106/254/75 101/255/75
f 131/237/76 130/253/76 101/255/76 102/238/76
f 147/256/77 102/238/77 101/255/77 104/257/77 148/258/77
f 103/239/78 102/238/78 147/256/78 146/259/78
f 103/239/79 146/259/79 137/242/79
f 101/255/80 106/254/80 104/257/80
f 104/257/81 106/254/81 105/260/81
f 104/257/82 105/260/82 157/261/82 148/258/82
f 105/260/83 158/262/83 157/261/83
f 156/263/84 158/262/84 105/260/84 106/254/84
f 106/254/85 155/264/85 156/263/85
f 106/254/86 161/265/86 155/264/86
f 106/254/87 159/266/87 161/265/87
f 106/254/88 160/267/88 159/266/88
f 106/254/89 162/268/89 160/267/89
f 106/254/90 163/269/90 162/268/90
f 106/254/91 164/270/91 163/269/91
f 106/254/92 153/271/92 164/270/92
f 106/254/93 107/272/93 152/273/93 153/271/93
f 107/272/94 154/274/94 152/273/94
f 107/272/95 106/254/95 108/275/95
f 154/274/96 107/272/96 108/275/96 150/276/96
f 151/277/97 150/276/97 108/275/97 109/278/97 110/279/97
f 110/279/98 111/280/98 144/281/98 151/277/98
f 111/280/99 145/282/99 144/281/99
f 108/275/100 106/254/100 109/278/100
f 116/283/101 117/284/101 142/285/101 143/286/101
f 117/284/102 118/287/102 141/288/102 142/285/102
f 118/287/103 119/289/103 140/290/103 141/288/103
f 109/278/104 106/254/104 112/291/104
f 110/279/105 109/278/105 112/291/105 113/292/105
f 111/280/106 110/279/106 113/292/106 114/293/106
f 149/294/107 145/282/107 111/280/107 114/293/107 115/295/107
f 115/295/108 116/296/108 143/297/108 149/294/108
f 113/292/109 112/291/109 120/298/109 121/299/109
f 114/293/110 113/292/110 121/299/110 122/300/110
f 170/301/111 115/295/111 114/293/111 122/300/111 169/302/111
f 168/303/112 116/296/112 115/295/112 170/301/112
f 117/284/113 116/283/113 168/304/113 167/305/113
f 166/306/114 118/287/114 117/284/114 167/305/114
f 165/307/115 119/289/115 118/287/115 166/306/115
f 112/291/116 106/254/116 120/298/116
f 120/298/117 106/254/117 123/308/117
f 172/309/118 121/299/118 120/298/118 123/308/118 173/310/118
f 171/311/119 122/300/119 121/299/119 172/309/119
f 122/300/120 171/311/120 169/302/120
f 123/308/121 106/254/121 124/312/121
f 123/308/122 124/312/122 182/313/122 173/310/122
f 124/312/123 106/254/123 183/314/123 181/315/123
f 181/315/124 182/313/124 124/312/124
f 187/316/125 183/314/125 106/254/125
f 186/317/126 187/316/126 106/254/126
f 185/318/127 186/317/127 106/254/127
f 184/319/128 185/318/128 106/254/128
f 194/320/129 184/319/129 106/254/129
f 195/321/130 194/320/130 106/254/130
f 188/322/131 195/321/131 106/254/131
f 189/323/132 188/322/132 106/254/132
f 106/254/133 125/324/133 191/325/133 189/323/133
f 191/325/134 125/324/134 190/326/134
f 125/324/135 106/254/135 126/327/135
f 125/324/136 126/327/136 192/328/136 190/326/136
f 200/329/137 197/330/137 208/331/137 206/332/137
f 209/333/137 196/334/137 201/335/137 207/336/137
f 126/327/138 106/254/138 127/337/138
f 192/328/139 126/327/139 127/337/139 128/338/139 193/339/139
f 193/339/140 128/338/140 129/340/140 175/341/140
f 175/342/141 129/343/141 174/344/141
f 129/340/142 128/338/142 131/237/142 97/236/142
f 174/344/143 129/343/143 97/345/143 132/244/143 180/346/143
f 180/346/144 132/244/144 98/243/144 179/347/144
f 179/347/145 98/243/145 133/247/145 178/348/145
f 178/348/146 133/247/146 99/249/146 177/349/146
f 177/349/147 99/249/147 100/251/147 176/350/147
f 127/337/148 106/254/148 130/253/148
f 128/338/149 127/337/149 130/253/149 131/237/149
f 197/351/1 198/352/1 210/353/1 208/354/1
f 211/355/1 199/356/1 196/357/1 209/358/1
f 203/359/150 202/360/150 199/361/150
f 202/360/151 201/362/151 196/363/151
f 198/364/152 197/365/152 204/366/152
f 204/366/153 197/365/153 200/367/153
f 203/368/154 199/369/154 211/370/154 213/371/154
f 198/372/154 205/373/154 212/374/154 210/375/154
f 212/374/68 205/373/68 165/224/68 176/223/68 203/368/68 213/371/68 215/376/68 214/377/68
f 119/289/155 165/307/155 205/378/155 204/366/155
f 140/290/156 119/289/156 204/366/156 200/367/156
f 100/251/157 135/252/157 201/362/157 202/360/157
f 176/350/158 100/251/158 202/360/158 203/359/158
f 201/335/67 135/192/67 140/191/67 200/329/67 206/332/67 216/379/67 217/380/67 207/336/67
f 204/366/159 205/378/159 198/364/159
f 199/361/160 202/360/160 196/363/160
f 213/381/161 211/382/161 209/383/161 207/384/161 217/385/161 215/386/161
f 206/387/162 208/388/162 210/389/162 212/390/162 214/391/162 216/392/162
f 215/393/1 217/394/1 216/395/1 214/396/1
f 598/508/196 597/509/196 294/510/196 295/511/196
f 288/512/197 595/513/197 601/514/197 602/515/197
f 599/516/198 598/508/198 295/511/198 296/517/198
f 284/518/199 595/513/199 288/512/199 289/519/199
f 600/520/200 599/521/200 296/522/200 297/523/200
f 285/524/201 284/518/201 289/519/201 290/525/201
f 476/526/202 600/520/202 297/523/202
f 286/527/203 285/524/203 290/525/203 291/528/203
f 596/529/204 286/527/204 291/528/204 292/530/204
f 287/531/205 596/529/205 292/530/205 293/532/205
f 597/509/206 287/531/206 293/532/206 294/510/206
f 294/510/207 293/532/207 303/533/207 304/534/207
f 295/511/208 294/510/208 304/534/208 305/535/208
f 298/536/209 288/512/209 602/515/209 603/537/209
f 296/517/210 295/511/210 305/535/210 306/538/210
f 289/519/211 288/512/211 298/536/211 299/539/211
f 297/523/212 296/522/212 306/540/212 307/541/212
f 290/525/213 289/519/213 299/539/213 300/542/213
f 476/526/214 297/523/214 307/541/214
f 291/528/215 290/525/215 300/542/215 301/543/215
f 292/530/216 291/528/216 301/543/216 302/544/216
f 293/532/217 292/530/217 302/544/217 303/533/217
f 476/526/218 307/541/218 316/545/218
f 301/543/219 300/542/219 309/546/219 310/547/219
f 302/544/220 301/543/220 310/547/220 311/548/220
f 303/533/221 302/544/221 311/548/221 312/549/221
f 304/534/222 303/533/222 312/549/222 313/550/222
f 305/535/223 304/534/223 313/550/223 314/551/223
f 604/552/224 298/536/224 603/537/224
f 306/538/225 305/535/225 314/551/225 315/553/225
f 308/554/226 299/539/226 298/536/226 604/552/226 605/555/226
f 307/541/227 306/540/227 315/556/227 316/545/227
f 300/542/228 299/539/228 308/554/228 309/546/228
f 314/551/229 313/550/229 322/557/229 323/558/229
f 315/556/230 314/559/230 323/560/230 324/561/230
f 317/562/231 308/563/231 605/564/231 606/565/231
f 316/545/232 315/556/232 324/561/232 325/566/232
f 309/567/233 308/563/233 317/562/233 318/568/233
f 476/526/234 316/545/234 325/566/234
f 310/569/235 309/567/235 318/568/235 319/570/235
f 311/571/236 310/569/236 319/570/236 320/572/236
f 312/573/237 311/571/237 320/572/237 321/574/237
f 313/575/238 312/573/238 321/574/238 322/576/238
f 319/570/239 318/568/239 327/577/239 328/578/239
f 320/572/240 319/570/240 328/578/240 329/579/240
f 321/574/241 320/572/241 329/579/241 330/580/241
f 322/576/242 321/574/242 330/580/242 331/581/242
f 323/582/243 322/576/243 331/581/243 332/583/243
f 324/561/244 323/560/244 332/584/244 333/585/244
f 326/586/245 317/562/245 606/565/245 607/587/245
f 325/566/246 324/561/246 333/585/246 334/588/246
f 318/568/247 317/562/247 326/586/247 327/577/247
f 476/526/248 325/566/248 334/588/248
f 332/583/249 331/581/249 340/589/249 341/590/249
f 333/585/250 332/584/250 341/591/250 342/592/250
f 335/593/251 326/586/251 607/587/251 608/594/251
f 334/588/252 333/585/252 342/592/252 343/595/252
f 327/577/253 326/586/253 335/593/253 336/596/253
f 476/526/254 334/588/254 343/595/254
f 328/578/255 327/577/255 336/596/255 337/597/255
f 329/579/256 328/578/256 337/597/256 338/598/256
f 330/580/257 329/579/257 338/598/257 339/599/257
f 331/581/258 330/580/258 339/599/258 340/589/258
f 338/598/259 337/597/259 346/600/259 347/601/259
f 339/599/260 338/598/260 347/601/260 348/602/260
f 340/589/261 339/599/261 348/602/261 349/603/261
f 341/590/262 340/589/262 349/603/262 350/604/262
f 342/592/263 341/591/263 350/605/263 351/606/263
f 609/607/264 344/608/264 335/593/264 608/594/264
f 343/595/265 342/592/265 351/606/265 352/609/265
f 336/596/266 335/593/266 344/608/266 345/610/266
f 476/526/267 343/595/267 352/609/267
f 337/597/268 336/596/268 345/610/268 346/600/268
f 351/606/269 350/605/269 359/611/269 360/612/269
f 610/613/270 353/614/270 344/608/270 609/607/270
f 352/609/271 351/606/271 360/612/271 361/615/271
f 345/610/272 344/608/272 353/614/272 354/616/272
f 476/526/273 352/609/273 361/615/273
f 346/600/274 345/610/274 354/616/274 355/617/274
f 347/601/275 346/600/275 355/617/275 356/618/275
f 348/602/276 347/601/276 356/618/276 357/619/276
f 349/603/277 348/602/277 357/619/277 358/620/277
f 350/604/278 349/603/278 358/620/278 359/621/278
f 356/618/279 355/617/279 364/622/279 365/623/279
f 357/619/280 356/618/280 365/623/280 366/624/280
f 358/620/281 357/619/281 366/624/281 367/625/281
f 359/611/282 358/626/282 367/627/282 368/628/282
f 360/612/283 359/611/283 368/628/283 369/629/283
f 611/630/284 362/631/284 353/614/284 610/613/284
f 361/615/285 360/612/285 369/629/285 370/632/285
f 354/616/286 353/614/286 362/631/286 363/633/286
f 476/526/287 361/615/287 370/632/287
f 355/617/288 354/616/288 363/633/288 364/622/288
f 369/629/289 368/628/289 377/634/289 378/635/289
f 612/636/290 371/637/290 362/638/290 611/639/290
f 370/632/291 369/629/291 378/635/291 379/640/291
f 363/641/292 362/638/292 371/637/292 372/642/292
f 476/526/293 370/632/293 379/640/293
f 364/643/294 363/641/294 372/642/294 373/644/294
f 365/645/295 364/643/295 373/644/295 374/646/295
f 366/647/296 365/645/296 374/646/296 375/648/296
f 367/649/297 366/647/297 375/648/297 376/650/297
f 368/651/298 367/649/298 376/650/298 377/652/298
f 375/648/299 374/646/299 383/653/299 384/654/299
f 376/650/300 375/648/300 384/654/300 385/655/300
f 377/652/301 376/650/301 385/655/301 386/656/301
f 378/657/302 377/652/302 386/656/302 387/658/302
f 613/659/303 380/660/303 371/637/303 612/636/303
f 379/640/304 378/635/304 387/661/304 388/662/304
f 372/642/305 371/637/305 380/660/305 381/663/305
f 476/526/306 379/640/306 388/662/306
f 373/644/307 372/642/307 381/663/307 382/664/307
f 374/646/308 373/644/308 382/664/308 383/653/308
f 388/662/309 387/661/309 396/665/309 397/666/309
f 381/663/310 380/660/310 389/667/310 390/668/310
f 476/526/311 388/662/311 397/666/311
f 382/664/312 381/663/312 390/668/312 391/669/312
f 383/653/313 382/664/313 391/669/313 392/670/313
f 384/654/314 383/653/314 392/670/314 393/671/314
f 385/655/315 384/654/315 393/671/315 394/672/315
f 386/656/316 385/655/316 394/672/316 395/673/316
f 387/658/317 386/656/317 395/673/317 396/674/317
f 389/667/318 380/660/318 613/659/318 614/675/318
f 394/672/319 393/671/319 402/676/319 403/677/319
f 395/673/320 394/672/320 403/677/320 404/678/320
f 396/674/321 395/673/321 404/678/321 405/679/321
f 398/680/322 389/667/322 614/675/322 615/681/322
f 397/682/323 396/674/323 405/679/323 406/683/323
f 390/668/324 389/667/324 398/680/324 399/684/324
f 476/526/325 397/666/325 406/685/325
f 391/669/326 390/668/326 399/684/326 400/686/326
f 392/670/327 391/669/327 400/686/327 401/687/327
f 393/671/328 392/670/328 401/687/328 402/676/328
f 399/684/329 398/680/329 407/688/329 408/689/329
f 476/526/330 406/685/330 415/690/330
f 400/686/331 399/684/331 408/689/331 409/691/331
f 401/687/332 400/686/332 409/691/332 410/692/332
f 402/676/333 401/687/333 410/692/333 411/693/333
f 403/677/334 402/676/334 411/693/334 412/694/334
f 404/678/335 403/677/335 412/694/335 413/695/335
f 405/679/336 404/678/336 413/695/336 414/696/336
f 407/688/337 398/680/337 615/681/337 616/697/337
f 406/683/338 405/679/338 414/696/338 415/698/338
f 412/694/339 411/693/339 421/699/339 422/700/339
f 413/695/340 412/694/340 422/700/340 423/701/340
f 416/702/341 617/703/341 618/704/341
f 414/696/342 413/695/342 423/701/342 424/705/342
f 416/702/343 417/706/343 407/688/343 616/697/343 617/703/343
f 415/698/344 414/696/344 424/705/344 425/707/344
f 408/689/345 407/688/345 417/706/345 418/708/345
f 476/526/346 415/690/346 425/709/346
f 409/691/347 408/689/347 418/708/347 419/710/347
f 410/692/348 409/691/348 419/710/348 420/711/348
f 411/693/349 410/692/349 420/711/349 421/699/349
f 476/526/350 425/709/350 435/712/350
f 419/710/351 418/708/351 428/713/351 429/714/351
f 420/711/352 419/710/352 429/714/352 430/715/352
f 421/699/353 420/711/353 430/715/353 431/716/353
f 422/700/354 421/699/354 431/716/354 432/717/354
f 423/701/355 422/700/355 432/717/355 433/718/355
f 619/719/356 426/720/356 416/702/356 618/704/356
f 424/705/357 423/701/357 433/718/357 434/721/357
f 417/706/358 416/702/358 426/720/358 427/722/358
f 425/707/359 424/705/359 434/721/359 435/723/359
f 418/708/360 417/706/360 427/722/360 428/713/360
f 433/718/361 432/717/361 442/724/361 443/725/361
f 620/726/362 436/727/362 426/720/362 619/719/362
f 434/721/363 433/718/363 443/725/363 444/728/363
f 427/722/364 426/720/364 436/727/364 437/729/364
f 435/723/365 434/721/365 444/728/365 445/730/365
f 428/713/366 427/722/366 437/729/366 438/731/366
f 476/526/367 435/712/367 445/732/367
f 429/714/368 428/713/368 438/731/368 439/733/368
f 430/715/369 429/714/369 439/733/369 440/734/369
f 431/716/370 430/715/370 440/734/370 441/735/370
f 432/717/371 431/716/371 441/735/371 442/724/371
f 439/733/372 438/731/372 448/736/372 449/737/372
f 440/734/373 439/733/373 449/737/373 450/738/373
f 441/735/374 440/734/374 450/738/374 451/739/374
f 442/724/375 441/735/375 451/739/375 452/740/375
f 443/725/376 442/724/376 452/740/376 453/741/376
f 621/742/377 446/743/377 436/727/377 620/726/377
f 444/728/378 443/725/378 453/741/378 454/744/378
f 437/729/379 436/727/379 446/743/379 447/745/379
f 445/730/380 444/728/380 454/744/380 455/746/380
f 438/731/381 437/729/381 447/745/381 448/736/381
f 476/526/382 445/732/382 455/747/382
f 453/741/383 452/740/383 462/748/383 463/749/383
f 622/750/384 456/751/384 446/743/384 621/742/384
f 454/744/385 453/741/385 463/749/385 464/752/385
f 447/745/386 446/743/386 456/751/386 457/753/386
f 455/746/387 454/744/387 464/752/387 465/754/387
f 448/736/388 447/745/388 457/753/388 458/755/388
f 476/526/389 455/747/389 465/756/389
f 449/737/390 448/736/390 458/755/390 459/757/390
f 450/738/391 449/737/391 459/757/391 460/758/391
f 451/739/392 450/738/392 460/758/392 461/759/392
f 452/740/393 451/739/393 461/759/393 462/748/393
f 460/758/394 459/757/394 469/760/394 470/761/394
f 461/759/395 460/758/395 470/761/395 471/762/395
f 462/748/396 461/759/396 471/762/396 472/763/396
f 463/749/397 462/748/397 472/763/397 473/764/397
f 623/765/398 466/766/398 456/751/398 622/750/398
f 464/752/399 463/749/399 473/764/399 474/767/399
f 457/753/400 456/751/400 466/766/400 467/768/400
f 465/754/401 464/752/401 474/767/401 475/769/401
f 458/755/402 457/753/402 467/768/402 468/770/402
f 476/526/403 465/756/403 475/771/403
f 459/757/404 458/755/404 468/770/404 469/760/404
f 474/767/405 473/764/405 485/772/405 486/773/405
f 467/768/406 466/766/406 478/774/406 479/775/406
f 475/771/407 474/776/407 486/777/407 487/778/407
f 468/770/408 467/768/408 479/775/408 480/779/408
f 476/526/409 475/771/409 487/778/409
f 469/760/410 468/770/410 480/779/410 481/780/410
f 470/761/411 469/760/411 481/780/411 482/781/411
f 471/762/412 470/761/412 482/781/412 483/782/412
f 472/763/413 471/762/413 483/782/413 484/783/413
f 625/784/414 477/785/414 624/786/414
f 473/764/415 472/763/415 484/783/415 485/772/415
f 477/785/416 478/774/416 466/766/416 623/765/416 624/786/416
f 483/787/417 482/788/417 493/789/417 494/790/417
f 484/791/418 483/787/418 494/790/418 495/792/418
f 626/793/419 488/794/419 477/795/419 625/796/419
f 485/797/420 484/791/420 495/792/420 496/798/420
f 478/799/421 477/795/421 488/794/421 489/800/421
f 486/801/422 485/797/422 496/798/422 497/802/422
f 479/803/423 478/799/423 489/800/423 490/804/423
f 487/778/424 486/777/424 497/805/424 498/806/424
f 480/807/425 479/803/425 490/804/425 491/808/425
f 476/526/426 487/778/426 498/806/426
f 481/809/427 480/807/427 491/808/427 492/810/427
f 482/788/428 481/809/428 492/810/428 493/789/428
f 490/804/429 489/800/429 500/811/429 501/812/429
f 498/806/430 497/805/430 508/813/430 509/814/430
f 491/808/431 490/804/431 501/812/431 502/815/431
f 476/526/432 498/806/432 509/814/432
f 492/810/433 491/808/433 502/815/433 503/816/433
f 493/789/434 492/810/434 503/816/434 504/817/434
f 494/790/435 493/789/435 504/817/435 505/818/435
f 495/792/436 494/790/436 505/818/436 506/819/436
f 499/820/437 488/794/437 626/793/437 627/821/437
f 496/798/438 495/792/438 506/819/438 507/822/438
f 489/800/439 488/794/439 499/820/439 500/811/439
f 497/802/440 496/798/440 507/822/440 508/823/440
f 505/818/441 504/817/441 515/824/441 516/825/441
f 506/819/442 505/818/442 516/825/442 517/826/442
f 510/827/443 499/820/443 627/821/443 628/828/443
f 507/822/444 506/819/444 517/826/444 518/829/444
f 500/811/445 499/820/445 510/827/445 511/830/445
f 508/813/446 507/831/446 518/832/446 519/833/446
f 501/812/447 500/811/447 511/830/447 512/834/447
f 509/814/448 508/813/448 519/833/448 520/835/448
f 502/815/449 501/812/449 512/834/449 513/836/449
f 476/526/450 509/814/450 520/835/450
f 503/816/451 502/815/451 513/836/451 514/837/451
f 504/817/452 503/816/452 514/837/452 515/824/452
f 520/835/453 519/833/453 530/838/453 531/839/453
f 513/840/454 512/841/454 523/842/454 524/843/454
f 476/526/455 520/835/455 531/839/455
f 514/844/456 513/840/456 524/843/456 525/845/456
f 515/846/457 514/844/457 525/845/457 526/847/457
f 516/848/458 515/846/458 526/847/458 527/849/458
f 517/850/459 516/848/459 527/849/459 528/851/459
f 521/852/460 510/853/460 628/854/460 629/855/460
f 518/856/461 517/850/461 528/851/461 529/857/461
f 511/858/462 510/853/462 521/852/462 522/859/462
f 519/833/463 518/832/463 529/860/463 530/838/463
f 512/841/464 511/858/464 522/859/464 523/842/464
f 528/851/465 527/849/465 538/861/465 539/862/465
f 532/863/466 521/852/466 629/855/466 630/864/466
f 529/857/467 528/851/467 539/862/467 540/865/467
f 522/859/468 521/852/468 532/863/468 533/866/468
f 530/867/469 529/857/469 540/865/469 541/868/469
f 523/842/470 522/859/470 533/866/470 534/869/470
f 531/839/471 530/838/471 541/870/471 542/871/471
f 524/843/472 523/842/472 534/869/472 535/872/472
f 476/526/473 531/839/473 542/871/473
f 525/845/474 524/843/474 535/872/474 536/873/474
f 526/847/475 525/845/475 536/873/475 537/874/475
f 527/849/476 526/847/476 537/874/476 538/861/476
f 535/872/477 534/869/477 545/875/477 546/876/477
f 476/526/478 542/871/478 553/877/478
f 536/873/479 535/872/479 546/876/479 547/878/479
f 537/874/480 536/873/480 547/878/480 548/879/480
f 538/861/481 537/874/481 548/879/481 549/880/481
f 539/862/482 538/861/482 549/880/482 550/881/482
f 543/882/483 532/863/483 630/864/483 631/883/483
f 540/865/484 539/862/484 550/881/484 551/884/484
f 533/866/485 532/863/485 543/882/485 544/885/485
f 541/868/486 540/865/486 551/884/486 552/886/486
f 534/869/487 533/866/487 544/885/487 545/875/487
f 542/871/488 541/870/488 552/887/488 553/877/488
f 550/881/489 549/880/489 560/888/489 561/889/489
f 554/890/490 543/882/490 631/883/490 632/891/490
f 551/884/491 550/881/491 561/889/491 562/892/491
f 544/885/492 543/882/492 554/890/492 555/893/492
f 552/886/493 551/884/493 562/892/493 563/894/493
f 545/875/494 544/885/494 555/893/494 556/895/494
f 553/877/495 552/887/495 563/896/495 564/897/495
f 546/876/496 545/875/496 556/895/496 557/898/496
f 476/526/497 553/877/497 564/897/497
f 547/878/498 546/876/498 557/898/498 558/899/498
f 548/879/499 547/878/499 558/899/499 559/900/499
f 549/880/500 548/879/500 559/900/500 560/888/500
f 476/526/501 564/897/501 574/901/501
f 558/899/502 557/898/502 567/902/502 568/903/502
f 559/900/503 558/899/503 568/903/503 569/904/503
f 560/888/504 559/900/504 569/904/504 570/905/504
f 561/889/505 560/888/505 570/905/505 571/906/505
f 633/907/506 554/890/506 632/891/506
f 562/892/507 561/889/507 571/906/507 572/908/507
f 634/909/508 565/910/508 555/893/508 554/890/508 633/907/508
f 563/894/509 562/892/509 572/908/509 573/911/509
f 556/895/510 555/893/510 565/910/510 566/912/510
f 564/913/511 563/894/511 573/911/511 574/914/511
f 557/898/512 556/895/512 566/912/512 567/902/512
f 572/908/513 571/906/513 581/915/513 582/916/513
f 575/917/514 565/910/514 634/909/514 635/918/514
f 573/911/515 572/908/515 582/916/515 583/919/515
f 566/912/516 565/910/516 575/917/516 576/920/516
f 574/914/517 573/911/517 583/919/517 584/921/517
f 567/902/518 566/912/518 576/920/518 577/922/518
f 476/526/519 574/901/519 584/923/519
f 568/903/520 567/902/520 577/922/520 578/924/520
f 569/904/521 568/903/521 578/924/521 579/925/521
f 570/905/522 569/904/522 579/925/522 580/926/522
f 571/906/523 570/905/523 580/926/523 581/915/523
f 579/925/524 578/924/524 588/927/524 589/928/524
f 580/926/525 579/925/525 589/928/525 590/929/525
f 581/915/526 580/926/526 590/929/526 591/930/526
f 582/916/527 581/915/527 591/930/527 592/931/527
f 585/932/528 575/917/528 635/918/528 636/933/528
f 583/919/529 582/916/529 592/931/529 593/934/529
f 576/920/530 575/917/530 585/932/530 586/935/530
f 584/921/531 583/919/531 593/934/531 594/936/531
f 577/922/532 576/920/532 586/935/532 587/937/532
f 476/526/533 584/923/533 594/938/533
f 578/924/534 577/922/534 587/937/534 588/927/534
f 595/513/535 585/932/535 636/933/535 601/514/535
f 593/934/536 592/931/536 598/508/536 599/516/536
f 586/935/537 585/932/537 595/513/537 284/518/537
f 594/936/538 593/934/538 599/516/538 600/939/538
f 587/937/539 586/935/539 284/518/539 285/524/539
f 476/526/540 594/938/540 600/520/540
f 588/927/541 587/937/541 285/524/541 286/527/541
f 589/928/542 588/927/542 286/527/542 596/529/542
f 590/929/543 589/928/543 596/529/543 287/531/543
f 591/930/544 590/929/544 287/531/544 597/509/544
f 592/931/545 591/930/545 597/509/545 598/508/545
f 617/940/546 616/941/546 615/942/546 614/943/546 613/944/546 612/945/546 611/946/546 610/947/546 609/948/546 608/949/546 607/950/546 606/951/546 605/952/546 604/953/546 603/954/546 602/955/546 601/956/546 636/957/546 635/958/546 634/959/546 633/960/546 632/961/546 631/962/546 630/963/546 629/964/546 628/965/546 627/966/546 626/967/546 625/968/546 624/969/546 623/970/546 622/971/546 621/972/546 620/973/546 619/974/546 618/975/546
f 951/976/547 950/977/547 647/978/547 648/979/547
f 641/980/548 948/981/548 954/982/548 955/983/548
f 952/984/549 951/976/549 648/979/549 649/985/549
f 637/986/550 948/981/550 641/980/550 642/987/550
f 953/988/551 952/984/551 649/985/551 650/989/551
f 638/990/552 637/986/552 642/987/552 643/991/552
f 829/992/553 953/993/553 650/994/553
f 639/995/554 638/990/554 643/991/554 644/996/554
f 949/997/555 639/995/555 644/996/555 645/998/555
f 640/999/556 949/997/556 645/998/556 646/1000/556
f 950/977/557 640/999/557 646/1000/557 647/978/557
f 647/978/558 646/1000/558 656/1001/558 657/1002/558
f 648/979/559 647/978/559 657/1002/559 658/1003/559
f 651/1004/560 641/980/560 955/983/560 956/1005/560
f 649/985/561 648/979/561 658/1003/561 659/1006/561
f 642/987/562 641/980/562 651/1004/562 652/1007/562
f 650/994/563 649/1008/563 659/1009/563 660/1010/563
f 643/991/564 642/987/564 652/1007/564 653/1011/564
f 829/992/565 650/994/565 660/1010/565
f 644/996/566 643/991/566 653/1011/566 654/1012/566
f 645/998/567 644/996/567 654/1012/567 655/1013/567
f 646/1000/568 645/998/568 655/1013/568 656/1001/568
f 829/992/569 660/1010/569 669/1014/569
f 654/1015/570 653/1016/570 662/1017/570 663/1018/570
f 655/1019/571 654/1015/571 663/1018/571 664/1020/571
f 656/1021/572 655/1019/572 664/1020/572 665/1022/572
f 657/1023/573 656/1021/573 665/1022/573 666/1024/573
f 658/1025/574 657/1023/574 666/1024/574 667/1026/574
f 957/1027/575 651/1004/575 956/1005/575
f 659/1028/576 658/1025/576 667/1026/576 668/1029/576
f 661/1030/577 652/1031/577 651/1032/577 957/1033/577 958/1034/577
f 660/1010/578 659/1009/578 668/1035/578 669/1014/578
f 653/1016/579 652/1031/579 661/1030/579 662/1017/579
f 667/1026/580 666/1024/580 675/1036/580 676/1037/580
f 668/1029/581 667/1026/581 676/1037/581 677/1038/581
f 670/1039/582 661/1030/582 958/1034/582 959/1040/582
f 669/1014/583 668/1035/583 677/1041/583 678/1042/583
f 662/1017/584 661/1030/584 670/1039/584 671/1043/584
f 829/992/585 669/1014/585 678/1042/585
f 663/1018/586 662/1017/586 671/1043/586 672/1044/586
f 664/1020/587 663/1018/587 672/1044/587 673/1045/587
f 665/1022/588 664/1020/588 673/1045/588 674/1046/588
f 666/1024/589 665/1022/589 674/1046/589 675/1036/589
f 672/1044/590 671/1043/590 680/1047/590 681/1048/590
f 673/1045/591 672/1044/591 681/1048/591 682/1049/591
f 674/1046/592 673/1045/592 682/1049/592 683/1050/592
f 675/1036/593 674/1046/593 683/1050/593 684/1051/593
f 676/1037/594 675/1036/594 684/1051/594 685/1052/594
f 677/1038/595 676/1037/595 685/1052/595 686/1053/595
f 679/1054/596 670/1039/596 959/1040/596 960/1055/596
f 678/1042/597 677/1041/597 686/1056/597 687/1057/597
f 671/1043/598 670/1039/598 679/1054/598 680/1047/598
f 829/992/599 678/1042/599 687/1057/599
f 685/1052/600 684/1051/600 693/1058/600 694/1059/600
f 686/1053/601 685/1052/601 694/1059/601 695/1060/601
f 688/1061/602 679/1054/602 960/1055/602 961/1062/602
f 687/1057/603 686/1056/603 695/1063/603 696/1064/603
f 680/1047/604 679/1054/604 688/1061/604 689/1065/604
f 829/992/605 687/1057/605 696/1064/605
f 681/1048/606 680/1047/606 689/1065/606 690/1066/606
f 682/1049/607 681/1048/607 690/1066/607 691/1067/607
f 683/1050/608 682/1049/608 691/1067/608 692/1068/608
f 684/1051/609 683/1050/609 692/1068/609 693/1058/609
f 691/1067/610 690/1066/610 699/1069/610 700/1070/610
f 692/1068/611 691/1067/611 700/1070/611 701/1071/611
f 693/1058/612 692/1068/612 701/1071/612 702/1072/612
f 694/1059/613 693/1058/613 702/1072/613 703/1073/613
f 695/1060/614 694/1059/614 703/1073/614 704/1074/614
f 962/1075/615 697/1076/615 688/1061/615 961/1062/615
f 696/1064/616 695/1063/616 704/1077/616 705/1078/616
f 689/1065/617 688/1061/617 697/1076/617 698/1079/617
f 829/992/618 696/1064/618 705/1078/618
f 690/1066/619 689/1065/619 698/1079/619 699/1069/619
f 704/1077/620 703/1080/620 712/1081/620 713/1082/620
f 963/1083/621 706/1084/621 697/1076/621 962/1075/621
f 705/1078/622 704/1077/622 713/1082/622 714/1085/622
f 698/1079/623 697/1076/623 706/1084/623 707/1086/623
f 829/992/624 705/1078/624 714/1085/624
f 699/1069/625 698/1079/625 707/1086/625 708/1087/625
f 700/1070/626 699/1069/626 708/1087/626 709/1088/626
f 701/1071/627 700/1070/627 709/1088/627 710/1089/627
f 702/1072/628 701/1071/628 710/1089/628 711/1090/628
f 703/1073/629 702/1072/629 711/1090/629 712/1091/629
f 709/1088/630 708/1087/630 717/1092/630 718/1093/630
f 710/1089/631 709/1088/631 718/1093/631 719/1094/631
f 711/1090/632 710/1089/632 719/1094/632 720/1095/632
f 712/1081/633 711/1096/633 720/1097/633 721/1098/633
f 713/1082/634 712/1081/634 721/1098/634 722/1099/634
f 964/1100/635 715/1101/635 706/1084/635 963/1083/635
f 714/1085/636 713/1082/636 722/1099/636 723/1102/636
f 707/1086/637 706/1084/637 715/1101/637 716/1103/637
f 829/992/638 714/1085/638 723/1102/638
f 708/1087/639 707/1086/639 716/1103/639 717/1092/639
f 722/1099/640 721/1098/640 730/1104/640 731/1105/640
f 965/1106/641 724/1107/641 715/1108/641 964/1109/641
f 723/1102/642 722/1099/642 731/1105/642 732/1110/642
f 716/1111/643 715/1108/643 724/1107/643 725/1112/643
f 829/992/644 723/1102/644 732/1110/644
f 717/1113/645 716/1111/645 725/1112/645 726/1114/645
f 718/1115/646 717/1113/646 726/1114/646 727/1116/646
f 719/1117/647 718/1115/647 727/1116/647 728/1118/647
f 720/1119/648 719/1117/648 728/1118/648 729/1120/648
f 721/1121/649 720/1119/649 729/1120/649 730/1122/649
f 728/1118/650 727/1116/650 736/1123/650 737/1124/650
f 729/1120/651 728/1118/651 737/1124/651 738/1125/651
f 730/1122/652 729/1120/652 738/1125/652 739/1126/652
f 731/1127/653 730/1122/653 739/1126/653 740/1128/653
f 966/1129/654 733/1130/654 724/1107/654 965/1106/654
f 732/1110/655 731/1105/655 740/1131/655 741/1132/655
f 725/1112/656 724/1107/656 733/1130/656 734/1133/656
f 829/992/657 732/1110/657 741/1132/657
f 726/1114/658 725/1112/658 734/1133/658 735/1134/658
f 727/1116/659 726/1114/659 735/1134/659 736/1123/659
f 741/1132/660 740/1131/660 749/1135/660 750/1136/660
f 734/1133/661 733/1130/661 742/1137/661 743/1138/661
f 829/992/662 741/1132/662 750/1136/662
f 735/1134/663 734/1133/663 743/1138/663 744/1139/663
f 736/1123/664 735/1134/664 744/1139/664 745/1140/664
f 737/1124/665 736/1123/665 745/1140/665 746/1141/665
f 738/1125/666 737/1124/666 746/1141/666 747/1142/666
f 739/1126/667 738/1125/667 747/1142/667 748/1143/667
f 740/1128/668 739/1126/668 748/1143/668 749/1144/668
f 742/1137/669 733/1130/669 966/1129/669 967/1145/669
f 747/1142/670 746/1141/670 755/1146/670 756/1147/670
f 748/1143/671 747/1142/671 756/1147/671 757/1148/671
f 749/1144/672 748/1143/672 757/1148/672 758/1149/672
f 751/1150/673 742/1137/673 967/1145/673 968/1151/673
f 750/1152/674 749/1144/674 758/1149/674 759/1153/674
f 743/1138/675 742/1137/675 751/1150/675 752/1154/675
f 829/992/676 750/1136/676 759/1155/676
f 744/1139/677 743/1138/677 752/1154/677 753/1156/677
f 745/1140/678 744/1139/678 753/1156/678 754/1157/678
f 746/1141/679 745/1140/679 754/1157/679 755/1146/679
f 752/1154/680 751/1150/680 760/1158/680 761/1159/680
f 829/992/681 759/1155/681 768/1160/681
f 753/1156/682 752/1154/682 761/1159/682 762/1161/682
f 754/1157/683 753/1156/683 762/1161/683 763/1162/683
f 755/1146/684 754/1157/684 763/1162/684 764/1163/684
f 756/1147/685 755/1146/685 764/1163/685 765/1164/685
f 757/1148/686 756/1147/686 765/1164/686 766/1165/686
f 758/1149/687 757/1148/687 766/1165/687 767/1166/687
f 760/1158/688 751/1150/688 968/1151/688 969/1167/688
f 759/1153/689 758/1149/689 767/1166/689 768/1168/689
f 765/1164/690 764/1163/690 774/1169/690 775/1170/690
f 766/1165/691 765/1164/691 775/1170/691 776/1171/691
f 769/1172/692 970/1173/692 971/1174/692
f 767/1166/693 766/1165/693 776/1171/693 777/1175/693
f 769/1172/694 770/1176/694 760/1158/694 969/1167/694 970/1173/694
f 768/1168/695 767/1166/695 777/1175/695 778/1177/695
f 761/1159/696 760/1158/696 770/1176/696 771/1178/696
f 829/992/697 768/1160/697 778/1179/697
f 762/1161/698 761/1159/698 771/1178/698 772/1180/698
f 763/1162/699 762/1161/699 772/1180/699 773/1181/699
f 764/1163/700 763/1162/700 773/1181/700 774/1169/700
f 829/992/701 778/1179/701 788/1182/701
f 772/1180/702 771/1178/702 781/1183/702 782/1184/702
f 773/1181/703 772/1180/703 782/1184/703 783/1185/703
f 774/1169/704 773/1181/704 783/1185/704 784/1186/704
f 775/1170/705 774/1169/705 784/1186/705 785/1187/705
f 776/1171/706 775/1170/706 785/1187/706 786/1188/706
f 972/1189/707 779/1190/707 769/1172/707 971/1174/707
f 777/1175/708 776/1171/708 786/1188/708 787/1191/708
f 770/1176/709 769/1172/709 779/1190/709 780/1192/709
f 778/1177/710 777/1175/710 787/1191/710 788/1193/710
f 771/1178/711 770/1176/711 780/1192/711 781/1183/711
f 786/1188/712 785/1187/712 795/1194/712 796/1195/712
f 973/1196/713 789/1197/713 779/1190/713 972/1189/713
f 787/1191/714 786/1188/714 796/1195/714 797/1198/714
f 780/1192/715 779/1190/715 789/1197/715 790/1199/715
f 788/1193/716 787/1191/716 797/1198/716 798/1200/716
f 781/1183/717 780/1192/717 790/1199/717 791/1201/717
f 829/992/718 788/1182/718 798/1202/718
f 782/1184/719 781/1183/719 791/1201/719 792/1203/719
f 783/1185/720 782/1184/720 792/1203/720 793/1204/720
f 784/1186/721 783/1185/721 793/1204/721 794/1205/721
f 785/1187/722 784/1186/722 794/1205/722 795/1194/722
f 792/1203/723 791/1201/723 801/1206/723 802/1207/723
f 793/1204/724 792/1203/724 802/1207/724 803/1208/724
f 794/1205/725 793/1204/725 803/1208/725 804/1209/725
f 795/1194/726 794/1205/726 804/1209/726 805/1210/726
f 796/1195/727 795/1194/727 805/1210/727 806/1211/727
f 974/1212/728 799/1213/728 789/1197/728 973/1196/728
f 797/1198/729 796/1195/729 806/1211/729 807/1214/729
f 790/1199/730 789/1197/730 799/1213/730 800/1215/730
f 798/1200/731 797/1198/731 807/1214/731 808/1216/731
f 791/1201/732 790/1199/732 800/1215/732 801/1206/732
f 829/992/733 798/1202/733 808/1217/733
f 806/1211/734 805/1210/734 815/1218/734 816/1219/734
f 975/1220/735 809/1221/735 799/1213/735 974/1212/735
f 807/1214/736 806/1211/736 816/1219/736 817/1222/736
f 800/1215/737 799/1213/737 809/1221/737 810/1223/737
f 808/1216/738 807/1214/738 817/1222/738 818/1224/738
f 801/1206/739 800/1215/739 810/1223/739 811/1225/739
f 829/992/740 808/1217/740 818/1226/740
f 802/1207/741 801/1206/741 811/1225/741 812/1227/741
f 803/1208/742 802/1207/742 812/1227/742 813/1228/742
f 804/1209/743 803/1208/743 813/1228/743 814/1229/743
f 805/1210/744 804/1209/744 814/1229/744 815/1218/744
f 813/1228/745 812/1227/745 822/1230/745 823/1231/745
f 814/1229/746 813/1228/746 823/1231/746 824/1232/746
f 815/1218/747 814/1229/747 824/1232/747 825/1233/747
f 816/1219/748 815/1218/748 825/1233/748 826/1234/748
f 976/1235/749 819/1236/749 809/1221/749 975/1220/749
f 817/1222/750 816/1219/750 826/1234/750 827/1237/750
f 810/1223/751 809/1221/751 819/1236/751 820/1238/751
f 818/1226/752 817/1239/752 827/1240/752 828/1241/752
f 811/1225/753 810/1223/753 820/1238/753 821/1242/753
f 829/992/754 818/1226/754 828/1241/754
f 812/1227/755 811/1225/755 821/1242/755 822/1230/755
f 827/1237/756 826/1234/756 838/1243/756 839/1244/756
f 820/1238/757 819/1236/757 831/1245/757 832/1246/757
f 828/1241/758 827/1240/758 839/1247/758 840/1248/758
f 821/1242/759 820/1238/759 832/1246/759 833/1249/759
f 829/992/760 828/1241/760 840/1248/760
f 822/1230/761 821/1242/761 833/1249/761 834/1250/761
f 823/1231/762 822/1230/762 834/1250/762 835/1251/762
f 824/1232/763 823/1231/763 835/1251/763 836/1252/763
f 825/1233/764 824/1232/764 836/1252/764 837/1253/764
f 978/1254/765 830/1255/765 977/1256/765
f 826/1234/766 825/1233/766 837/1253/766 838/1243/766
f 830/1255/767 831/1245/767 819/1236/767 976/1235/767 977/1256/767
f 836/1252/768 835/1251/768 846/1257/768 847/1258/768
f 837/1253/769 836/1252/769 847/1258/769 848/1259/769
f 979/1260/770 841/1261/770 830/1255/770 978/1254/770
f 838/1262/771 837/1263/771 848/1264/771 849/1265/771
f 831/1245/772 830/1255/772 841/1261/772 842/1266/772
f 839/1267/773 838/1262/773 849/1265/773 850/1268/773
f 832/1246/774 831/1245/774 842/1266/774 843/1269/774
f 840/1248/775 839/1247/775 850/1270/775 851/1271/775
f 833/1249/776 832/1246/776 843/1269/776 844/1272/776
f 829/992/777 840/1248/777 851/1271/777
f 834/1250/778 833/1249/778 844/1272/778 845/1273/778
f 835/1251/779 834/1250/779 845/1273/779 846/1257/779
f 843/1274/780 842/1275/780 853/1276/780 854/1277/780
f 851/1271/781 850/1270/781 861/1278/781 862/1279/781
f 844/1280/782 843/1274/782 854/1277/782 855/1281/782
f 829/992/783 851/1271/783 862/1279/783
f 845/1282/784 844/1280/784 855/1281/784 856/1283/784
f 846/1284/785 845/1282/785 856/1283/785 857/1285/785
f 847/1286/786 846/1284/786 857/1285/786 858/1287/786
f 848/1264/787 847/1286/787 858/1287/787 859/1288/787
f 852/1289/788 841/1290/788 979/1291/788 980/1292/788
f 849/1265/789 848/1264/789 859/1288/789 860/1293/789
f 842/1275/790 841/1290/790 852/1289/790 853/1276/790
f 850/1270/791 849/1294/791 860/1295/791 861/1278/791
f 858/1287/792 857/1285/792 868/1296/792 869/1297/792
f 859/1288/793 858/1287/793 869/1297/793 870/1298/793
f 863/1299/794 852/1289/794 980/1292/794 981/1300/794
f 860/1293/795 859/1288/795 870/1298/795 871/1301/795
f 853/1276/796 852/1289/796 863/1299/796 864/1302/796
f 861/1278/797 860/1295/797 871/1303/797 872/1304/797
f 854/1277/798 853/1276/798 864/1302/798 865/1305/798
f 862/1279/799 861/1278/799 872/1304/799 873/1306/799
f 855/1281/800 854/1277/800 865/1305/800 866/1307/800
f 829/992/801 862/1279/801 873/1306/801
f 856/1283/802 855/1281/802 866/1307/802 867/1308/802
f 857/1285/803 856/1283/803 867/1308/803 868/1296/803
f 873/1306/804 872/1304/804 883/1309/804 884/1310/804
f 866/1311/805 865/1312/805 876/1313/805 877/1314/805
f 829/992/806 873/1306/806 884/1310/806
f 867/1315/807 866/1311/807 877/1314/807 878/1316/807
f 868/1317/808 867/1315/808 878/1316/808 879/1318/808
f 869/1319/809 868/1317/809 879/1318/809 880/1320/809
f 870/1321/810 869/1319/810 880/1320/810 881/1322/810
f 874/1323/811 863/1324/811 981/1325/811 982/1326/811
f 871/1301/812 870/1298/812 881/1327/812 882/1328/812
f 864/1329/813 863/1324/813 874/1323/813 875/1330/813
f 872/1304/814 871/1303/814 882/1331/814 883/1309/814
f 865/1312/815 864/1329/815 875/1330/815 876/1313/815
f 881/1322/816 880/1320/816 891/1332/816 892/1333/816
f 885/1334/817 874/1323/817 982/1326/817 983/1335/817
f 882/1336/818 881/1322/818 892/1333/818 893/1337/818
f 875/1330/819 874/1323/819 885/1334/819 886/1338/819
f 883/1339/820 882/1336/820 893/1337/820 894/1340/820
f 876/1313/821 875/1330/821 886/1338/821 887/1341/821
f 884/1310/822 883/1309/822 894/1342/822 895/1343/822
f 877/1314/823 876/1313/823 887/1341/823 888/1344/823
f 829/992/824 884/1310/824 895/1343/824
f 878/1316/825 877/1314/825 888/1344/825 889/1345/825
f 879/1318/826 878/1316/826 889/1345/826 890/1346/826
f 880/1320/827 879/1318/827 890/1346/827 891/1332/827
f 888/1344/828 887/1341/828 898/1347/828 899/1348/828
f 829/992/829 895/1343/829 906/1349/829
f 889/1345/830 888/1344/830 899/1348/830 900/1350/830
f 890/1346/831 889/1345/831 900/1350/831 901/1351/831
f 891/1332/832 890/1346/832 901/1351/832 902/1352/832
f 892/1333/833 891/1332/833 902/1352/833 903/1353/833
f 896/1354/834 885/1334/834 983/1335/834 984/1355/834
f 893/1337/835 892/1333/835 903/1353/835 904/1356/835
f 886/1338/836 885/1334/836 896/1354/836 897/1357/836
f 894/1340/837 893/1337/837 904/1356/837 905/1358/837
f 887/1341/838 886/1338/838 897/1357/838 898/1347/838
f 895/1343/839 894/1342/839 905/1359/839 906/1349/839
f 903/1353/840 902/1352/840 913/1360/840 914/1361/840
f 907/1362/841 896/1354/841 984/1355/841 985/1363/841
f 904/1356/842 903/1353/842 914/1361/842 915/1364/842
f 897/1357/843 896/1354/843 907/1362/843 908/1365/843
f 905/1358/844 904/1356/844 915/1364/844 916/1366/844
f 898/1347/845 897/1357/845 908/1365/845 909/1367/845
f 906/1349/846 905/1359/846 916/1368/846 917/1369/846
f 899/1348/847 898/1347/847 909/1367/847 910/1370/847
f 829/992/848 906/1349/848 917/1369/848
f 900/1350/849 899/1348/849 910/1370/849 911/1371/849
f 901/1351/850 900/1350/850 911/1371/850 912/1372/850
f 902/1352/851 901/1351/851 912/1372/851 913/1360/851
f 829/992/852 917/1369/852 927/1373/852
f 911/1371/853 910/1370/853 920/1374/853 921/1375/853
f 912/1372/854 911/1371/854 921/1375/854 922/1376/854
f 913/1360/855 912/1372/855 922/1376/855 923/1377/855
f 914/1361/856 913/1360/856 923/1377/856 924/1378/856
f 986/1379/857 907/1362/857 985/1363/857
f 915/1364/858 914/1361/858 924/1378/858 925/1380/858
f 987/1381/859 918/1382/859 908/1365/859 907/1362/859 986/1379/859
f 916/1366/860 915/1364/860 925/1380/860 926/1383/860
f 909/1367/861 908/1365/861 918/1382/861 919/1384/861
f 917/1369/862 916/1368/862 926/1385/862 927/1373/862
f 910/1370/863 909/1367/863 919/1384/863 920/1374/863
f 925/1380/864 924/1378/864 934/1386/864 935/1387/864
f 928/1388/865 918/1382/865 987/1381/865 988/1389/865
f 926/1383/866 925/1380/866 935/1387/866 936/1390/866
f 919/1384/867 918/1382/867 928/1388/867 929/1391/867
f 927/1392/868 926/1383/868 936/1390/868 937/1393/868
f 920/1374/869 919/1384/869 929/1391/869 930/1394/869
f 829/992/870 927/1373/870 937/1395/870
f 921/1375/871 920/1374/871 930/1394/871 931/1396/871
f 922/1376/872 921/1375/872 931/1396/872 932/1397/872
f 923/1377/873 922/1376/873 932/1397/873 933/1398/873
f 924/1378/874 923/1377/874 933/1398/874 934/1386/874
f 932/1397/875 931/1396/875 941/1399/875 942/1400/875
f 933/1398/876 932/1397/876 942/1400/876 943/1401/876
f 934/1386/877 933/1398/877 943/1401/877 944/1402/877
f 935/1387/878 934/1386/878 944/1402/878 945/1403/878
f 938/1404/879 928/1388/879 988/1389/879 989/1405/879
f 936/1390/880 935/1387/880 945/1403/880 946/1406/880
f 929/1391/881 928/1388/881 938/1404/881 939/1407/881
f 937/1393/882 936/1390/882 946/1406/882 947/1408/882
f 930/1394/883 929/1391/883 939/1407/883 940/1409/883
f 829/992/884 937/1395/884 947/1410/884
f 931/1396/885 930/1394/885 940/1409/885 941/1399/885
f 948/981/886 938/1404/886 989/1405/886 954/982/886
f 946/1406/887 945/1403/887 951/976/887 952/984/887
f 939/1407/888 938/1404/888 948/981/888 637/986/888
f 947/1408/889 946/1406/889 952/984/889 953/988/889
f 940/1409/890 939/1407/890 637/986/890 638/990/890
f 829/992/891 947/1410/891 953/993/891
f 941/1399/892 940/1409/892 638/990/892 639/995/892
f 942/1400/893 941/1399/893 639/995/893 949/997/893
f 943/1401/894 942/1400/894 949/997/894 640/999/894
f 944/1402/895 943/1401/895 640/999/895 950/977/895
f 945/1403/896 944/1402/896 950/977/896 951/976/896
f 970/1411/897 969/1412/897 968/1413/897 967/1414/897 966/1415/897 965/1416/897 964/1417/897 963/1418/897 962/1419/897 961/1420/897 960/1421/897 959/1422/897 958/1423/897 957/1424/897 956/1425/897 955/1426/897 954/1427/897 989/1428/897 988/1429/897 987/1430/897 986/1431/897 985/1432/897 984/1433/897 983/1434/897 982/1435/897 981/1436/897 980/1437/897 979/1438/897 978/1439/897 977/1440/897 976/1441/897 975/1442/897 974/1443/897 973/1444/897 972/1445/897 971/1446/897
f 1024/1447/898 1022/1448/898 1084/1449/898 1082/1450/898 1080/1451/898 1078/1452/898 1076/1453/898 1074/1454/898 1072/1455/898 1070/1456/898 1068/1457/898 1066/1458/898 1064/1459/898 1062/1460/898 1060/1461/898 1058/1462/898 1056/1463/898 1054/1464/898 1052/1465/898 1050/1466/898 1048/1467/898 1046/1468/898 1044/1469/898 1042/1470/898 1040/1471/898 1038/1472/898 1036/1473/898 1034/1474/898 1032/1475/898 1030/1476/898 1028/1477/898 1026/1478/898
f 992/1479/899 1027/1480/899 1029/1481/899 993/1482/899
f 993/1482/900 1029/1481/900 1031/1483/900 994/1484/900
f 994/1484/901 1031/1483/901 1033/1485/901 995/1486/901
f 995/1487/902 1033/1488/902 1035/1489/902 996/1490/902
f 996/1490/903 1035/1489/903 1037/1491/903 997/1492/903
f 997/1492/904 1037/1491/904 1039/1493/904 998/1494/904
f 998/1494/905 1039/1493/905 1041/1495/905 999/1496/905
f 999/1496/906 1041/1495/906 1043/1497/906 1000/1498/906
f 1000/1498/907 1043/1497/907 1045/1499/907 1001/1500/907
f 1001/1500/908 1045/1499/908 1047/1501/908 1002/1502/908
f 1002/1503/909 1047/1504/909 1049/1505/909 1003/1506/909
f 1003/1506/910 1049/1505/910 1051/1507/910 1004/1508/910
f 1004/1508/911 1051/1507/911 1053/1509/911 1005/1510/911
f 1005/1510/912 1053/1509/912 1055/1511/912 1006/1512/912
f 991/1513/913 1025/1514/913 1027/1480/913 992/1479/913
f 1006/1512/914 1055/1511/914 1057/1515/914 1007/1516/914
f 1007/1516/915 1057/1515/915 1059/1517/915 1008/1518/915
f 1008/1519/916 1059/1520/916 1061/1521/916 1009/1522/916
f 1009/1522/917 1061/1521/917 1063/1523/917 1010/1524/917
f 1010/1524/918 1063/1523/918 1065/1525/918 1011/1526/918
f 1011/1526/919 1065/1525/919 1067/1527/919 1012/1528/919
f 1012/1528/920 1067/1527/920 1069/1529/920 1013/1530/920
f 1013/1530/921 1069/1529/921 1071/1531/921 1014/1532/921
f 1014/1532/922 1071/1531/922 1073/1533/922 1015/1534/922
f 1015/1534/923 1073/1533/923 1075/1535/923 1016/1536/923
f 1016/1536/924 1075/1535/924 1077/1537/924 1017/1538/924
f 1017/1538/925 1077/1537/925 1079/1539/925 1018/1540/925
f 1018/1540/926 1079/1539/926 1081/1541/926 1019/1542/926
f 1019/1543/927 1081/1544/927 1083/1545/927 1020/1546/927
f 1020/1547/928 1083/1548/928 1085/1549/928 1021/1550/928
f 991/1551/929 992/1552/929 993/1553/929 994/1554/929 995/1555/929 996/1556/929 997/1557/929 998/1558/929 999/1559/929 1000/1560/929 1001/1561/929 1002/1562/929 1003/1563/929 1004/1564/929 1005/1565/929 1006/1566/929 1007/1567/929 1008/1568/929 1009/1569/929 1010/1570/929 1011/1571/929 1012/1572/929 1013/1573/929 1014/1574/929 1015/1575/929 1016/1576/929 1017/1577/929 1018/1578/929 1019/1579/929 1020/1580/929 1021/1581/929 990/1582/929
f 990/1583/930 1023/1584/930 1025/1514/930 991/1513/930
f 1025/1585/931 1023/1586/931 1022/1448/931 1024/1447/931
f 1027/1587/932 1025/1585/932 1024/1447/932 1026/1478/932
f 1029/1588/933 1027/1587/933 1026/1478/933 1028/1477/933
f 1031/1589/934 1029/1588/934 1028/1477/934 1030/1476/934
f 1033/1590/935 1031/1589/935 1030/1476/935 1032/1475/935
f 1035/1489/936 1033/1488/936 1032/1591/936 1034/1592/936
f 1037/1491/937 1035/1489/937 1034/1592/937 1036/1593/937
f 1039/1493/938 1037/1491/938 1036/1593/938 1038/1594/938
f 1041/1495/939 1039/1493/939 1038/1594/939 1040/1595/939
f 1043/1497/940 1041/1495/940 1040/1595/940 1042/1596/940
f 1042/1597/941 1044/1598/941 1045/1599/941 1043/1600/941
f 1047/1504/942 1045/1599/942 1044/1598/942 1046/1601/942
f 1049/1505/943 1047/1504/943 1046/1601/943 1048/1602/943
f 1051/1507/944 1049/1505/944 1048/1602/944 1050/1603/944
f 1053/1509/945 1051/1507/945 1050/1603/945 1052/1604/945
f 1055/1511/946 1053/1509/946 1052/1604/946 1054/1605/946
f 1057/1515/947 1055/1511/947 1054/1605/947 1056/1606/947
f 1059/1517/948 1057/1515/948 1056/1606/948 1058/1607/948
f 1061/1608/949 1059/1517/949 1058/1607/949 1060/1609/949
f 1063/1523/950 1061/1521/950 1060/1610/950 1062/1611/950
f 1065/1525/951 1063/1523/951 1062/1611/951 1064/1612/951
f 1064/1612/952 1066/1613/952 1067/1527/952 1065/1525/952
f 1069/1529/953 1067/1527/953 1066/1613/953 1068/1614/953
f 1068/1614/954 1070/1615/954 1071/1531/954 1069/1529/954
f 1073/1533/955 1071/1531/955 1070/1615/955 1072/1616/955
f 1075/1535/956 1073/1533/956 1072/1616/956 1074/1617/956
f 1077/1537/957 1075/1535/957 1074/1617/957 1076/1618/957
f 1079/1619/958 1077/1620/958 1076/1453/958 1078/1452/958
f 1081/1544/959 1079/1619/959 1078/1452/959 1080/1451/959
f 1083/1545/960 1081/1544/960 1080/1451/960 1082/1450/960
f 1085/1621/961 1083/1545/961 1082/1450/961 1084/1449/961
f 1023/1586/962 1085/1621/962 1084/1449/962 1022/1448/962
f 1021/1550/963 1085/1549/963 1023/1584/963 990/1583/963
f 1120/1622/964 1118/1623/964 1180/1624/964 1178/1625/964 1176/1626/964 1174/1627/964 1172/1628/964 1170/1629/964 1168/1630/964 1166/1631/964 1164/1632/964 1162/1633/964 1160/1634/964 1158/1635/964 1156/1636/964 1154/1637/964 1152/1638/964 1150/1639/964 1148/1640/964 1146/1641/964 1144/1642/964 1142/1643/964 1140/1644/964 1138/1645/964 1136/1646/964 1134/1647/964 1132/1648/964 1130/1649/964 1128/1650/964 1126/1651/964 1124/1652/964 1122/1653/964
f 1088/1654/965 1123/1655/965 1125/1656/965 1089/1657/965
f 1089/1658/966 1125/1659/966 1127/1660/966 1090/1661/966
f 1090/1662/967 1127/1663/967 1129/1664/967 1091/1665/967
f 1091/1665/968 1129/1664/968 1131/1666/968 1092/1667/968
f 1092/1667/969 1131/1666/969 1133/1668/969 1093/1669/969
f 1093/1669/970 1133/1668/970 1135/1670/970 1094/1671/970
f 1094/1671/971 1135/1670/971 1137/1672/971 1095/1673/971
f 1095/1673/972 1137/1672/972 1139/1674/972 1096/1675/972
f 1096/1675/973 1139/1674/973 1141/1676/973 1097/1677/973
f 1097/1677/974 1141/1676/974 1143/1678/974 1098/1679/974
f 1098/1679/975 1143/1678/975 1145/1680/975 1099/1681/975
f 1099/1682/976 1145/1683/976 1147/1684/976 1100/1685/976
f 1100/1685/977 1147/1684/977 1149/1686/977 1101/1687/977
f 1101/1687/978 1149/1686/978 1151/1688/978 1102/1689/978
f 1087/1690/979 1121/1691/979 1123/1655/979 1088/1654/979
f 1102/1689/980 1151/1688/980 1153/1692/980 1103/1693/980
f 1103/1693/981 1153/1692/981 1155/1694/981 1104/1695/981
f 1104/1695/982 1155/1694/982 1157/1696/982 1105/1697/982
f 1105/1698/983 1157/1699/983 1159/1700/983 1106/1701/983
f 1106/1701/984 1159/1700/984 1161/1702/984 1107/1703/984
f 1107/1703/985 1161/1702/985 1163/1704/985 1108/1705/985
f 1108/1705/986 1163/1704/986 1165/1706/986 1109/1707/986
f 1109/1707/987 1165/1706/987 1167/1708/987 1110/1709/987
f 1110/1709/988 1167/1708/988 1169/1710/988 1111/1711/988
f 1111/1711/989 1169/1710/989 1171/1712/989 1112/1713/989
f 1112/1713/990 1171/1712/990 1173/1714/990 1113/1715/990
f 1113/1715/991 1173/1714/991 1175/1716/991 1114/1717/991
f 1114/1718/992 1175/1719/992 1177/1720/992 1115/1721/992
f 1115/1721/993 1177/1720/993 1179/1722/993 1116/1723/993
f 1116/1723/994 1179/1722/994 1181/1724/994 1117/1725/994
f 1087/1726/995 1088/1727/995 1089/1658/995 1090/1661/995 1091/1728/995 1092/1729/995 1093/1730/995 1094/1731/995 1095/1732/995 1096/1733/995 1097/1734/995 1098/1735/995 1099/1736/995 1100/1737/995 1101/1738/995 1102/1739/995 1103/1740/995 1104/1741/995 1105/1742/995 1106/1743/995 1107/1744/995 1108/1745/995 1109/1746/995 1110/1747/995 1111/1748/995 1112/1749/995 1113/1750/995 1114/1751/995 1115/1752/995 1116/1753/995 1117/1754/995 1086/1755/995
f 1086/1756/996 1119/1757/996 1121/1691/996 1087/1690/996
f 1121/1691/997 1119/1757/997 1118/1758/997 1120/1759/997
f 1123/1655/998 1121/1691/998 1120/1759/998 1122/1760/998
f 1125/1656/999 1123/1655/999 1122/1760/999 1124/1761/999
f 1127/1762/1000 1125/1656/1000 1124/1761/1000 1126/1763/1000
f 1129/1764/1001 1127/1762/1001 1126/1763/1001 1128/1765/1001
f 1131/1666/1002 1129/1664/1002 1128/1766/1002 1130/1767/1002
f 1133/1668/1003 1131/1666/1003 1130/1767/1003 1132/1768/1003
f 1135/1670/1004 1133/1668/1004 1132/1768/1004 1134/1769/1004
f 1137/1672/1005 1135/1670/1005 1134/1769/1005 1136/1770/1005
f 1139/1674/1006 1137/1672/1006 1136/1770/1006 1138/1771/1006
f 1138/1645/1007 1140/1644/1007 1141/1772/1007 1139/1773/1007
f 1143/1774/1008 1141/1772/1008 1140/1644/1008 1142/1643/1008
f 1145/1775/1009 1143/1774/1009 1142/1643/1009 1144/1642/1009
f 1147/1776/1010 1145/1775/1010 1144/1642/1010 1146/1641/1010
f 1149/1777/1011 1147/1776/1011 1146/1641/1011 1148/1640/1011
f 1151/1778/1012 1149/1777/1012 1148/1640/1012 1150/1639/1012
f 1153/1779/1013 1151/1778/1013 1150/1639/1013 1152/1638/1013
f 1155/1780/1014 1153/1779/1014 1152/1638/1014 1154/1637/1014
f 1157/1781/1015 1155/1780/1015 1154/1637/1015 1156/1636/1015
f 1159/1700/1016 1157/1699/1016 1156/1782/1016 1158/1783/1016
f 1161/1702/1017 1159/1700/1017 1158/1783/1017 1160/1784/1017
f 1160/1784/1018 1162/1785/1018 1163/1704/1018 1161/1702/1018
f 1165/1706/1019 1163/1704/1019 1162/1785/1019 1164/1786/1019
f 1164/1786/1020 1166/1787/1020 1167/1708/1020 1165/1706/1020
f 1169/1710/1021 1167/1708/1021 1166/1787/1021 1168/1788/1021
f 1171/1712/1022 1169/1710/1022 1168/1788/1022 1170/1789/1022
f 1173/1714/1023 1171/1712/1023 1170/1789/1023 1172/1790/1023
f 1175/1719/1024 1173/1791/1024 1172/1792/1024 1174/1793/1024
f 1177/1720/1025 1175/1719/1025 1174/1793/1025 1176/1794/1025
f 1179/1722/1026 1177/1720/1026 1176/1794/1026 1178/1795/1026
f 1181/1724/1027 1179/1722/1027 1178/1795/1027 1180/1796/1027
f 1119/1757/1028 1181/1724/1028 1180/1796/1028 1118/1758/1028
f 1117/1725/1029 1181/1724/1029 1119/1757/1029 1086/1756/1029
f 1216/1797/1030 1214/1798/1030 1276/1799/1030 1274/1800/1030 1272/1801/1030 1270/1802/1030 1268/1803/1030 1266/1804/1030 1264/1805/1030 1262/1806/1030 1260/1807/1030 1258/1808/1030 1256/1809/1030 1254/1810/1030 1252/1811/1030 1250/1812/1030 1248/1813/1030 1246/1814/1030 1244/1815/1030 1242/1816/1030 1240/1817/1030 1238/1818/1030 1236/1819/1030 1234/1820/1030 1232/1821/1030 1230/1822/1030 1228/1823/1030 1226/1824/1030 1224/1825/1030 1222/1826/1030 1220/1827/1030 1218/1828/1030
f 1184/1829/1031 1219/1830/1031 1221/1831/1031 1185/1832/1031
f 1185/1832/1032 1221/1831/1032 1223/1833/1032 1186/1834/1032
f 1186/1835/1033 1223/1836/1033 1225/1837/1033 1187/1838/1033
f 1187/1838/1034 1225/1837/1034 1227/1839/1034 1188/1840/1034
f 1188/1840/1035 1227/1839/1035 1229/1841/1035 1189/1842/1035
f 1189/1842/1036 1229/1841/1036 1231/1843/1036 1190/1844/1036
f 1190/1844/1037 1231/1843/1037 1233/1845/1037 1191/1846/1037
f 1191/1846/1038 1233/1845/1038 1235/1847/1038 1192/1848/1038
f 1192/1848/1039 1235/1847/1039 1237/1849/1039 1193/1850/1039
f 1193/1850/1040 1237/1849/1040 1239/1851/1040 1194/1852/1040
f 1194/1853/1041 1239/1854/1041 1241/1855/1041 1195/1856/1041
f 1195/1856/1042 1241/1855/1042 1243/1857/1042 1196/1858/1042
f 1196/1858/1043 1243/1857/1043 1245/1859/1043 1197/1860/1043
f 1197/1860/1044 1245/1859/1044 1247/1861/1044 1198/1862/1044
f 1183/1863/1045 1217/1864/1045 1219/1830/1045 1184/1829/1045
f 1198/1862/1046 1247/1861/1046 1249/1865/1046 1199/1866/1046
f 1199/1866/1047 1249/1865/1047 1251/1867/1047 1200/1868/1047
f 1200/1868/1048 1251/1867/1048 1253/1869/1048 1201/1870/1048
f 1201/1870/1049 1253/1869/1049 1255/1871/1049 1202/1872/1049
f 1202/1873/1050 1255/1874/1050 1257/1875/1050 1203/1876/1050
f 1203/1876/1051 1257/1875/1051 1259/1877/1051 1204/1878/1051
f 1204/1878/1052 1259/1877/1052 1261/1879/1052 1205/1880/1052
f 1205/1880/1053 1261/1879/1053 1263/1881/1053 1206/1882/1053
f 1206/1882/1054 1263/1881/1054 1265/1883/1054 1207/1884/1054
f 1207/1884/1055 1265/1883/1055 1267/1885/1055 1208/1886/1055
f 1208/1886/1056 1267/1885/1056 1269/1887/1056 1209/1888/1056
f 1209/1888/1057 1269/1887/1057 1271/1889/1057 1210/1890/1057
f 1210/1891/1058 1271/1892/1058 1273/1893/1058 1211/1894/1058
f 1211/1894/1059 1273/1893/1059 1275/1895/1059 1212/1896/1059
f 1212/1896/1060 1275/1895/1060 1277/1897/1060 1213/1898/1060
f 1183/1899/1061 1184/1900/1061 1185/1901/1061 1186/1902/1061 1187/1903/1061 1188/1904/1061 1189/1905/1061 1190/1906/1061 1191/1907/1061 1192/1908/1061 1193/1909/1061 1194/1910/1061 1195/1911/1061 1196/1912/1061 1197/1913/1061 1198/1914/1061 1199/1915/1061 1200/1916/1061 1201/1917/1061 1202/1918/1061 1203/1919/1061 1204/1920/1061 1205/1921/1061 1206/1922/1061 1207/1923/1061 1208/1924/1061 1209/1925/1061 1210/1926/1061 1211/1927/1061 1212/1928/1061 1213/1929/1061 1182/1930/1061
f 1182/1931/1062 1215/1932/1062 1217/1864/1062 1183/1863/1062
f 1217/1864/1063 1215/1932/1063 1214/1933/1063 1216/1934/1063
f 1219/1830/1064 1217/1864/1064 1216/1934/1064 1218/1935/1064
f 1221/1831/1065 1219/1830/1065 1218/1935/1065 1220/1936/1065
f 1223/1833/1066 1221/1831/1066 1220/1936/1066 1222/1937/1066
f 1225/1837/1067 1223/1836/1067 1222/1938/1067 1224/1939/1067
f 1227/1839/1068 1225/1837/1068 1224/1939/1068 1226/1940/1068
f 1229/1841/1069 1227/1839/1069 1226/1940/1069 1228/1941/1069
f 1231/1843/1070 1229/1841/1070 1228/1941/1070 1230/1942/1070
f 1233/1845/1071 1231/1843/1071 1230/1942/1071 1232/1943/1071
f 1235/1847/1072 1233/1845/1072 1232/1943/1072 1234/1944/1072
f 1234/1944/1073 1236/1945/1073 1237/1849/1073 1235/1847/1073
f 1239/1851/1074 1237/1849/1074 1236/1945/1074 1238/1946/1074
f 1241/1947/1075 1239/1948/1075 1238/1818/1075 1240/1817/1075
f 1243/1857/1076 1241/1855/1076 1240/1949/1076 1242/1950/1076
f 1245/1859/1077 1243/1857/1077 1242/1950/1077 1244/1951/1077
f 1247/1861/1078 1245/1859/1078 1244/1951/1078 1246/1952/1078
f 1249/1865/1079 1247/1861/1079 1246/1952/1079 1248/1953/1079
f 1251/1867/1080 1249/1865/1080 1248/1953/1080 1250/1954/1080
f 1253/1869/1081 1251/1867/1081 1250/1954/1081 1252/1955/1081
f 1255/1874/1082 1253/1956/1082 1252/1957/1082 1254/1958/1082
f 1257/1875/1083 1255/1874/1083 1254/1958/1083 1256/1959/1083
f 1256/1959/1084 1258/1960/1084 1259/1877/1084 1257/1875/1084
f 1261/1879/1085 1259/1877/1085 1258/1960/1085 1260/1961/1085
f 1260/1961/1086 1262/1962/1086 1263/1881/1086 1261/1879/1086
f 1265/1883/1087 1263/1881/1087 1262/1962/1087 1264/1963/1087
f 1267/1885/1088 1265/1883/1088 1264/1963/1088 1266/1964/1088
f 1269/1887/1089 1267/1885/1089 1266/1964/1089 1268/1965/1089
f 1271/1889/1090 1269/1887/1090 1268/1965/1090 1270/1966/1090
f 1273/1893/1091 1271/1892/1091 1270/1967/1091 1272/1968/1091
f 1275/1895/1092 1273/1893/1092 1272/1968/1092 1274/1969/1092
f 1277/1897/1093 1275/1895/1093 1274/1969/1093 1276/1970/1093
f 1215/1932/1094 1277/1897/1094 1276/1970/1094 1214/1933/1094
f 1213/1898/1095 1277/1897/1095 1215/1932/1095 1182/1931/1095
f 1312/1971/1096 1310/1972/1096 1372/1973/1096 1370/1974/1096 1368/1975/1096 1366/1976/1096 1364/1977/1096 1362/1978/1096 1360/1979/1096 1358/1980/1096 1356/1981/1096 1354/1982/1096 1352/1983/1096 1350/1984/1096 1348/1985/1096 1346/1986/1096 1344/1987/1096 1342/1988/1096 1340/1989/1096 1338/1990/1096 1336/1991/1096 1334/1992/1096 1332/1993/1096 1330/1994/1096 1328/1995/1096 1326/1996/1096 1324/1997/1096 1322/1998/1096 1320/1999/1096 1318/2000/1096 1316/2001/1096 1314/2002/1096
f 1280/2003/1097 1315/2004/1097 1317/2005/1097 1281/2006/1097
f 1281/2006/1098 1317/2005/1098 1319/2007/1098 1282/2008/1098
f 1282/2009/1099 1319/2010/1099 1321/2011/1099 1283/2012/1099
f 1283/2012/1100 1321/2011/1100 1323/2013/1100 1284/2014/1100
f 1284/2014/1101 1323/2013/1101 1325/2015/1101 1285/2016/1101
f 1285/2016/1102 1325/2015/1102 1327/2017/1102 1286/2018/1102
f 1286/2018/1103 1327/2017/1103 1329/2019/1103 1287/2020/1103
f 1287/2020/1104 1329/2019/1104 1331/2021/1104 1288/2022/1104
f 1288/2022/1105 1331/2021/1105 1333/2023/1105 1289/2024/1105
f 1289/2024/1106 1333/2023/1106 1335/2025/1106 1290/2026/1106
f 1290/2027/1107 1335/2028/1107 1337/2029/1107 1291/2030/1107
f 1291/2030/1108 1337/2029/1108 1339/2031/1108 1292/2032/1108
f 1292/2032/1109 1339/2031/1109 1341/2033/1109 1293/2034/1109
f 1293/2034/1110 1341/2033/1110 1343/2035/1110 1294/2036/1110
f 1279/2037/1111 1313/2038/1111 1315/2004/1111 1280/2003/1111
f 1294/2036/1112 1343/2035/1112 1345/2039/1112 1295/2040/1112
f 1295/2040/1113 1345/2039/1113 1347/2041/1113 1296/2042/1113
f 1296/2042/1114 1347/2041/1114 1349/2043/1114 1297/2044/1114
f 1297/2044/1115 1349/2043/1115 1351/2045/1115 1298/2046/1115
f 1298/2047/1116 1351/2048/1116 1353/2049/1116 1299/2050/1116
f 1299/2050/1117 1353/2049/1117 1355/2051/1117 1300/2052/1117
f 1300/2052/1118 1355/2051/1118 1357/2053/1118 1301/2054/1118
f 1301/2054/1119 1357/2053/1119 1359/2055/1119 1302/2056/1119
f 1302/2056/1120 1359/2055/1120 1361/2057/1120 1303/2058/1120
f 1303/2058/1121 1361/2057/1121 1363/2059/1121 1304/2060/1121
f 1304/2060/1122 1363/2059/1122 1365/2061/1122 1305/2062/1122
f 1305/2062/1123 1365/2061/1123 1367/2063/1123 1306/2064/1123
f 1306/2065/1124 1367/2066/1124 1369/2067/1124 1307/2068/1124
f 1307/2068/1125 1369/2067/1125 1371/2069/1125 1308/2070/1125
f 1308/2070/1126 1371/2069/1126 1373/2071/1126 1309/2072/1126
f 1279/2073/1127 1280/2074/1127 1281/2075/1127 1282/2076/1127 1283/2077/1127 1284/2078/1127 1285/2079/1127 1286/2080/1127 1287/2081/1127 1288/2082/1127 1289/2083/1127 1290/2084/1127 1291/2085/1127 1292/2086/1127 1293/2087/1127 1294/2088/1127 1295/2089/1127 1296/2090/1127 1297/2091/1127 1298/2092/1127 1299/2093/1127 1300/2094/1127 1301/2095/1127 1302/2096/1127 1303/2097/1127 1304/2098/1127 1305/2099/1127 1306/2100/1127 1307/2101/1127 1308/2102/1127 1309/2103/1127 1278/2104/1127
f 1278/2105/1128 1311/2106/1128 1313/2038/1128 1279/2037/1128
f 1313/2038/1129 1311/2106/1129 1310/2107/1129 1312/2108/1129
f 1315/2004/1130 1313/2038/1130 1312/2108/1130 1314/2109/1130
f 1317/2005/1131 1315/2004/1131 1314/2109/1131 1316/2110/1131
f 1319/2007/1132 1317/2005/1132 1316/2110/1132 1318/2111/1132
f 1321/2011/1133 1319/2010/1133 1318/2112/1133 1320/2113/1133
f 1323/2013/1134 1321/2011/1134 1320/2113/1134 1322/2114/1134
f 1325/2015/1135 1323/2013/1135 1322/2114/1135 1324/2115/1135
f 1327/2017/1136 1325/2015/1136 1324/2115/1136 1326/2116/1136
f 1329/2019/1137 1327/2017/1137 1326/2116/1137 1328/2117/1137
f 1331/2021/1138 1329/2019/1138 1328/2117/1138 1330/2118/1138
f 1330/2118/1139 1332/2119/1139 1333/2023/1139 1331/2021/1139
f 1335/2025/1140 1333/2023/1140 1332/2119/1140 1334/2120/1140
f 1337/2121/1141 1335/2025/1141 1334/2120/1141 1336/2122/1141
f 1339/2031/1142 1337/2029/1142 1336/2123/1142 1338/2124/1142
f 1341/2033/1143 1339/2031/1143 1338/2124/1143 1340/2125/1143
f 1343/2126/1144 1341/2127/1144 1340/1989/1144 1342/1988/1144
f 1345/2128/1145 1343/2126/1145 1342/1988/1145 1344/1987/1145
f 1347/2129/1146 1345/2128/1146 1344/1987/1146 1346/1986/1146
f 1349/2130/1147 1347/2129/1147 1346/1986/1147 1348/1985/1147
f 1351/2131/1148 1349/2130/1148 1348/1985/1148 1350/1984/1148
f 1353/2132/1149 1351/2131/1149 1350/1984/1149 1352/1983/1149
f 1352/2133/1150 1354/2134/1150 1355/2051/1150 1353/2049/1150
f 1357/2053/1151 1355/2051/1151 1354/2134/1151 1356/2135/1151
f 1356/2135/1152 1358/2136/1152 1359/2055/1152 1357/2053/1152
f 1361/2057/1153 1359/2055/1153 1358/2136/1153 1360/2137/1153
f 1363/2059/1154 1361/2057/1154 1360/2137/1154 1362/2138/1154
f 1365/2061/1155 1363/2059/1155 1362/2138/1155 1364/2139/1155
f 1367/2063/1156 1365/2061/1156 1364/2139/1156 1366/2140/1156
f 1369/2067/1157 1367/2066/1157 1366/2141/1157 1368/2142/1157
f 1371/2069/1158 1369/2067/1158 1368/2142/1158 1370/2143/1158
f 1373/2071/1159 1371/2069/1159 1370/2143/1159 1372/2144/1159
f 1311/2106/1160 1373/2071/1160 1372/2144/1160 1310/2107/1160
f 1309/2072/1161 1373/2071/1161 1311/2106/1161 1278/2105/1161
f 1408/2145/1162 1406/2146/1162 1468/2147/1162 1466/2148/1162 1464/2149/1162 1462/2150/1162 1460/2151/1162 1458/2152/1162 1456/2153/1162 1454/2154/1162 1452/2155/1162 1450/2156/1162 1448/2157/1162 1446/2158/1162 1444/2159/1162 1442/2160/1162 1440/2161/1162 1438/2162/1162 1436/2163/1162 1434/2164/1162 1432/2165/1162 1430/2166/1162 1428/2167/1162 1426/2168/1162 1424/2169/1162 1422/2170/1162 1420/2171/1162 1418/2172/1162 1416/2173/1162 1414/2174/1162 1412/2175/1162 1410/2176/1162
f 1376/2177/1163 1411/2178/1163 1413/2179/1163 1377/2180/1163
f 1377/2181/1164 1413/2182/1164 1415/2183/1164 1378/2184/1164
f 1378/2184/1165 1415/2183/1165 1417/2185/1165 1379/2186/1165
f 1379/2186/1166 1417/2185/1166 1419/2187/1166 1380/2188/1166
f 1380/2188/1167 1419/2187/1167 1421/2189/1167 1381/2190/1167
f 1381/2190/1168 1421/2189/1168 1423/2191/1168 1382/2192/1168
f 1382/2192/1169 1423/2191/1169 1425/2193/1169 1383/2194/1169
f 1383/2194/1170 1425/2193/1170 1427/2195/1170 1384/2196/1170
f 1384/2196/1171 1427/2195/1171 1429/2197/1171 1385/2198/1171
f 1385/2198/1172 1429/2197/1172 1431/2199/1172 1386/2200/1172
f 1386/2200/1173 1431/2199/1173 1433/2201/1173 1387/2202/1173
f 1387/2203/1174 1433/2204/1174 1435/2205/1174 1388/2206/1174
f 1388/2206/1175 1435/2205/1175 1437/2207/1175 1389/2208/1175
f 1389/2209/1176 1437/2210/1176 1439/2211/1176 1390/2212/1176
f 1375/2213/1177 1409/2214/1177 1411/2178/1177 1376/2177/1177
f 1390/2212/1178 1439/2211/1178 1441/2215/1178 1391/2216/1178
f 1391/2216/1179 1441/2215/1179 1443/2217/1179 1392/2218/1179
f 1392/2218/1180 1443/2217/1180 1445/2219/1180 1393/2220/1180
f 1393/2220/1181 1445/2219/1181 1447/2221/1181 1394/2222/1181
f 1394/2223/1182 1447/2224/1182 1449/2225/1182 1395/2226/1182
f 1395/2226/1183 1449/2225/1183 1451/2227/1183 1396/2228/1183
f 1396/2228/1184 1451/2227/1184 1453/2229/1184 1397/2230/1184
f 1397/2230/1185 1453/2229/1185 1455/2231/1185 1398/2232/1185
f 1398/2232/1186 1455/2231/1186 1457/2233/1186 1399/2234/1186
f 1399/2234/1187 1457/2233/1187 1459/2235/1187 1400/2236/1187
f 1400/2236/1188 1459/2235/1188 1461/2237/1188 1401/2238/1188
f 1401/2238/1189 1461/2237/1189 1463/2239/1189 1402/2240/1189
f 1402/2241/1190 1463/2242/1190 1465/2243/1190 1403/2244/1190
f 1403/2244/1191 1465/2243/1191 1467/2245/1191 1404/2246/1191
f 1404/2246/1192 1467/2245/1192 1469/2247/1192 1405/2248/1192
f 1375/2249/1193 1376/2250/1193 1377/2251/1193 1378/2252/1193 1379/2253/1193 1380/2254/1193 1381/2255/1193 1382/2256/1193 1383/2257/1193 1384/2258/1193 1385/2259/1193 1386/2260/1193 1387/2203/1193 1388/2206/1193 1389/2208/1193 1390/2261/1193 1391/2262/1193 1392/2263/1193 1393/2264/1193 1394/2265/1193 1395/2266/1193 1396/2267/1193 1397/2268/1193 1398/2269/1193 1399/2270/1193 1400/2271/1193 1401/2272/1193 1402/2273/1193 1403/2274/1193 1404/2275/1193 1405/2276/1193 1374/2277/1193
f 1374/2278/1194 1407/2279/1194 1409/2214/1194 1375/2213/1194
f 1409/2214/1195 1407/2279/1195 1406/2146/1195 1408/2145/1195
f 1411/2178/1196 1409/2214/1196 1408/2145/1196 1410/2176/1196
f 1413/2179/1197 1411/2178/1197 1410/2176/1197 1412/2175/1197
f 1415/2280/1198 1413/2179/1198 1412/2175/1198 1414/2174/1198
f 1417/2281/1199 1415/2280/1199 1414/2174/1199 1416/2173/1199
f 1419/2187/1200 1417/2185/1200 1416/2282/1200 1418/2283/1200
f 1421/2189/1201 1419/2187/1201 1418/2283/1201 1420/2284/1201
f 1423/2191/1202 1421/2189/1202 1420/2284/1202 1422/2285/1202
f 1425/2193/1203 1423/2191/1203 1422/2285/1203 1424/2286/1203
f 1427/2195/1204 1425/2193/1204 1424/2286/1204 1426/2287/1204
f 1426/2287/1205 1428/2288/1205 1429/2197/1205 1427/2195/1205
f 1431/2199/1206 1429/2197/1206 1428/2288/1206 1430/2289/1206
f 1433/2201/1207 1431/2199/1207 1430/2289/1207 1432/2290/1207
f 1435/2291/1208 1433/2292/1208 1432/2293/1208 1434/2294/1208
f 1437/2210/1209 1435/2291/1209 1434/2294/1209 1436/2295/1209
f 1439/2211/1210 1437/2210/1210 1436/2295/1210 1438/2296/1210
f 1441/2215/1211 1439/2211/1211 1438/2296/1211 1440/2297/1211
f 1443/2217/1212 1441/2215/1212 1440/2297/1212 1442/2298/1212
f 1445/2219/1213 1443/2217/1213 1442/2298/1213 1444/2299/1213
f 1447/2221/1214 1445/2219/1214 1444/2299/1214 1446/2300/1214
f 1449/2301/1215 1447/2221/1215 1446/2300/1215 1448/2302/1215
f 1448/2302/1216 1450/2303/1216 1451/2304/1216 1449/2301/1216
f 1453/2229/1217 1451/2227/1217 1450/2305/1217 1452/2306/1217
f 1452/2306/1218 1454/2307/1218 1455/2231/1218 1453/2229/1218
f 1457/2233/1219 1455/2231/1219 1454/2307/1219 1456/2308/1219
f 1459/2235/1220 1457/2233/1220 1456/2308/1220 1458/2309/1220
f 1461/2237/1221 1459/2235/1221 1458/2309/1221 1460/2310/1221
f 1463/2311/1222 1461/2312/1222 1460/2151/1222 1462/2150/1222
f 1465/2313/1223 1463/2311/1223 1462/2150/1223 1464/2149/1223
f 1467/2314/1224 1465/2313/1224 1464/2149/1224 1466/2148/1224
f 1469/2315/1225 1467/2314/1225 1466/2148/1225 1468/2147/1225
f 1407/2279/1226 1469/2315/1226 1468/2147/1226 1406/2146/1226
f 1405/2316/1227 1469/2315/1227 1407/2279/1227 1374/2278/1227
f 1504/2317/1228 1502/2318/1228 1564/2319/1228 1562/2320/1228 1560/2321/1228 1558/2322/1228 1556/2323/1228 1554/2324/1228 1552/2325/1228 1550/2326/1228 1548/2327/1228 1546/2328/1228 1544/2329/1228 1542/2330/1228 1540/2331/1228 1538/2332/1228 1536/2333/1228 1534/2334/1228 1532/2335/1228 1530/2336/1228 1528/2337/1228 1526/2338/1228 1524/2339/1228 1522/2340/1228 1520/2341/1228 1518/2342/1228 1516/2343/1228 1514/2344/1228 1512/2345/1228 1510/2346/1228 1508/2347/1228 1506/2348/1228
f 1472/2349/1229 1507/2350/1229 1509/2351/1229 1473/2352/1229
f 1473/2353/1230 1509/2354/1230 1511/2355/1230 1474/2356/1230
f 1474/2356/1231 1511/2355/1231 1513/2357/1231 1475/2358/1231
f 1475/2358/1232 1513/2357/1232 1515/2359/1232 1476/2360/1232
f 1476/2360/1233 1515/2359/1233 1517/2361/1233 1477/2362/1233
f 1477/2362/1234 1517/2361/1234 1519/2363/1234 1478/2364/1234
f 1478/2364/1235 1519/2363/1235 1521/2365/1235 1479/2366/1235
f 1479/2366/1236 1521/2365/1236 1523/2367/1236 1480/2368/1236
f 1480/2368/1237 1523/2367/1237 1525/2369/1237 1481/2370/1237
f 1481/2370/1238 1525/2369/1238 1527/2371/1238 1482/2372/1238
f 1482/2372/1239 1527/2371/1239 1529/2373/1239 1483/2374/1239
f 1483/2375/1240 1529/2376/1240 1531/2377/1240 1484/2378/1240
f 1484/2378/1241 1531/2377/1241 1533/2379/1241 1485/2380/1241
f 1485/2380/1242 1533/2379/1242 1535/2381/1242 1486/2382/1242
f 1471/2383/1243 1505/2384/1243 1507/2350/1243 1472/2349/1243
f 1486/2382/1244 1535/2381/1244 1537/2385/1244 1487/2386/1244
f 1487/2386/1245 1537/2385/1245 1539/2387/1245 1488/2388/1245
f 1488/2388/1246 1539/2387/1246 1541/2389/1246 1489/2390/1246
f 1489/2390/1247 1541/2389/1247 1543/2391/1247 1490/2392/1247
f 1490/2392/1248 1543/2391/1248 1545/2393/1248 1491/2394/1248
f 1491/2395/1249 1545/2396/1249 1547/2397/1249 1492/2398/1249
f 1492/2398/1250 1547/2397/1250 1549/2399/1250 1493/2400/1250
f 1493/2400/1251 1549/2399/1251 1551/2401/1251 1494/2402/1251
f 1494/2402/1252 1551/2401/1252 1553/2403/1252 1495/2404/1252
f 1495/2404/1253 1553/2403/1253 1555/2405/1253 1496/2406/1253
f 1496/2406/1254 1555/2405/1254 1557/2407/1254 1497/2408/1254
f 1497/2409/1255 1557/2410/1255 1559/2411/1255 1498/2412/1255
f 1498/2412/1256 1559/2411/1256 1561/2413/1256 1499/2414/1256
f 1499/2414/1257 1561/2413/1257 1563/2415/1257 1500/2416/1257
f 1500/2416/1258 1563/2415/1258 1565/2417/1258 1501/2418/1258
f 1471/2419/1259 1472/2420/1259 1473/2421/1259 1474/2422/1259 1475/2423/1259 1476/2424/1259 1477/2425/1259 1478/2426/1259 1479/2427/1259 1480/2428/1259 1481/2429/1259 1482/2430/1259 1483/2431/1259 1484/2432/1259 1485/2433/1259 1486/2434/1259 1487/2435/1259 1488/2436/1259 1489/2437/1259 1490/2438/1259 1491/2439/1259 1492/2440/1259 1493/2441/1259 1494/2442/1259 1495/2443/1259 1496/2444/1259 1497/2445/1259 1498/2446/1259 1499/2447/1259 1500/2448/1259 1501/2449/1259 1470/2450/1259
f 1470/2451/1260 1503/2452/1260 1505/2384/1260 1471/2383/1260
f 1505/2453/1261 1503/2454/1261 1502/2318/1261 1504/2317/1261
f 1507/2455/1262 1505/2453/1262 1504/2317/1262 1506/2348/1262
f 1509/2456/1263 1507/2455/1263 1506/2348/1263 1508/2347/1263
f 1511/2457/1264 1509/2456/1264 1508/2347/1264 1510/2346/1264
f 1513/2357/1265 1511/2355/1265 1510/2458/1265 1512/2459/1265
f 1515/2359/1266 1513/2357/1266 1512/2459/1266 1514/2460/1266
f 1517/2361/1267 1515/2359/1267 1514/2460/1267 1516/2461/1267
f 1519/2363/1268 1517/2361/1268 1516/2461/1268 1518/2462/1268
f 1521/2365/1269 1519/2363/1269 1518/2462/1269 1520/2463/1269
f 1523/2367/1270 1521/2365/1270 1520/2463/1270 1522/2464/1270
f 1522/2464/1271 1524/2465/1271 1525/2369/1271 1523/2367/1271
f 1527/2371/1272 1525/2369/1272 1524/2465/1272 1526/2466/1272
f 1529/2373/1273 1527/2371/1273 1526/2466/1273 1528/2467/1273
f 1531/2377/1274 1529/2376/1274 1528/2468/1274 1530/2469/1274
f 1533/2379/1275 1531/2377/1275 1530/2469/1275 1532/2470/1275
f 1535/2381/1276 1533/2379/1276 1532/2470/1276 1534/2471/1276
f 1537/2385/1277 1535/2381/1277 1534/2471/1277 1536/2472/1277
f 1539/2387/1278 1537/2385/1278 1536/2472/1278 1538/2473/1278
f 1541/2389/1279 1539/2387/1279 1538/2473/1279 1540/2474/1279
f 1543/2391/1280 1541/2389/1280 1540/2474/1280 1542/2475/1280
f 1545/2393/1281 1543/2391/1281 1542/2475/1281 1544/2476/1281
f 1544/2477/1282 1546/2478/1282 1547/2397/1282 1545/2396/1282
f 1549/2399/1283 1547/2397/1283 1546/2478/1283 1548/2479/1283
f 1548/2479/1284 1550/2480/1284 1551/2401/1284 1549/2399/1284
f 1553/2403/1285 1551/2401/1285 1550/2480/1285 1552/2481/1285
f 1555/2405/1286 1553/2403/1286 1552/2481/1286 1554/2482/1286
f 1557/2407/1287 1555/2405/1287 1554/2482/1287 1556/2483/1287
f 1559/2484/1288 1557/2407/1288 1556/2483/1288 1558/2485/1288
f 1561/2486/1289 1559/2487/1289 1558/2322/1289 1560/2321/1289
f 1563/2488/1290 1561/2486/1290 1560/2321/1290 1562/2320/1290
f 1565/2489/1291 1563/2488/1291 1562/2320/1291 1564/2319/1291
f 1503/2454/1292 1565/2489/1292 1564/2319/1292 1502/2318/1292
f 1501/2418/1293 1565/2417/1293 1503/2452/1293 1470/2451/1293
f 1600/2490/68 1598/2491/68 1660/2492/68 1658/2493/68 1656/2494/68 1654/2495/68 1652/2496/68 1650/2497/68 1648/2498/68 1646/2499/68 1644/2500/68 1642/2501/68 1640/2502/68 1638/2503/68 1636/2504/68 1634/2505/68 1632/2506/68 1630/2507/68 1628/2508/68 1626/2509/68 1624/2510/68 1622/2511/68 1620/2512/68 1618/2513/68 1616/2514/68 1614/2515/68 1612/2516/68 1610/2517/68 1608/2518/68 1606/2519/68 1604/2520/68 1602/2521/68
f 1568/2522/1294 1603/2523/1294 1605/2524/1294 1569/2525/1294
f 1569/2525/1295 1605/2524/1295 1607/2526/1295 1570/2527/1295
f 1570/2528/1296 1607/2529/1296 1609/2530/1296 1571/2531/1296
f 1571/2531/1297 1609/2530/1297 1611/2532/1297 1572/2533/1297
f 1572/2533/1298 1611/2532/1298 1613/2534/1298 1573/2535/1298
f 1573/2535/1299 1613/2534/1299 1615/2536/1299 1574/2537/1299
f 1574/2537/1300 1615/2536/1300 1617/2538/1300 1575/2539/1300
f 1575/2539/1301 1617/2538/1301 1619/2540/1301 1576/2541/1301
f 1576/2541/1302 1619/2540/1302 1621/2542/1302 1577/2543/1302
f 1577/2543/1303 1621/2542/1303 1623/2544/1303 1578/2545/1303
f 1578/2545/1304 1623/2544/1304 1625/2546/1304 1579/2547/1304
f 1579/2548/1305 1625/2549/1305 1627/2550/1305 1580/2551/1305
f 1580/2551/1306 1627/2550/1306 1629/2552/1306 1581/2553/1306
f 1581/2553/1307 1629/2552/1307 1631/2554/1307 1582/2555/1307
f 1567/2556/1308 1601/2557/1308 1603/2523/1308 1568/2522/1308
f 1582/2555/1309 1631/2554/1309 1633/2558/1309 1583/2559/1309
f 1583/2559/1310 1633/2558/1310 1635/2560/1310 1584/2561/1310
f 1584/2561/1311 1635/2560/1311 1637/2562/1311 1585/2563/1311
f 1585/2563/1312 1637/2562/1312 1639/2564/1312 1586/2565/1312
f 1586/2566/1313 1639/2567/1313 1641/2568/1313 1587/2569/1313
f 1587/2569/1314 1641/2568/1314 1643/2570/1314 1588/2571/1314
f 1588/2571/1315 1643/2570/1315 1645/2572/1315 1589/2573/1315
f 1589/2573/1316 1645/2572/1316 1647/2574/1316 1590/2575/1316
f 1590/2575/1317 1647/2574/1317 1649/2576/1317 1591/2577/1317
f 1591/2577/1318 1649/2576/1318 1651/2578/1318 1592/2579/1318
f 1592/2579/1319 1651/2578/1319 1653/2580/1319 1593/2581/1319
f 1593/2581/1320 1653/2580/1320 1655/2582/1320 1594/2583/1320
f 1594/2583/1321 1655/2582/1321 1657/2584/1321 1595/2585/1321
f 1595/2586/1322 1657/2587/1322 1659/2588/1322 1596/2589/1322
f 1596/2589/1323 1659/2588/1323 1661/2590/1323 1597/2591/1323
f 1567/2592/67 1568/2593/67 1569/2594/67 1570/2595/67 1571/2596/67 1572/2597/67 1573/2598/67 1574/2599/67 1575/2600/67 1576/2601/67 1577/2602/67 1578/2603/67 1579/2604/67 1580/2605/67 1581/2606/67 1582/2607/67 1583/2608/67 1584/2609/67 1585/2610/67 1586/2611/67 1587/2612/67 1588/2613/67 1589/2614/67 1590/2615/67 1591/2616/67 1592/2617/67 1593/2618/67 1594/2619/67 1595/2620/67 1596/2621/67 1597/2622/67 1566/2623/67
f 1566/2624/1324 1599/2625/1324 1601/2557/1324 1567/2556/1324
f 1601/2557/1325 1599/2625/1325 1598/2626/1325 1600/2627/1325
f 1603/2523/1326 1601/2557/1326 1600/2627/1326 1602/2628/1326
f 1605/2524/1327 1603/2523/1327 1602/2628/1327 1604/2629/1327
f 1607/2526/1328 1605/2524/1328 1604/2629/1328 1606/2630/1328
f 1609/2631/1329 1607/2526/1329 1606/2630/1329 1608/2632/1329
f 1611/2532/1330 1609/2530/1330 1608/2633/1330 1610/2634/1330
f 1613/2534/1331 1611/2532/1331 1610/2634/1331 1612/2635/1331
f 1615/2536/1332 1613/2534/1332 1612/2635/1332 1614/2636/1332
f 1617/2538/1333 1615/2536/1333 1614/2636/1333 1616/2637/1333
f 1619/2540/1334 1617/2538/1334 1616/2637/1334 1618/2638/1334
f 1618/2638/1335 1620/2639/1335 1621/2542/1335 1619/2540/1335
f 1623/2544/1336 1621/2542/1336 1620/2639/1336 1622/2640/1336
f 1625/2549/1337 1623/2641/1337 1622/2642/1337 1624/2643/1337
f 1627/2550/1338 1625/2549/1338 1624/2643/1338 1626/2644/1338
f 1629/2552/1339 1627/2550/1339 1626/2644/1339 1628/2645/1339
f 1631/2554/1340 1629/2552/1340 1628/2645/1340 1630/2646/1340
f 1633/2558/1341 1631/2554/1341 1630/2646/1341 1632/2647/1341
f 1635/2560/1342 1633/2558/1342 1632/2647/1342 1634/2648/1342
f 1637/2562/1343 1635/2560/1343 1634/2648/1343 1636/2649/1343
f 1639/2564/1344 1637/2562/1344 1636/2649/1344 1638/2650/1344
f 1641/2651/1345 1639/2564/1345 1638/2650/1345 1640/2652/1345
f 1640/2653/1346 1642/2654/1346 1643/2570/1346 1641/2568/1346
f 1645/2572/1347 1643/2570/1347 1642/2654/1347 1644/2655/1347
f 1644/2655/1348 1646/2656/1348 1647/2574/1348 1645/2572/1348
f 1649/2576/1349 1647/2574/1349 1646/2656/1349 1648/2657/1349
f 1651/2578/1350 1649/2576/1350 1648/2657/1350 1650/2658/1350
f 1653/2580/1351 1651/2578/1351 1650/2658/1351 1652/2659/1351
f 1655/2582/1352 1653/2580/1352 1652/2659/1352 1654/2660/1352
f 1657/2587/1353 1655/2661/1353 1654/2662/1353 1656/2663/1353
f 1659/2588/1354 1657/2587/1354 1656/2663/1354 1658/2664/1354
f 1661/2590/1355 1659/2588/1355 1658/2664/1355 1660/2665/1355
f 1599/2625/1356 1661/2590/1356 1660/2665/1356 1598/2626/1356
f 1597/2591/1357 1661/2590/1357 1599/2625/1357 1566/2624/1357
f 1696/2666/68 1694/2667/68 1756/2668/68 1754/2669/68 1752/2670/68 1750/2671/68 1748/2672/68 1746/2673/68 1744/2674/68 1742/2675/68 1740/2676/68 1738/2677/68 1736/2678/68 1734/2679/68 1732/2680/68 1730/2681/68 1728/2682/68 1726/2683/68 1724/2684/68 1722/2685/68 1720/2686/68 1718/2687/68 1716/2688/68 1714/2689/68 1712/2690/68 1710/2691/68 1708/2692/68 1706/2693/68 1704/2694/68 1702/2695/68 1700/2696/68 1698/2697/68
f 1664/2698/1311 1699/2699/1311 1701/2700/1311 1665/2701/1311
f 1665/2701/1312 1701/2700/1312 1703/2702/1312 1666/2703/1312
f 1666/2704/1313 1703/2705/1313 1705/2706/1313 1667/2707/1313
f 1667/2707/1314 1705/2706/1314 1707/2708/1314 1668/2709/1314
f 1668/2709/1315 1707/2708/1315 1709/2710/1315 1669/2711/1315
f 1669/2711/1316 1709/2710/1316 1711/2712/1316 1670/2713/1316
f 1670/2713/1317 1711/2712/1317 1713/2714/1317 1671/2715/1317
f 1671/2715/1318 1713/2714/1318 1715/2716/1318 1672/2717/1318
f 1672/2717/1319 1715/2716/1319 1717/2718/1319 1673/2719/1319
f 1673/2719/1320 1717/2718/1320 1719/2720/1320 1674/2721/1320
f 1674/2721/1321 1719/2720/1321 1721/2722/1321 1675/2723/1321
f 1675/2724/1322 1721/2725/1322 1723/2726/1322 1676/2727/1322
f 1676/2727/1323 1723/2726/1323 1725/2728/1323 1677/2729/1323
f 1677/2729/1357 1725/2728/1357 1727/2730/1357 1678/2731/1357
f 1663/2732/1310 1697/2733/1310 1699/2699/1310 1664/2698/1310
f 1678/2731/1324 1727/2730/1324 1729/2734/1324 1679/2735/1324
f 1679/2735/1308 1729/2734/1308 1731/2736/1308 1680/2737/1308
f 1680/2737/1294 1731/2736/1294 1733/2738/1294 1681/2739/1294
f 1681/2739/1295 1733/2738/1295 1735/2740/1295 1682/2741/1295
f 1682/2742/1296 1735/2743/1296 1737/2744/1296 1683/2745/1296
f 1683/2745/1297 1737/2744/1297 1739/2746/1297 1684/2747/1297
f 1684/2747/1298 1739/2746/1298 1741/2748/1298 1685/2749/1298
f 1685/2749/1299 1741/2748/1299 1743/2750/1299 1686/2751/1299
f 1686/2751/1300 1743/2750/1300 1745/2752/1300 1687/2753/1300
f 1687/2753/1301 1745/2752/1301 1747/2754/1301 1688/2755/1301
f 1688/2755/1302 1747/2754/1302 1749/2756/1302 1689/2757/1302
f 1689/2757/1303 1749/2756/1303 1751/2758/1303 1690/2759/1303
f 1690/2759/1304 1751/2758/1304 1753/2760/1304 1691/2761/1304
f 1691/2762/1305 1753/2763/1305 1755/2764/1305 1692/2765/1305
f 1692/2765/1306 1755/2764/1306 1757/2766/1306 1693/2767/1306
f 1663/2768/67 1664/2769/67 1665/2770/67 1666/2771/67 1667/2772/67 1668/2773/67 1669/2774/67 1670/2775/67 1671/2776/67 1672/2777/67 1673/2778/67 1674/2779/67 1675/2780/67 1676/2781/67 1677/2782/67 1678/2783/67 1679/2784/67 1680/2785/67 1681/2786/67 1682/2787/67 1683/2788/67 1684/2789/67 1685/2790/67 1686/2791/67 1687/2792/67 1688/2793/67 1689/2794/67 1690/2795/67 1691/2796/67 1692/2797/67 1693/2798/67 1662/2799/67
f 1662/2800/1309 1695/2801/1309 1697/2733/1309 1663/2732/1309
f 1697/2733/1341 1695/2801/1341 1694/2802/1341 1696/2803/1341
f 1699/2699/1342 1697/2733/1342 1696/2803/1342 1698/2804/1342
f 1701/2700/1343 1699/2699/1343 1698/2804/1343 1700/2805/1343
f 1703/2702/1344 1701/2700/1344 1700/2805/1344 1702/2806/1344
f 1705/2807/1345 1703/2702/1345 1702/2806/1345 1704/2808/1345
f 1707/2708/1346 1705/2706/1346 1704/2809/1346 1706/2810/1346
f 1709/2710/1347 1707/2708/1347 1706/2810/1347 1708/2811/1347
f 1711/2712/1348 1709/2710/1348 1708/2811/1348 1710/2812/1348
f 1713/2714/1349 1711/2712/1349 1710/2812/1349 1712/2813/1349
f 1715/2716/1350 1713/2714/1350 1712/2813/1350 1714/2814/1350
f 1714/2814/1351 1716/2815/1351 1717/2718/1351 1715/2716/1351
f 1719/2720/1352 1717/2718/1352 1716/2815/1352 1718/2816/1352
f 1721/2725/1353 1719/2817/1353 1718/2818/1353 1720/2819/1353
f 1723/2726/1354 1721/2725/1354 1720/2819/1354 1722/2820/1354
f 1725/2728/1355 1723/2726/1355 1722/2820/1355 1724/2821/1355
f 1727/2730/1356 1725/2728/1356 1724/2821/1356 1726/2822/1356
f 1729/2734/1325 1727/2730/1325 1726/2822/1325 1728/2823/1325
f 1731/2736/1326 1729/2734/1326 1728/2823/1326 1730/2824/1326
f 1733/2738/1327 1731/2736/1327 1730/2824/1327 1732/2825/1327
f 1735/2740/1328 1733/2738/1328 1732/2825/1328 1734/2826/1328
f 1737/2827/1329 1735/2740/1329 1734/2826/1329 1736/2828/1329
f 1736/2829/1330 1738/2830/1330 1739/2746/1330 1737/2744/1330
f 1741/2748/1331 1739/2746/1331 1738/2830/1331 1740/2831/1331
f 1740/2831/1332 1742/2832/1332 1743/2750/1332 1741/2748/1332
f 1745/2752/1333 1743/2750/1333 1742/2832/1333 1744/2833/1333
f 1747/2754/1334 1745/2752/1334 1744/2833/1334 1746/2834/1334
f 1749/2756/1335 1747/2754/1335 1746/2834/1335 1748/2835/1335
f 1751/2758/1336 1749/2756/1336 1748/2835/1336 1750/2836/1336
f 1753/2763/1337 1751/2837/1337 1750/2838/1337 1752/2839/1337
f 1755/2764/1338 1753/2763/1338 1752/2839/1338 1754/2840/1338
f 1757/2766/1339 1755/2764/1339 1754/2840/1339 1756/2841/1339
f 1695/2801/1340 1757/2766/1340 1756/2841/1340 1694/2802/1340
f 1693/2767/1307 1757/2766/1307 1695/2801/1307 1662/2800/1307
f 2072/2842/547 2071/2843/547 1768/2844/547 1769/2845/547
f 1762/2846/548 2069/2847/548 2075/2848/548 2076/2849/548
f 2073/2850/1358 2072/2842/1358 1769/2845/1358 1770/2851/1358
f 1758/2852/550 2069/2847/550 1762/2846/550 1763/2853/550
f 2074/2854/551 2073/2850/551 1770/2851/551 1771/2855/551
f 1759/2856/552 1758/2852/552 1763/2853/552 1764/2857/552
f 1950/2858/553 2074/2859/553 1771/2860/553
f 1760/2861/554 1759/2856/554 1764/2857/554 1765/2862/554
f 2070/2863/555 1760/2861/555 1765/2862/555 1766/2864/555
f 1761/2865/556 2070/2863/556 1766/2864/556 1767/2866/556
f 2071/2843/557 1761/2865/557 1767/2866/557 1768/2844/557
f 1768/2844/558 1767/2866/558 1777/2867/558 1778/2868/558
f 1769/2845/559 1768/2844/559 1778/2868/559 1779/2869/559
f 1772/2870/560 1762/2846/560 2076/2849/560 2077/2871/560
f 1770/2851/561 1769/2845/561 1779/2869/561 1780/2872/561
f 1763/2853/562 1762/2846/562 1772/2870/562 1773/2873/562
f 1771/2860/563 1770/2874/563 1780/2875/563 1781/2876/563
f 1764/2857/564 1763/2853/564 1773/2873/564 1774/2877/564
f 1950/2858/565 1771/2860/565 1781/2876/565
f 1765/2862/566 1764/2857/566 1774/2877/566 1775/2878/566
f 1766/2864/567 1765/2862/567 1775/2878/567 1776/2879/567
f 1767/2866/1359 1766/2864/1359 1776/2879/1359 1777/2867/1359
f 1950/2858/569 1781/2876/569 1790/2880/569
f 1775/2881/570 1774/2882/570 1783/2883/570 1784/2884/570
f 1776/2885/571 1775/2881/571 1784/2884/571 1785/2886/571
f 1777/2887/572 1776/2885/572 1785/2886/572 1786/2888/572
f 1778/2889/573 1777/2887/573 1786/2888/573 1787/2890/573
f 1779/2891/574 1778/2889/574 1787/2890/574 1788/2892/574
f 2078/2893/1360 1772/2870/1360 2077/2871/1360
f 1780/2894/576 1779/2891/576 1788/2892/576 1789/2895/576
f 1782/2896/577 1773/2897/577 1772/2898/577 2078/2899/577 2079/2900/577
f 1781/2876/578 1780/2875/578 1789/2901/578 1790/2880/578
f 1774/2882/579 1773/2897/579 1782/2896/579 1783/2883/579
f 1788/2892/580 1787/2890/580 1796/2902/580 1797/2903/580
f 1789/2895/581 1788/2892/581 1797/2903/581 1798/2904/581
f 1791/2905/582 1782/2896/582 2079/2900/582 2080/2906/582
f 1790/2880/583 1789/2901/583 1798/2907/583 1799/2908/583
f 1783/2883/584 1782/2896/584 1791/2905/584 1792/2909/584
f 1950/2858/585 1790/2880/585 1799/2908/585
f 1784/2884/586 1783/2883/586 1792/2909/586 1793/2910/586
f 1785/2886/587 1784/2884/587 1793/2910/587 1794/2911/587
f 1786/2888/588 1785/2886/588 1794/2911/588 1795/2912/588
f 1787/2890/589 1786/2888/589 1795/2912/589 1796/2902/589
f 1793/2910/590 1792/2909/590 1801/2913/590 1802/2914/590
f 1794/2911/591 1793/2910/591 1802/2914/591 1803/2915/591
f 1795/2912/592 1794/2911/592 1803/2915/592 1804/2916/592
f 1796/2902/593 1795/2912/593 1804/2916/593 1805/2917/593
f 1797/2903/594 1796/2902/594 1805/2917/594 1806/2918/594
f 1798/2904/595 1797/2903/595 1806/2918/595 1807/2919/595
f 1800/2920/596 1791/2905/596 2080/2906/596 2081/2921/596
f 1799/2908/597 1798/2907/597 1807/2922/597 1808/2923/597
f 1792/2909/598 1791/2905/598 1800/2920/598 1801/2913/598
f 1950/2858/599 1799/2908/599 1808/2923/599
f 1806/2918/600 1805/2917/600 1814/2924/600 1815/2925/600
f 1807/2919/601 1806/2918/601 1815/2925/601 1816/2926/601
f 1809/2927/602 1800/2920/602 2081/2921/602 2082/2928/602
f 1808/2923/603 1807/2922/603 1816/2929/603 1817/2930/603
f 1801/2913/604 1800/2920/604 1809/2927/604 1810/2931/604
f 1950/2858/605 1808/2923/605 1817/2930/605
f 1802/2914/606 1801/2913/606 1810/2931/606 1811/2932/606
f 1803/2915/607 1802/2914/607 1811/2932/607 1812/2933/607
f 1804/2916/608 1803/2915/608 1812/2933/608 1813/2934/608
f 1805/2917/609 1804/2916/609 1813/2934/609 1814/2924/609
f 1812/2933/610 1811/2932/610 1820/2935/610 1821/2936/610
f 1813/2934/611 1812/2933/611 1821/2936/611 1822/2937/611
f 1814/2924/612 1813/2934/612 1822/2937/612 1823/2938/612
f 1815/2925/613 1814/2924/613 1823/2938/613 1824/2939/613
f 1816/2926/614 1815/2925/614 1824/2939/614 1825/2940/614
f 2083/2941/615 1818/2942/615 1809/2927/615 2082/2928/615
f 1817/2930/616 1816/2929/616 1825/2943/616 1826/2944/616
f 1810/2931/617 1809/2927/617 1818/2942/617 1819/2945/617
f 1950/2858/618 1817/2930/618 1826/2944/618
f 1811/2932/619 1810/2931/619 1819/2945/619 1820/2935/619
f 1825/2943/620 1824/2946/620 1833/2947/620 1834/2948/620
f 2084/2949/621 1827/2950/621 1818/2942/621 2083/2941/621
f 1826/2944/622 1825/2943/622 1834/2948/622 1835/2951/622
f 1819/2945/623 1818/2942/623 1827/2950/623 1828/2952/623
f 1950/2858/624 1826/2944/624 1835/2951/624
f 1820/2935/625 1819/2945/625 1828/2952/625 1829/2953/625
f 1821/2936/626 1820/2935/626 1829/2953/626 1830/2954/626
f 1822/2937/1361 1821/2936/1361 1830/2954/1361 1831/2955/1361
f 1823/2938/628 1822/2937/628 1831/2955/628 1832/2956/628
f 1824/2939/629 1823/2938/629 1832/2956/629 1833/2957/629
f 1830/2954/630 1829/2953/630 1838/2958/630 1839/2959/630
f 1831/2955/631 1830/2954/631 1839/2959/631 1840/2960/631
f 1832/2956/632 1831/2955/632 1840/2960/632 1841/2961/632
f 1833/2947/633 1832/2962/633 1841/2963/633 1842/2964/633
f 1834/2948/634 1833/2947/634 1842/2964/634 1843/2965/634
f 2085/2966/635 1836/2967/635 1827/2950/635 2084/2949/635
f 1835/2951/636 1834/2948/636 1843/2965/636 1844/2968/636
f 1828/2952/637 1827/2950/637 1836/2967/637 1837/2969/637
f 1950/2858/638 1835/2951/638 1844/2968/638
f 1829/2953/639 1828/2952/639 1837/2969/639 1838/2958/639
f 1843/2965/640 1842/2964/640 1851/2970/640 1852/2971/640
f 2086/2972/641 1845/2973/641 1836/2974/641 2085/2975/641
f 1844/2968/642 1843/2965/642 1852/2971/642 1853/2976/642
f 1837/2977/643 1836/2974/643 1845/2973/643 1846/2978/643
f 1950/2858/644 1844/2968/644 1853/2976/644
f 1838/2979/645 1837/2977/645 1846/2978/645 1847/2980/645
f 1839/2981/646 1838/2979/646 1847/2980/646 1848/2982/646
f 1840/2983/647 1839/2981/647 1848/2982/647 1849/2984/647
f 1841/2985/648 1840/2983/648 1849/2984/648 1850/2986/648
f 1842/2987/649 1841/2985/649 1850/2986/649 1851/2988/649
f 1849/2984/650 1848/2982/650 1857/2989/650 1858/2990/650
f 1850/2986/651 1849/2984/651 1858/2990/651 1859/2991/651
f 1851/2988/652 1850/2986/652 1859/2991/652 1860/2992/652
f 1852/2993/653 1851/2988/653 1860/2992/653 1861/2994/653
f 2087/2995/654 1854/2996/654 1845/2973/654 2086/2972/654
f 1853/2976/655 1852/2971/655 1861/2997/655 1862/2998/655
f 1846/2978/656 1845/2973/656 1854/2996/656 1855/2999/656
f 1950/2858/1362 1853/2976/1362 1862/2998/1362
f 1847/2980/658 1846/2978/658 1855/2999/658 1856/3000/658
f 1848/2982/659 1847/2980/659 1856/3000/659 1857/2989/659
f 1862/2998/660 1861/2997/660 1870/3001/660 1871/3002/660
f 1855/2999/661 1854/2996/661 1863/3003/661 1864/3004/661
f 1950/2858/662 1862/2998/662 1871/3002/662
f 1856/3000/663 1855/2999/663 1864/3004/663 1865/3005/663
f 1857/2989/664 1856/3000/664 1865/3005/664 1866/3006/664
f 1858/2990/665 1857/2989/665 1866/3006/665 1867/3007/665
f 1859/2991/666 1858/2990/666 1867/3007/666 1868/3008/666
f 1860/2992/667 1859/2991/667 1868/3008/667 1869/3009/667
f 1861/2994/668 1860/2992/668 1869/3009/668 1870/3010/668
f 1863/3003/669 1854/2996/669 2087/2995/669 2088/3011/669
f 1868/3008/670 1867/3007/670 1876/3012/670 1877/3013/670
f 1869/3009/671 1868/3008/671 1877/3013/671 1878/3014/671
f 1870/3010/672 1869/3009/672 1878/3014/672 1879/3015/672
f 1872/3016/673 1863/3003/673 2088/3011/673 2089/3017/673
f 1871/3018/674 1870/3010/674 1879/3015/674 1880/3019/674
f 1864/3004/675 1863/3003/675 1872/3016/675 1873/3020/675
f 1950/2858/676 1871/3002/676 1880/3021/676
f 1865/3005/677 1864/3004/677 1873/3020/677 1874/3022/677
f 1866/3006/678 1865/3005/678 1874/3022/678 1875/3023/678
f 1867/3007/679 1866/3006/679 1875/3023/679 1876/3012/679
f 1873/3020/680 1872/3016/680 1881/3024/680 1882/3025/680
f 1950/2858/1363 1880/3021/1363 1889/3026/1363
f 1874/3022/682 1873/3020/682 1882/3025/682 1883/3027/682
f 1875/3023/683 1874/3022/683 1883/3027/683 1884/3028/683
f 1876/3012/684 1875/3023/684 1884/3028/684 1885/3029/684
f 1877/3013/685 1876/3012/685 1885/3029/685 1886/3030/685
f 1878/3014/686 1877/3013/686 1886/3030/686 1887/3031/686
f 1879/3015/687 1878/3014/687 1887/3031/687 1888/3032/687
f 1881/3024/688 1872/3016/688 2089/3017/688 2090/3033/688
f 1880/3019/689 1879/3015/689 1888/3032/689 1889/3034/689
f 1886/3030/690 1885/3029/690 1895/3035/690 1896/3036/690
f 1887/3031/691 1886/3030/691 1896/3036/691 1897/3037/691
f 1890/3038/692 2091/3039/692 2092/3040/692
f 1888/3032/693 1887/3031/693 1897/3037/693 1898/3041/693
f 1890/3038/694 1891/3042/694 1881/3024/694 2090/3033/694 2091/3039/694
f 1889/3034/695 1888/3032/695 1898/3041/695 1899/3043/695
f 1882/3025/696 1881/3024/696 1891/3042/696 1892/3044/696
f 1950/2858/697 1889/3026/697 1899/3045/697
f 1883/3027/698 1882/3025/698 1892/3044/698 1893/3046/698
f 1884/3028/699 1883/3027/699 1893/3046/699 1894/3047/699
f 1885/3029/700 1884/3028/700 1894/3047/700 1895/3035/700
f 1950/2858/701 1899/3045/701 1909/3048/701
f 1893/3046/702 1892/3044/702 1902/3049/702 1903/3050/702
f 1894/3047/703 1893/3046/703 1903/3050/703 1904/3051/703
f 1895/3035/704 1894/3047/704 1904/3051/704 1905/3052/704
f 1896/3036/705 1895/3035/705 1905/3052/705 1906/3053/705
f 1897/3037/706 1896/3036/706 1906/3053/706 1907/3054/706
f 2093/3055/707 1900/3056/707 1890/3038/707 2092/3040/707
f 1898/3041/708 1897/3037/708 1907/3054/708 1908/3057/708
f 1891/3042/709 1890/3038/709 1900/3056/709 1901/3058/709
f 1899/3043/710 1898/3041/710 1908/3057/710 1909/3059/710
f 1892/3044/711 1891/3042/711 1901/3058/711 1902/3049/711
f 1907/3054/712 1906/3053/712 1916/3060/712 1917/3061/712
f 2094/3062/713 1910/3063/713 1900/3056/713 2093/3055/713
f 1908/3057/714 1907/3054/714 1917/3061/714 1918/3064/714
f 1901/3058/715 1900/3056/715 1910/3063/715 1911/3065/715
f 1909/3059/716 1908/3057/716 1918/3064/716 1919/3066/716
f 1902/3049/717 1901/3058/717 1911/3065/717 1912/3067/717
f 1950/2858/1364 1909/3048/1364 1919/3068/1364
f 1903/3050/719 1902/3049/719 1912/3067/719 1913/3069/719
f 1904/3051/720 1903/3050/720 1913/3069/720 1914/3070/720
f 1905/3052/721 1904/3051/721 1914/3070/721 1915/3071/721
f 1906/3053/722 1905/3052/722 1915/3071/722 1916/3060/722
f 1913/3069/723 1912/3067/723 1922/3072/723 1923/3073/723
f 1914/3070/724 1913/3069/724 1923/3073/724 1924/3074/724
f 1915/3071/725 1914/3070/725 1924/3074/725 1925/3075/725
f 1916/3060/726 1915/3071/726 1925/3075/726 1926/3076/726
f 1917/3061/727 1916/3060/727 1926/3076/727 1927/3077/727
f 2095/3078/1365 1920/3079/1365 1910/3063/1365 2094/3062/1365
f 1918/3064/729 1917/3061/729 1927/3077/729 1928/3080/729
f 1911/3065/730 1910/3063/730 1920/3079/730 1921/3081/730
f 1919/3066/731 1918/3064/731 1928/3080/731 1929/3082/731
f 1912/3067/732 1911/3065/732 1921/3081/732 1922/3072/732
f 1950/2858/733 1919/3068/733 1929/3083/733
f 1927/3077/734 1926/3076/734 1936/3084/734 1937/3085/734
f 2096/3086/735 1930/3087/735 1920/3079/735 2095/3078/735
f 1928/3080/736 1927/3077/736 1937/3085/736 1938/3088/736
f 1921/3081/737 1920/3079/737 1930/3087/737 1931/3089/737
f 1929/3082/738 1928/3080/738 1938/3088/738 1939/3090/738
f 1922/3072/739 1921/3081/739 1931/3089/739 1932/3091/739
f 1950/2858/740 1929/3083/740 1939/3092/740
f 1923/3073/741 1922/3072/741 1932/3091/741 1933/3093/741
f 1924/3074/742 1923/3073/742 1933/3093/742 1934/3094/742
f 1925/3075/743 1924/3074/743 1934/3094/743 1935/3095/743
f 1926/3076/744 1925/3075/744 1935/3095/744 1936/3084/744
f 1934/3094/745 1933/3093/745 1943/3096/745 1944/3097/745
f 1935/3095/746 1934/3094/746 1944/3097/746 1945/3098/746
f 1936/3084/747 1935/3095/747 1945/3098/747 1946/3099/747
f 1937/3085/748 1936/3084/748 1946/3099/748 1947/3100/748
f 2097/3101/749 1940/3102/749 1930/3087/749 2096/3086/749
f 1938/3088/750 1937/3085/750 1947/3100/750 1948/3103/750
f 1931/3089/751 1930/3087/751 1940/3102/751 1941/3104/751
f 1939/3092/752 1938/3105/752 1948/3106/752 1949/3107/752
f 1932/3091/753 1931/3089/753 1941/3104/753 1942/3108/753
f 1950/2858/1366 1939/3092/1366 1949/3107/1366
f 1933/3093/755 1932/3091/755 1942/3108/755 1943/3096/755
f 1948/3103/756 1947/3100/756 1959/3109/756 1960/3110/756
f 1941/3104/757 1940/3102/757 1952/3111/757 1953/3112/757
f 1949/3107/758 1948/3106/758 1960/3113/758 1961/3114/758
f 1942/3108/759 1941/3104/759 1953/3112/759 1954/3115/759
f 1950/2858/760 1949/3107/760 1961/3114/760
f 1943/3096/761 1942/3108/761 1954/3115/761 1955/3116/761
f 1944/3097/762 1943/3096/762 1955/3116/762 1956/3117/762
f 1945/3098/763 1944/3097/763 1956/3117/763 1957/3118/763
f 1946/3099/764 1945/3098/764 1957/3118/764 1958/3119/764
f 2099/3120/1367 1951/3121/1367 2098/3122/1367
f 1947/3100/766 1946/3099/766 1958/3119/766 1959/3109/766
f 1951/3121/767 1952/3111/767 1940/3102/767 2097/3101/767 2098/3122/767
f 1957/3118/768 1956/3117/768 1967/3123/768 1968/3124/768
f 1958/3119/769 1957/3118/769 1968/3124/769 1969/3125/769
f 2100/3126/770 1962/3127/770 1951/3121/770 2099/3120/770
f 1959/3128/771 1958/3129/771 1969/3130/771 1970/3131/771
f 1952/3111/772 1951/3121/772 1962/3127/772 1963/3132/772
f 1960/3133/773 1959/3128/773 1970/3131/773 1971/3134/773
f 1953/3112/774 1952/3111/774 1963/3132/774 1964/3135/774
f 1961/3114/775 1960/3113/775 1971/3136/775 1972/3137/775
f 1954/3115/776 1953/3112/776 1964/3135/776 1965/3138/776
f 1950/2858/777 1961/3114/777 1972/3137/777
f 1955/3116/778 1954/3115/778 1965/3138/778 1966/3139/778
f 1956/3117/779 1955/3116/779 1966/3139/779 1967/3123/779
f 1964/3140/780 1963/3141/780 1974/3142/780 1975/3143/780
f 1972/3137/781 1971/3136/781 1982/3144/781 1983/3145/781
f 1965/3146/782 1964/3140/782 1975/3143/782 1976/3147/782
f 1950/2858/783 1972/3137/783 1983/3145/783
f 1966/3148/784 1965/3146/784 1976/3147/784 1977/3149/784
f 1967/3150/785 1966/3148/785 1977/3149/785 1978/3151/785
f 1968/3152/786 1967/3150/786 1978/3151/786 1979/3153/786
f 1969/3130/787 1968/3152/787 1979/3153/787 1980/3154/787
f 1973/3155/788 1962/3156/788 2100/3157/788 2101/3158/788
f 1970/3131/789 1969/3130/789 1980/3154/789 1981/3159/789
f 1963/3141/790 1962/3156/790 1973/3155/790 1974/3142/790
f 1971/3136/1368 1970/3160/1368 1981/3161/1368 1982/3144/1368
f 1979/3153/792 1978/3151/792 1989/3162/792 1990/3163/792
f 1980/3154/793 1979/3153/793 1990/3163/793 1991/3164/793
f 1984/3165/794 1973/3155/794 2101/3158/794 2102/3166/794
f 1981/3159/795 1980/3154/795 1991/3164/795 1992/3167/795
f 1974/3142/796 1973/3155/796 1984/3165/796 1985/3168/796
f 1982/3144/797 1981/3161/797 1992/3169/797 1993/3170/797
f 1975/3143/798 1974/3142/798 1985/3168/798 1986/3171/798
f 1983/3145/799 1982/3144/799 1993/3170/799 1994/3172/799
f 1976/3147/800 1975/3143/800 1986/3171/800 1987/3173/800
f 1950/2858/801 1983/3145/801 1994/3172/801
f 1977/3149/802 1976/3147/802 1987/3173/802 1988/3174/802
f 1978/3151/803 1977/3149/803 1988/3174/803 1989/3162/803
f 1994/3172/804 1993/3170/804 2004/3175/804 2005/3176/804
f 1987/3177/805 1986/3178/805 1997/3179/805 1998/3180/805
f 1950/2858/806 1994/3172/806 2005/3176/806
f 1988/3181/807 1987/3177/807 1998/3180/807 1999/3182/807
f 1989/3183/808 1988/3181/808 1999/3182/808 2000/3184/808
f 1990/3185/809 1989/3183/809 2000/3184/809 2001/3186/809
f 1991/3187/810 1990/3185/810 2001/3186/810 2002/3188/810
f 1995/3189/811 1984/3190/811 2102/3191/811 2103/3192/811
f 1992/3167/812 1991/3164/812 2002/3193/812 2003/3194/812
f 1985/3195/813 1984/3190/813 1995/3189/813 1996/3196/813
f 1993/3170/814 1992/3169/814 2003/3197/814 2004/3175/814
f 1986/3178/815 1985/3195/815 1996/3196/815 1997/3179/815
f 2002/3188/816 2001/3186/816 2012/3198/816 2013/3199/816
f 2006/3200/817 1995/3189/817 2103/3192/817 2104/3201/817
f 2003/3202/818 2002/3188/818 2013/3199/818 2014/3203/818
f 1996/3196/819 1995/3189/819 2006/3200/819 2007/3204/819
f 2004/3205/820 2003/3202/820 2014/3203/820 2015/3206/820
f 1997/3179/821 1996/3196/821 2007/3204/821 2008/3207/821
f 2005/3176/822 2004/3175/822 2015/3208/822 2016/3209/822
f 1998/3180/823 1997/3179/823 2008/3207/823 2009/3210/823
f 1950/2858/824 2005/3176/824 2016/3209/824
f 1999/3182/825 1998/3180/825 2009/3210/825 2010/3211/825
f 2000/3184/826 1999/3182/826 2010/3211/826 2011/3212/826
f 2001/3186/827 2000/3184/827 2011/3212/827 2012/3198/827
f 2009/3210/828 2008/3207/828 2019/3213/828 2020/3214/828
f 1950/2858/829 2016/3209/829 2027/3215/829
f 2010/3211/830 2009/3210/830 2020/3214/830 2021/3216/830
f 2011/3212/1369 2010/3211/1369 2021/3216/1369 2022/3217/1369
f 2012/3198/832 2011/3212/832 2022/3217/832 2023/3218/832
f 2013/3199/833 2012/3198/833 2023/3218/833 2024/3219/833
f 2017/3220/834 2006/3200/834 2104/3201/834 2105/3221/834
f 2014/3203/835 2013/3199/835 2024/3219/835 2025/3222/835
f 2007/3204/836 2006/3200/836 2017/3220/836 2018/3223/836
f 2015/3206/837 2014/3203/837 2025/3222/837 2026/3224/837
f 2008/3207/838 2007/3204/838 2018/3223/838 2019/3213/838
f 2016/3209/839 2015/3208/839 2026/3225/839 2027/3215/839
f 2024/3219/840 2023/3218/840 2034/3226/840 2035/3227/840
f 2028/3228/841 2017/3220/841 2105/3221/841 2106/3229/841
f 2025/3222/842 2024/3219/842 2035/3227/842 2036/3230/842
f 2018/3223/843 2017/3220/843 2028/3228/843 2029/3231/843
f 2026/3224/844 2025/3222/844 2036/3230/844 2037/3232/844
f 2019/3213/845 2018/3223/845 2029/3231/845 2030/3233/845
f 2027/3215/846 2026/3225/846 2037/3234/846 2038/3235/846
f 2020/3214/847 2019/3213/847 2030/3233/847 2031/3236/847
f 1950/2858/848 2027/3215/848 2038/3235/848
f 2021/3216/849 2020/3214/849 2031/3236/849 2032/3237/849
f 2022/3217/850 2021/3216/850 2032/3237/850 2033/3238/850
f 2023/3218/851 2022/3217/851 2033/3238/851 2034/3226/851
f 1950/2858/852 2038/3235/852 2048/3239/852
f 2032/3237/853 2031/3236/853 2041/3240/853 2042/3241/853
f 2033/3238/854 2032/3237/854 2042/3241/854 2043/3242/854
f 2034/3226/855 2033/3238/855 2043/3242/855 2044/3243/855
f 2035/3227/856 2034/3226/856 2044/3243/856 2045/3244/856
f 2107/3245/1370 2028/3228/1370 2106/3229/1370
f 2036/3230/858 2035/3227/858 2045/3244/858 2046/3246/858
f 2108/3247/859 2039/3248/859 2029/3231/859 2028/3228/859 2107/3245/859
f 2037/3232/860 2036/3230/860 2046/3246/860 2047/3249/860
f 2030/3233/861 2029/3231/861 2039/3248/861 2040/3250/861
f 2038/3235/862 2037/3234/862 2047/3251/862 2048/3239/862
f 2031/3236/863 2030/3233/863 2040/3250/863 2041/3240/863
f 2046/3246/864 2045/3244/864 2055/3252/864 2056/3253/864
f 2049/3254/865 2039/3248/865 2108/3247/865 2109/3255/865
f 2047/3249/866 2046/3246/866 2056/3253/866 2057/3256/866
f 2040/3250/867 2039/3248/867 2049/3254/867 2050/3257/867
f 2048/3258/868 2047/3249/868 2057/3256/868 2058/3259/868
f 2041/3240/869 2040/3250/869 2050/3257/869 2051/3260/869
f 1950/2858/870 2048/3239/870 2058/3261/870
f 2042/3241/871 2041/3240/871 2051/3260/871 2052/3262/871
f 2043/3242/872 2042/3241/872 2052/3262/872 2053/3263/872
f 2044/3243/873 2043/3242/873 2053/3263/873 2054/3264/873
f 2045/3244/874 2044/3243/874 2054/3264/874 2055/3252/874
f 2053/3263/875 2052/3262/875 2062/3265/875 2063/3266/875
f 2054/3264/876 2053/3263/876 2063/3266/876 2064/3267/876
f 2055/3252/1371 2054/3264/1371 2064/3267/1371 2065/3268/1371
f 2056/3253/878 2055/3252/878 2065/3268/878 2066/3269/878
f 2059/3270/879 2049/3254/879 2109/3255/879 2110/3271/879
f 2057/3256/880 2056/3253/880 2066/3269/880 2067/3272/880
f 2050/3257/881 2049/3254/881 2059/3270/881 2060/3273/881
f 2058/3259/882 2057/3256/882 2067/3272/882 2068/3274/882
f 2051/3260/883 2050/3257/883 2060/3273/883 2061/3275/883
f 1950/2858/884 2058/3261/884 2068/3276/884
f 2052/3262/885 2051/3260/885 2061/3275/885 2062/3265/885
f 2069/2847/886 2059/3270/886 2110/3271/886 2075/2848/886
f 2067/3272/887 2066/3269/887 2072/2842/887 2073/2850/887
f 2060/3273/888 2059/3270/888 2069/2847/888 1758/2852/888
f 2068/3274/889 2067/3272/889 2073/2850/889 2074/2854/889
f 2061/3275/890 2060/3273/890 1758/2852/890 1759/2856/890
f 1950/2858/891 2068/3276/891 2074/2859/891
f 2062/3265/892 2061/3275/892 1759/2856/892 1760/2861/892
f 2063/3266/893 2062/3265/893 1760/2861/893 2070/2863/893
f 2064/3267/894 2063/3266/894 2070/2863/894 1761/2865/894
f 2065/3268/895 2064/3267/895 1761/2865/895 2071/2843/895
f 2066/3269/896 2065/3268/896 2071/2843/896 2072/2842/896
f 2091/3277/897 2090/3278/897 2089/3279/897 2088/3280/897 2087/3281/897 2086/3282/897 2085/3283/897 2084/3284/897 2083/3285/897 2082/3286/897 2081/3287/897 2080/3288/897 2079/3289/897 2078/3290/897 2077/3291/897 2076/3292/897 2075/3293/897 2110/3294/897 2109/3295/897 2108/3296/897 2107/3297/897 2106/3298/897 2105/3299/897 2104/3300/897 2103/3301/897 2102/3302/897 2101/3303/897 2100/3304/897 2099/3305/897 2098/3306/897 2097/3307/897 2096/3308/897 2095/3309/897 2094/3310/897 2093/3311/897 2092/3312/897
f 2145/3313/32 2143/3314/32 2205/3315/32 2203/3316/32 2201/3317/32 2199/3318/32 2197/3319/32 2195/3320/32 2193/3321/32 2191/3322/32 2189/3323/32 2187/3324/32 2185/3325/32 2183/3326/32 2181/3327/32 2179/3328/32 2177/3329/32 2175/3330/32 2173/3331/32 2171/3332/32 2169/3333/32 2167/3334/32 2165/3335/32 2163/3336/32 2161/3337/32 2159/3338/32 2157/3339/32 2155/3340/32 2153/3341/32 2151/3342/32 2149/3343/32 2147/3344/32
f 2113/3345/1372 2148/3346/1372 2150/3347/1372 2114/3348/1372
f 2114/3349/1373 2150/3350/1373 2152/3351/1373 2115/3352/1373
f 2115/3352/1374 2152/3351/1374 2154/3353/1374 2116/3354/1374
f 2116/3354/1375 2154/3353/1375 2156/3355/1375 2117/3356/1375
f 2117/3356/1376 2156/3355/1376 2158/3357/1376 2118/3358/1376
f 2118/3358/1377 2158/3357/1377 2160/3359/1377 2119/3360/1377
f 2119/3360/1378 2160/3359/1378 2162/3361/1378 2120/3362/1378
f 2120/3362/1379 2162/3361/1379 2164/3363/1379 2121/3364/1379
f 2121/3364/1380 2164/3363/1380 2166/3365/1380 2122/3366/1380
f 2122/3366/1381 2166/3365/1381 2168/3367/1381 2123/3368/1381
f 2123/3368/1382 2168/3367/1382 2170/3369/1382 2124/3370/1382
f 2124/3371/1383 2170/3372/1383 2172/3373/1383 2125/3374/1383
f 2125/3374/1384 2172/3373/1384 2174/3375/1384 2126/3376/1384
f 2126/3376/1385 2174/3375/1385 2176/3377/1385 2127/3378/1385
f 2112/3379/1386 2146/3380/1386 2148/3346/1386 2113/3345/1386
f 2127/3378/1387 2176/3377/1387 2178/3381/1387 2128/3382/1387
f 2128/3382/1388 2178/3381/1388 2180/3383/1388 2129/3384/1388
f 2129/3384/1389 2180/3383/1389 2182/3385/1389 2130/3386/1389
f 2130/3386/1390 2182/3385/1390 2184/3387/1390 2131/3388/1390
f 2131/3388/1391 2184/3387/1391 2186/3389/1391 2132/3390/1391
f 2132/3391/1392 2186/3392/1392 2188/3393/1392 2133/3394/1392
f 2133/3394/1393 2188/3393/1393 2190/3395/1393 2134/3396/1393
f 2134/3396/1394 2190/3395/1394 2192/3397/1394 2135/3398/1394
f 2135/3398/1395 2192/3397/1395 2194/3399/1395 2136/3400/1395
f 2136/3400/1396 2194/3399/1396 2196/3401/1396 2137/3402/1396
f 2137/3402/1397 2196/3401/1397 2198/3403/1397 2138/3404/1397
f 2138/3405/1398 2198/3406/1398 2200/3407/1398 2139/3408/1398
f 2139/3408/1399 2200/3407/1399 2202/3409/1399 2140/3410/1399
f 2140/3410/1400 2202/3409/1400 2204/3411/1400 2141/3412/1400
f 2141/3412/1401 2204/3411/1401 2206/3413/1401 2142/3414/1401
f 2112/3415/1 2113/3416/1 2114/3417/1 2115/3418/1 2116/3419/1 2117/3420/1 2118/3421/1 2119/3422/1 2120/3423/1 2121/3424/1 2122/3425/1 2123/3426/1 2124/3427/1 2125/3428/1 2126/3429/1 2127/3430/1 2128/3431/1 2129/3432/1 2130/3433/1 2131/3434/1 2132/3435/1 2133/3436/1 2134/3437/1 2135/3438/1 2136/3439/1 2137/3440/1 2138/3441/1 2139/3442/1 2140/3443/1 2141/3444/1 2142/3445/1 2111/3446/1
f 2111/3447/1402 2144/3448/1402 2146/3380/1402 2112/3379/1402
f 2146/3380/1403 2144/3448/1403 2143/3449/1403 2145/3450/1403
f 2148/3451/1404 2146/3452/1404 2145/3313/1404 2147/3344/1404
f 2150/3453/1405 2148/3451/1405 2147/3344/1405 2149/3343/1405
f 2152/3454/1406 2150/3453/1406 2149/3343/1406 2151/3342/1406
f 2154/3455/1407 2152/3454/1407 2151/3342/1407 2153/3341/1407
f 2156/3456/1408 2154/3455/1408 2153/3341/1408 2155/3340/1408
f 2158/3457/1409 2156/3456/1409 2155/3340/1409 2157/3339/1409
f 2160/3458/1410 2158/3457/1410 2157/3339/1410 2159/3338/1410
f 2162/3459/1411 2160/3458/1411 2159/3338/1411 2161/3337/1411
f 2164/3460/1412 2162/3459/1412 2161/3337/1412 2163/3336/1412
f 2163/3336/1413 2165/3335/1413 2166/3461/1413 2164/3460/1413
f 2168/3462/1414 2166/3461/1414 2165/3335/1414 2167/3334/1414
f 2170/3463/1415 2168/3462/1415 2167/3334/1415 2169/3333/1415
f 2172/3464/1416 2170/3463/1416 2169/3333/1416 2171/3332/1416
f 2174/3465/1417 2172/3464/1417 2171/3332/1417 2173/3331/1417
f 2176/3466/1418 2174/3465/1418 2173/3331/1418 2175/3330/1418
f 2178/3467/1419 2176/3466/1419 2175/3330/1419 2177/3329/1419
f 2180/3468/1420 2178/3467/1420 2177/3329/1420 2179/3328/1420
f 2182/3469/1421 2180/3468/1421 2179/3328/1421 2181/3327/1421
f 2184/3470/1422 2182/3469/1422 2181/3327/1422 2183/3326/1422
f 2186/3471/1423 2184/3470/1423 2183/3326/1423 2185/3325/1423
f 2185/3325/1424 2187/3324/1424 2188/3472/1424 2186/3471/1424
f 2190/3473/1425 2188/3472/1425 2187/3324/1425 2189/3323/1425
f 2189/3323/1426 2191/3322/1426 2192/3474/1426 2190/3473/1426
f 2194/3475/1427 2192/3474/1427 2191/3322/1427 2193/3321/1427
f 2196/3476/1428 2194/3475/1428 2193/3321/1428 2195/3320/1428
f 2198/3477/1429 2196/3476/1429 2195/3320/1429 2197/3319/1429
f 2200/3478/1430 2198/3477/1430 2197/3319/1430 2199/3318/1430
f 2202/3409/1431 2200/3407/1431 2199/3479/1431 2201/3480/1431
f 2204/3411/1432 2202/3409/1432 2201/3480/1432 2203/3481/1432
f 2206/3413/1433 2204/3411/1433 2203/3481/1433 2205/3482/1433
f 2144/3448/1434 2206/3413/1434 2205/3482/1434 2143/3449/1434
f 2142/3414/1435 2206/3413/1435 2144/3448/1435 2111/3447/1435
f 2207/3483/69 2461/3484/69 2212/3485/69 2213/3486/69
f 2462/3487/70 2207/3483/70 2213/3486/70 2214/3488/70
f 2208/3489/71 2462/3490/71 2214/3491/71 2215/3492/71
f 2463/3493/72 2208/3489/72 2215/3492/72 2216/3494/72
f 2209/3495/73 2463/3493/73 2216/3494/73 2217/3496/73
f 2210/3497/74 2209/3495/74 2217/3496/74 2218/3498/74
f 2460/3499/1436 2251/3500/1436 2211/3501/1436
f 2461/3484/76 2460/3499/76 2211/3501/76 2212/3485/76
f 2212/3485/77 2211/3501/77 2219/3502/77 2220/3503/77
f 2213/3486/78 2212/3485/78 2220/3503/78 2221/3504/78
f 2214/3488/79 2213/3486/79 2221/3504/79 2222/3505/79
f 2215/3492/1437 2214/3491/1437 2222/3506/1437 2223/3507/1437
f 2216/3494/1438 2215/3492/1438 2223/3507/1438 2224/3508/1438
f 2217/3496/1439 2216/3494/1439 2224/3508/1439 2225/3509/1439
f 2218/3498/1440 2217/3496/1440 2225/3509/1440 2226/3510/1440
f 2211/3501/80 2251/3500/80 2219/3502/80
f 2224/3508/1441 2223/3507/1441 2231/3511/1441 2232/3512/1441
f 2225/3509/1442 2224/3508/1442 2232/3512/1442 2233/3513/1442
f 2226/3510/1443 2225/3509/1443 2233/3513/1443 2234/3514/1443
f 2219/3502/81 2251/3500/81 2227/3515/81
f 2220/3503/82 2219/3502/82 2227/3515/82 2228/3516/82
f 2221/3504/1444 2220/3503/1444 2228/3516/1444 2229/3517/1444
f 2222/3505/1445 2221/3504/1445 2229/3517/1445 2230/3518/1445
f 2223/3507/1446 2222/3506/1446 2230/3519/1446 2231/3511/1446
f 2228/3516/83 2227/3515/83 2235/3520/83 2236/3521/83
f 2229/3517/1447 2228/3516/1447 2236/3521/1447 2237/3522/1447
f 2230/3518/1448 2229/3517/1448 2237/3522/1448 2238/3523/1448
f 2231/3524/1449 2230/3518/1449 2238/3523/1449 2239/3525/1449
f 2232/3526/1450 2231/3527/1450 2239/3528/1450 2240/3529/1450
f 2233/3530/1451 2232/3526/1451 2240/3529/1451 2241/3531/1451
f 2234/3532/1452 2233/3530/1452 2241/3531/1452 2242/3533/1452
f 2227/3515/84 2251/3500/84 2235/3520/84
f 2240/3529/1453 2239/3528/1453 2247/3534/1453 2248/3535/1453
f 2241/3531/1454 2240/3529/1454 2248/3535/1454 2249/3536/1454
f 2242/3533/1455 2241/3531/1455 2249/3536/1455 2250/3537/1455
f 2235/3520/85 2251/3500/85 2243/3538/85
f 2236/3521/1456 2235/3520/1456 2243/3538/1456 2244/3539/1456
f 2237/3522/1457 2236/3521/1457 2244/3539/1457 2245/3540/1457
f 2238/3523/1458 2237/3522/1458 2245/3540/1458 2246/3541/1458
f 2239/3528/1459 2238/3542/1459 2246/3543/1459 2247/3534/1459
f 2245/3540/1460 2244/3539/1460 2253/3544/1460 2254/3545/1460
f 2246/3541/1461 2245/3540/1461 2254/3545/1461 2255/3546/1461
f 2247/3534/1462 2246/3543/1462 2255/3547/1462 2256/3548/1462
f 2248/3535/1463 2247/3534/1463 2256/3548/1463 2257/3549/1463
f 2249/3536/1464 2248/3535/1464 2257/3549/1464 2258/3550/1464
f 2250/3537/1465 2249/3536/1465 2258/3550/1465 2259/3551/1465
f 2243/3538/86 2251/3500/86 2252/3552/86
f 2244/3539/1466 2243/3538/1466 2252/3552/1466 2253/3544/1466
f 2258/3550/1467 2257/3549/1467 2265/3553/1467 2266/3554/1467
f 2259/3551/1468 2258/3550/1468 2266/3554/1468 2267/3555/1468
f 2252/3552/87 2251/3500/87 2260/3556/87
f 2253/3544/1469 2252/3552/1469 2260/3556/1469 2261/3557/1469
f 2254/3545/1470 2253/3544/1470 2261/3557/1470 2262/3558/1470
f 2255/3546/1471 2254/3545/1471 2262/3558/1471 2263/3559/1471
f 2256/3548/1472 2255/3547/1472 2263/3560/1472 2264/3561/1472
f 2257/3549/1473 2256/3548/1473 2264/3561/1473 2265/3553/1473
f 2262/3558/1474 2261/3557/1474 2269/3562/1474 2270/3563/1474
f 2263/3559/1475 2262/3558/1475 2270/3563/1475 2271/3564/1475
f 2264/3561/1476 2263/3560/1476 2271/3565/1476 2272/3566/1476
f 2265/3553/1477 2264/3561/1477 2272/3566/1477 2273/3567/1477
f 2266/3554/1478 2265/3553/1478 2273/3567/1478 2274/3568/1478
f 2267/3555/1479 2266/3554/1479 2274/3568/1479 2275/3569/1479
f 2260/3556/88 2251/3500/88 2268/3570/88
f 2261/3557/1480 2260/3556/1480 2268/3570/1480 2269/3562/1480
f 2274/3568/1481 2273/3567/1481 2281/3571/1481 2282/3572/1481
f 2275/3569/1482 2274/3568/1482 2282/3572/1482 2283/3573/1482
f 2268/3570/89 2251/3500/89 2276/3574/89
f 2269/3562/1483 2268/3570/1483 2276/3574/1483 2277/3575/1483
f 2270/3563/1484 2269/3562/1484 2277/3575/1484 2278/3576/1484
f 2271/3564/1485 2270/3563/1485 2278/3576/1485 2279/3577/1485
f 2272/3566/1486 2271/3565/1486 2279/3578/1486 2280/3579/1486
f 2273/3567/1487 2272/3566/1487 2280/3579/1487 2281/3571/1487
f 2279/3577/1488 2278/3576/1488 2286/3580/1488 2287/3581/1488
f 2280/3579/1489 2279/3578/1489 2287/3582/1489 2288/3583/1489
f 2281/3571/1490 2280/3579/1490 2288/3583/1490 2289/3584/1490
f 2282/3572/1491 2281/3571/1491 2289/3584/1491 2290/3585/1491
f 2283/3573/1492 2282/3572/1492 2290/3585/1492 2291/3586/1492
f 2276/3574/90 2251/3500/90 2284/3587/90
f 2277/3575/1493 2276/3574/1493 2284/3587/1493 2285/3588/1493
f 2278/3576/1494 2277/3575/1494 2285/3588/1494 2286/3580/1494
f 2291/3586/1495 2290/3585/1495 2298/3589/1495 2299/3590/1495
f 2284/3587/91 2251/3500/91 2292/3591/91
f 2285/3588/1496 2284/3587/1496 2292/3591/1496 2293/3592/1496
f 2286/3580/1497 2285/3588/1497 2293/3592/1497 2294/3593/1497
f 2287/3581/1498 2286/3580/1498 2294/3593/1498 2295/3594/1498
f 2288/3595/1499 2287/3581/1499 2295/3594/1499 2296/3596/1499
f 2289/3584/1500 2288/3583/1500 2296/3597/1500 2297/3598/1500
f 2290/3585/1501 2289/3584/1501 2297/3598/1501 2298/3589/1501
f 2296/3596/1502 2295/3594/1502 2303/3599/1502 2304/3600/1502
f 2297/3598/1503 2296/3597/1503 2304/3601/1503 2305/3602/1503
f 2298/3589/1504 2297/3598/1504 2305/3602/1504 2306/3603/1504
f 2299/3590/1505 2298/3589/1505 2306/3603/1505 2307/3604/1505
f 2292/3591/92 2251/3500/92 2300/3605/92
f 2293/3592/1506 2292/3591/1506 2300/3605/1506 2301/3606/1506
f 2294/3593/1507 2293/3592/1507 2301/3606/1507 2302/3607/1507
f 2295/3594/1508 2294/3593/1508 2302/3607/1508 2303/3599/1508
f 2300/3605/93 2251/3500/93 2308/3608/93
f 2301/3606/94 2300/3605/94 2308/3608/94 2309/3609/94
f 2302/3607/1509 2301/3606/1509 2309/3609/1509 2310/3610/1509
f 2303/3599/1510 2302/3607/1510 2310/3610/1510 2311/3611/1510
f 2304/3600/1511 2303/3599/1511 2311/3611/1511 2312/3612/1511
f 2305/3613/1512 2304/3600/1512 2312/3612/1512 2313/3614/1512
f 2306/3603/1513 2305/3602/1513 2313/3615/1513 2314/3616/1513
f 2307/3604/1514 2306/3603/1514 2314/3616/1514 2315/3617/1514
f 2312/3612/1515 2311/3611/1515 2319/3618/1515 2320/3619/1515
f 2313/3614/1516 2312/3612/1516 2320/3619/1516 2321/3620/1516
f 2314/3621/1517 2313/3622/1517 2321/3623/1517 2322/3624/1517
f 2315/3625/1518 2314/3621/1518 2322/3624/1518 2323/3626/1518
f 2308/3608/95 2251/3500/95 2316/3627/95
f 2309/3609/96 2308/3608/96 2316/3627/96 2317/3628/96
f 2310/3610/1519 2309/3609/1519 2317/3628/1519 2318/3629/1519
f 2311/3611/1520 2310/3610/1520 2318/3629/1520 2319/3618/1520
f 2317/3628/97 2316/3627/97 2324/3630/97 2325/3631/97
f 2318/3629/98 2317/3628/98 2325/3631/98 2326/3632/98
f 2319/3618/99 2318/3629/99 2326/3632/99 2327/3633/99
f 2320/3619/1521 2319/3618/1521 2327/3633/1521 2328/3634/1521
f 2321/3623/1522 2320/3635/1522 2328/3636/1522 2329/3637/1522
f 2322/3624/1523 2321/3623/1523 2329/3637/1523 2330/3638/1523
f 2323/3626/1524 2322/3624/1524 2330/3638/1524 2331/3639/1524
f 2316/3627/100 2251/3500/100 2324/3630/100
f 2329/3637/101 2328/3636/101 2336/3640/101 2337/3641/101
f 2330/3638/102 2329/3637/102 2337/3641/102 2338/3642/102
f 2331/3639/103 2330/3638/103 2338/3642/103 2339/3643/103
f 2324/3630/104 2251/3500/104 2332/3644/104
f 2325/3631/105 2324/3630/105 2332/3644/105 2333/3645/105
f 2326/3632/106 2325/3631/106 2333/3645/106 2334/3646/106
f 2327/3633/107 2326/3632/107 2334/3646/107 2335/3647/107
f 2328/3634/108 2327/3633/108 2335/3647/108 2336/3648/108
f 2333/3645/109 2332/3644/109 2340/3649/109 2341/3650/109
f 2334/3646/110 2333/3645/110 2341/3650/110 2342/3651/110
f 2335/3647/111 2334/3646/111 2342/3651/111 2343/3652/111
f 2336/3648/112 2335/3647/112 2343/3652/112 2344/3653/112
f 2337/3641/113 2336/3640/113 2344/3654/113 2345/3655/113
f 2338/3642/114 2337/3641/114 2345/3655/114 2346/3656/114
f 2339/3643/1525 2338/3642/1525 2346/3656/1525 2347/3657/1525
f 2332/3644/116 2251/3500/116 2340/3649/116
f 2345/3655/1526 2344/3654/1526 2352/3658/1526 2353/3659/1526
f 2346/3656/1527 2345/3655/1527 2353/3659/1527 2354/3660/1527
f 2347/3657/1528 2346/3656/1528 2354/3660/1528 2355/3661/1528
f 2340/3649/117 2251/3500/117 2348/3662/117
f 2341/3650/118 2340/3649/118 2348/3662/118 2349/3663/118
f 2342/3651/119 2341/3650/119 2349/3663/119 2350/3664/119
f 2343/3652/120 2342/3651/120 2350/3664/120 2351/3665/120
f 2344/3654/1529 2343/3666/1529 2351/3667/1529 2352/3658/1529
f 2350/3664/1530 2349/3663/1530 2357/3668/1530 2358/3669/1530
f 2351/3665/1531 2350/3664/1531 2358/3669/1531 2359/3670/1531
f 2352/3658/1532 2351/3667/1532 2359/3671/1532 2360/3672/1532
f 2353/3659/1533 2352/3658/1533 2360/3672/1533 2361/3673/1533
f 2354/3660/1534 2353/3659/1534 2361/3673/1534 2362/3674/1534
f 2355/3661/1535 2354/3660/1535 2362/3674/1535 2363/3675/1535
f 2348/3662/121 2251/3500/121 2356/3676/121
f 2349/3663/122 2348/3662/122 2356/3676/122 2357/3668/122
f 2362/3674/1536 2361/3673/1536 2369/3677/1536 2370/3678/1536
f 2363/3675/1537 2362/3674/1537 2370/3678/1537 2371/3679/1537
f 2356/3676/123 2251/3500/123 2364/3680/123
f 2357/3668/124 2356/3676/124 2364/3680/124 2365/3681/124
f 2358/3669/1538 2357/3668/1538 2365/3681/1538 2366/3682/1538
f 2359/3670/1539 2358/3669/1539 2366/3682/1539 2367/3683/1539
f 2360/3672/1540 2359/3671/1540 2367/3684/1540 2368/3685/1540
f 2361/3673/1541 2360/3672/1541 2368/3685/1541 2369/3677/1541
f 2367/3683/1542 2366/3682/1542 2374/3686/1542 2375/3687/1542
f 2368/3688/1543 2367/3683/1543 2375/3687/1543 2376/3689/1543
f 2369/3677/1544 2368/3685/1544 2376/3690/1544 2377/3691/1544
f 2370/3678/1545 2369/3677/1545 2377/3691/1545 2378/3692/1545
f 2371/3679/1546 2370/3678/1546 2378/3692/1546 2379/3693/1546
f 2364/3680/125 2251/3500/125 2372/3694/125
f 2365/3681/1547 2364/3680/1547 2372/3694/1547 2373/3695/1547
f 2366/3682/1548 2365/3681/1548 2373/3695/1548 2374/3686/1548
f 2379/3696/1549 2378/3697/1549 2386/3698/1549 2387/3699/1549
f 2372/3694/126 2251/3500/126 2380/3700/126
f 2373/3695/1550 2372/3694/1550 2380/3700/1550 2381/3701/1550
f 2374/3686/1551 2373/3695/1551 2381/3701/1551 2382/3702/1551
f 2375/3687/1552 2374/3686/1552 2382/3702/1552 2383/3703/1552
f 2376/3704/1553 2375/3705/1553 2383/3706/1553 2384/3707/1553
f 2377/3708/1554 2376/3704/1554 2384/3707/1554 2385/3709/1554
f 2378/3697/1555 2377/3708/1555 2385/3709/1555 2386/3698/1555
f 2383/3703/1556 2382/3702/1556 2390/3710/1556 2391/3711/1556
f 2384/3707/1557 2383/3706/1557 2391/3712/1557 2392/3713/1557
f 2385/3709/1558 2384/3707/1558 2392/3713/1558 2393/3714/1558
f 2386/3698/1559 2385/3709/1559 2393/3714/1559 2394/3715/1559
f 2387/3699/1560 2386/3698/1560 2394/3715/1560 2395/3716/1560
f 2380/3700/127 2251/3500/127 2388/3717/127
f 2381/3701/1561 2380/3700/1561 2388/3717/1561 2389/3718/1561
f 2382/3702/1562 2381/3701/1562 2389/3718/1562 2390/3710/1562
f 2395/3716/1563 2394/3715/1563 2402/3719/1563 2403/3720/1563
f 2388/3717/128 2251/3500/128 2396/3721/128
f 2389/3718/1564 2388/3717/1564 2396/3721/1564 2397/3722/1564
f 2390/3710/1565 2389/3718/1565 2397/3722/1565 2398/3723/1565
f 2391/3711/1566 2390/3710/1566 2398/3723/1566 2399/3724/1566
f 2392/3713/1567 2391/3712/1567 2399/3725/1567 2400/3726/1567
f 2393/3714/1568 2392/3713/1568 2400/3726/1568 2401/3727/1568
f 2394/3715/1569 2393/3714/1569 2401/3727/1569 2402/3719/1569
f 2400/3726/1570 2399/3725/1570 2407/3728/1570 2408/3729/1570
f 2401/3727/1571 2400/3726/1571 2408/3729/1571 2409/3730/1571
f 2402/3719/1572 2401/3727/1572 2409/3730/1572 2410/3731/1572
f 2403/3720/1573 2402/3719/1573 2410/3731/1573 2411/3732/1573
f 2396/3721/129 2251/3500/129 2404/3733/129
f 2397/3722/1574 2396/3721/1574 2404/3733/1574 2405/3734/1574
f 2398/3723/1575 2397/3722/1575 2405/3734/1575 2406/3735/1575
f 2399/3724/1576 2398/3723/1576 2406/3735/1576 2407/3736/1576
f 2404/3733/130 2251/3500/130 2412/3737/130
f 2405/3734/1577 2404/3733/1577 2412/3737/1577 2413/3738/1577
f 2406/3735/1578 2405/3734/1578 2413/3738/1578 2414/3739/1578
f 2407/3736/1579 2406/3735/1579 2414/3739/1579 2415/3740/1579
f 2408/3729/1580 2407/3728/1580 2415/3741/1580 2416/3742/1580
f 2409/3730/1581 2408/3729/1581 2416/3742/1581 2417/3743/1581
f 2410/3731/1582 2409/3730/1582 2417/3743/1582 2418/3744/1582
f 2411/3732/1583 2410/3731/1583 2418/3744/1583 2419/3745/1583
f 2416/3742/1584 2415/3741/1584 2423/3746/1584 2424/3747/1584
f 2417/3743/1585 2416/3742/1585 2424/3747/1585 2425/3748/1585
f 2418/3744/1586 2417/3743/1586 2425/3748/1586 2426/3749/1586
f 2419/3745/1587 2418/3744/1587 2426/3749/1587 2427/3750/1587
f 2412/3737/131 2251/3500/131 2420/3751/131
f 2413/3738/1588 2412/3737/1588 2420/3751/1588 2421/3752/1588
f 2414/3739/1589 2413/3738/1589 2421/3752/1589 2422/3753/1589
f 2415/3740/1590 2414/3739/1590 2422/3753/1590 2423/3754/1590
f 2421/3752/1591 2420/3751/1591 2428/3755/1591 2429/3756/1591
f 2422/3753/1592 2421/3752/1592 2429/3756/1592 2430/3757/1592
f 2423/3754/1593 2422/3753/1593 2430/3757/1593 2431/3758/1593
f 2424/3759/1594 2423/3760/1594 2431/3761/1594 2432/3762/1594
f 2425/3763/1595 2424/3759/1595 2432/3762/1595 2433/3764/1595
f 2426/3765/1596 2425/3763/1596 2433/3764/1596 2434/3766/1596
f 2427/3767/1597 2426/3765/1597 2434/3766/1597 2435/3768/1597
f 2420/3751/132 2251/3500/132 2428/3755/132
f 2433/3764/1598 2432/3762/1598 2440/3769/1598 2441/3770/1598
f 2434/3766/1599 2433/3764/1599 2441/3770/1599 2442/3771/1599
f 2435/3768/1600 2434/3766/1600 2442/3771/1600 2443/3772/1600
f 2428/3755/133 2251/3500/133 2436/3773/133
f 2429/3756/1601 2428/3755/1601 2436/3773/1601 2437/3774/1601
f 2430/3757/1602 2429/3756/1602 2437/3774/1602 2438/3775/1602
f 2431/3758/1603 2430/3757/1603 2438/3775/1603 2439/3776/1603
f 2432/3762/1604 2431/3761/1604 2439/3777/1604 2440/3769/1604
f 2438/3775/1605 2437/3774/1605 2445/3778/1605 2446/3779/1605
f 2439/3777/1606 2438/3780/1606 2446/3781/1606 2447/3782/1606
f 2440/3769/1607 2439/3777/1607 2447/3782/1607 2448/3783/1607
f 2441/3770/1608 2440/3769/1608 2448/3783/1608 2449/3784/1608
f 2442/3771/1609 2441/3770/1609 2449/3784/1609 2450/3785/1609
f 2443/3772/1610 2442/3771/1610 2450/3785/1610 2451/3786/1610
f 2436/3773/135 2251/3500/135 2444/3787/135
f 2437/3774/136 2436/3773/136 2444/3787/136 2445/3778/136
f 2450/3785/1611 2449/3784/1611 2457/3788/1611 2458/3789/1611
f 2218/3790/1 2226/3791/1 2234/3792/1 2242/3793/1 2250/3794/1 2259/3795/1 2267/3796/1 2275/3797/1 2283/3798/1 2291/3799/1 2299/3800/1 2307/3801/1 2315/3802/1 2323/3803/1 2331/3804/1 2339/3805/1 2347/3806/1 2355/3807/1 2363/3808/1 2371/3809/1 2379/3810/1 2387/3811/1 2395/3812/1 2403/3813/1 2411/3814/1 2419/3815/1 2427/3816/1 2435/3817/1 2443/3818/1 2451/3819/1 2459/3820/1 2210/3821/1
f 2451/3786/1612 2450/3785/1612 2458/3789/1612 2459/3822/1612
f 2444/3787/138 2251/3500/138 2452/3823/138
f 2445/3778/139 2444/3787/139 2452/3823/139 2453/3824/139
f 2446/3779/1613 2445/3778/1613 2453/3824/1613 2454/3825/1613
f 2447/3782/141 2446/3781/141 2454/3826/141 2455/3827/141
f 2448/3783/1614 2447/3782/1614 2455/3827/1614 2456/3828/1614
f 2449/3784/1615 2448/3783/1615 2456/3828/1615 2457/3788/1615
f 2454/3825/142 2453/3824/142 2461/3484/142 2207/3483/142
f 2455/3827/143 2454/3826/143 2207/3829/143 2462/3490/143
f 2456/3828/144 2455/3827/144 2462/3490/144 2208/3489/144
f 2457/3788/145 2456/3828/145 2208/3489/145 2463/3493/145
f 2458/3789/146 2457/3788/146 2463/3493/146 2209/3495/146
f 2459/3822/147 2458/3789/147 2209/3495/147 2210/3497/147
f 2452/3823/1616 2251/3500/1616 2460/3499/1616
f 2453/3824/149 2452/3823/149 2460/3499/149 2461/3484/149
f 2464/3830/1617 2496/3831/1617 2465/3832/1617
f 2465/3832/1618 2496/3831/1618 2466/3833/1618
f 2466/3833/1619 2496/3831/1619 2467/3834/1619
f 2467/3835/1620 2496/3836/1620 2468/3837/1620
f 2468/3837/1621 2496/3836/1621 2469/3838/1621
f 2469/3838/1622 2496/3836/1622 2470/3839/1622
f 2470/3839/1623 2496/3836/1623 2471/3840/1623
f 2471/3840/1624 2496/3836/1624 2472/3841/1624
f 2472/3841/1625 2496/3836/1625 2473/3842/1625
f 2473/3842/1626 2496/3836/1626 2474/3843/1626
f 2474/3843/1627 2496/3836/1627 2475/3844/1627
f 2475/3844/1628 2496/3836/1628 2476/3845/1628
f 2476/3846/1629 2496/3847/1629 2477/3848/1629
f 2477/3849/1630 2496/3850/1630 2478/3851/1630
f 2478/3851/1631 2496/3850/1631 2479/3852/1631
f 2479/3852/1632 2496/3850/1632 2480/3853/1632
f 2480/3853/1633 2496/3850/1633 2481/3854/1633
f 2481/3854/1634 2496/3850/1634 2482/3855/1634
f 2482/3855/1635 2496/3850/1635 2483/3856/1635
f 2483/3856/1636 2496/3850/1636 2484/3857/1636
f 2484/3857/1637 2496/3850/1637 2485/3858/1637
f 2485/3859/1638 2496/3860/1638 2486/3861/1638
f 2486/3861/1639 2496/3860/1639 2487/3862/1639
f 2487/3862/1640 2496/3860/1640 2488/3863/1640
f 2488/3863/1641 2496/3860/1641 2489/3864/1641
f 2489/3864/1642 2496/3860/1642 2490/3865/1642
f 2490/3865/1643 2496/3860/1643 2491/3866/1643
f 2491/3867/1644 2496/3831/1644 2492/3868/1644
f 2492/3868/1645 2496/3831/1645 2493/3869/1645
f 2493/3869/1646 2496/3831/1646 2494/3870/1646
f 2464/3871/1 2465/3872/1 2466/3873/1 2467/3874/1 2468/3875/1 2469/3876/1 2470/3877/1 2471/3878/1 2472/3879/1 2473/3880/1 2474/3881/1 2475/3882/1 2476/3883/1 2477/3884/1 2478/3885/1 2479/3886/1 2480/3887/1 2481/3888/1 2482/3889/1 2483/3890/1 2484/3891/1 2485/3892/1 2486/3893/1 2487/3894/1 2488/3895/1 2489/3896/1 2490/3897/1 2491/3898/1 2492/3899/1 2493/3900/1 2494/3901/1 2495/3902/1
f 2494/3870/1647 2496/3831/1647 2495/3903/1647
f 2495/3903/1648 2496/3831/1648 2464/3830/1648
f 2497/3904/1649 2529/3905/1649 2498/3906/1649
f 2498/3906/1650 2529/3905/1650 2499/3907/1650
f 2499/3907/1651 2529/3905/1651 2500/3908/1651
f 2500/3908/1652 2529/3905/1652 2501/3909/1652
f 2501/3910/1653 2529/3911/1653 2502/3912/1653
f 2502/3912/1654 2529/3911/1654 2503/3913/1654
f 2503/3913/1655 2529/3911/1655 2504/3914/1655
f 2504/3914/1656 2529/3911/1656 2505/3915/1656
f 2505/3915/1657 2529/3911/1657 2506/3916/1657
f 2506/3916/1658 2529/3911/1658 2507/3917/1658
f 2507/3917/1659 2529/3911/1659 2508/3918/1659
f 2508/3918/1660 2529/3911/1660 2509/3919/1660
f 2509/3919/1661 2529/3911/1661 2510/3920/1661
f 2510/3921/1662 2529/3922/1662 2511/3923/1662
f 2511/3923/1663 2529/3922/1663 2512/3924/1663
f 2512/3924/1664 2529/3922/1664 2513/3925/1664
f 2513/3925/1665 2529/3922/1665 2514/3926/1665
f 2514/3926/1666 2529/3922/1666 2515/3927/1666
f 2515/3927/1667 2529/3922/1667 2516/3928/1667
f 2516/3928/1668 2529/3922/1668 2517/3929/1668
f 2517/3930/1669 2529/3931/1669 2518/3932/1669
f 2518/3932/1670 2529/3931/1670 2519/3933/1670
f 2519/3933/1671 2529/3931/1671 2520/3934/1671
f 2520/3934/1672 2529/3931/1672 2521/3935/1672
f 2521/3935/1673 2529/3931/1673 2522/3936/1673
f 2522/3936/1674 2529/3931/1674 2523/3937/1674
f 2523/3937/1675 2529/3931/1675 2524/3938/1675
f 2524/3939/1676 2529/3905/1676 2525/3940/1676
f 2525/3940/1677 2529/3905/1677 2526/3941/1677
f 2526/3941/1678 2529/3905/1678 2527/3942/1678
f 2515/3927/1679 2516/3928/1679 2549/3943/1679 2548/3944/1679
f 2527/3942/1680 2529/3905/1680 2528/3945/1680
f 2528/3945/1681 2529/3905/1681 2497/3904/1681
f 2553/3946/1682 2554/3947/1682 2586/3948/1682 2585/3949/1682
f 2522/3936/1683 2523/3937/1683 2556/3950/1683 2555/3951/1683
f 2502/3952/1684 2503/3953/1684 2536/3954/1684 2535/3955/1684
f 2509/3956/1685 2510/3957/1685 2543/3958/1685 2542/3959/1685
f 2516/3928/1686 2517/3929/1686 2550/3960/1686 2549/3943/1686
f 2523/3937/1687 2524/3938/1687 2557/3961/1687 2556/3950/1687
f 2503/3953/1688 2504/3962/1688 2537/3963/1688 2536/3954/1688
f 2497/3904/1689 2498/3906/1689 2531/3964/1689 2530/3965/1689
f 2510/3921/1690 2511/3923/1690 2544/3966/1690 2543/3967/1690
f 2517/3929/1691 2518/3968/1691 2551/3969/1691 2550/3960/1691
f 2524/3939/1692 2525/3940/1692 2558/3970/1692 2557/3971/1692
f 2504/3962/1693 2505/3972/1693 2538/3973/1693 2537/3963/1693
f 2511/3923/1694 2512/3924/1694 2545/3974/1694 2544/3966/1694
f 2518/3932/1695 2519/3933/1695 2552/3975/1695 2551/3976/1695
f 2498/3906/1696 2499/3907/1696 2532/3977/1696 2531/3964/1696
f 2525/3940/1697 2526/3941/1697 2559/3978/1697 2558/3970/1697
f 2505/3972/1698 2506/3979/1698 2539/3980/1698 2538/3973/1698
f 2512/3924/1699 2513/3925/1699 2546/3981/1699 2545/3974/1699
f 2519/3933/1700 2520/3934/1700 2553/3946/1700 2552/3975/1700
f 2499/3907/1701 2500/3908/1701 2533/3982/1701 2532/3977/1701
f 2526/3941/1702 2527/3942/1702 2560/3983/1702 2559/3978/1702
f 2506/3979/1703 2507/3984/1703 2540/3985/1703 2539/3980/1703
f 2513/3925/1704 2514/3926/1704 2547/3986/1704 2546/3981/1704
f 2520/3934/1705 2521/3935/1705 2554/3947/1705 2553/3946/1705
f 2500/3908/1706 2501/3909/1706 2534/3987/1706 2533/3982/1706
f 2527/3942/1707 2528/3945/1707 2561/3988/1707 2560/3983/1707
f 2507/3984/1708 2508/3989/1708 2541/3990/1708 2540/3985/1708
f 2514/3926/1709 2515/3927/1709 2548/3944/1709 2547/3986/1709
f 2521/3935/1710 2522/3936/1710 2555/3951/1710 2554/3947/1710
f 2501/3991/1711 2502/3952/1711 2535/3955/1711 2534/3992/1711
f 2528/3945/1712 2497/3904/1712 2530/3965/1712 2561/3988/1712
f 2508/3989/1713 2509/3956/1713 2542/3959/1713 2541/3990/1713
f 2588/3993/1714 2589/3994/1714 2621/3995/1714 2620/3996/1714
f 2540/3985/1715 2541/3990/1715 2573/3997/1715 2572/3998/1715
f 2554/3947/1716 2555/3951/1716 2587/3999/1716 2586/3948/1716
f 2541/3990/1717 2542/3959/1717 2574/4000/1717 2573/3997/1717
f 2555/3951/1718 2556/3950/1718 2588/4001/1718 2587/3999/1718
f 2542/3959/1719 2543/3958/1719 2575/4002/1719 2574/4000/1719
f 2556/3950/1720 2557/3961/1720 2589/4003/1720 2588/4001/1720
f 2543/3967/1721 2544/3966/1721 2576/4004/1721 2575/4005/1721
f 2530/3965/1722 2531/3964/1722 2563/4006/1722 2562/4007/1722
f 2557/3971/1723 2558/3970/1723 2590/4008/1723 2589/4009/1723
f 2544/3966/1724 2545/3974/1724 2577/4010/1724 2576/4004/1724
f 2531/3964/1725 2532/3977/1725 2564/4011/1725 2563/4006/1725
f 2558/3970/1726 2559/3978/1726 2591/4012/1726 2590/4008/1726
f 2545/3974/1727 2546/3981/1727 2578/4013/1727 2577/4010/1727
f 2532/3977/1728 2533/3982/1728 2565/4014/1728 2564/4011/1728
f 2559/3978/1729 2560/3983/1729 2592/4015/1729 2591/4012/1729
f 2546/3981/1730 2547/3986/1730 2579/4016/1730 2578/4013/1730
f 2533/3982/1731 2534/3987/1731 2566/4017/1731 2565/4014/1731
f 2560/3983/1732 2561/3988/1732 2593/4018/1732 2592/4015/1732
f 2547/3986/1733 2548/3944/1733 2580/4019/1733 2579/4016/1733
f 2534/3992/1734 2535/3955/1734 2567/4020/1734 2566/4021/1734
f 2561/3988/1735 2530/3965/1735 2562/4007/1735 2593/4018/1735
f 2548/3944/1736 2549/3943/1736 2581/4022/1736 2580/4019/1736
f 2535/3955/1737 2536/3954/1737 2568/4023/1737 2567/4020/1737
f 2549/3943/1738 2550/3960/1738 2582/4024/1738 2581/4022/1738
f 2536/3954/1739 2537/3963/1739 2569/4025/1739 2568/4023/1739
f 2550/3960/1740 2551/3969/1740 2583/4026/1740 2582/4024/1740
f 2537/3963/1741 2538/3973/1741 2570/4027/1741 2569/4025/1741
f 2551/3976/1742 2552/3975/1742 2584/4028/1742 2583/4029/1742
f 2538/3973/1743 2539/3980/1743 2571/4030/1743 2570/4027/1743
f 2552/3975/1744 2553/3946/1744 2585/3949/1744 2584/4028/1744
f 2539/3980/1745 2540/3985/1745 2572/3998/1745 2571/4030/1745
f 2620/3996/1746 2621/3995/1746 2653/4031/1746 2652/4032/1746
f 2575/4005/1747 2576/4004/1747 2608/4033/1747 2607/4034/1747
f 2562/4007/1748 2563/4006/1748 2595/4035/1748 2594/4036/1748
f 2589/4009/1749 2590/4008/1749 2622/4037/1749 2621/4038/1749
f 2576/4004/1750 2577/4010/1750 2609/4039/1750 2608/4033/1750
f 2563/4006/1751 2564/4011/1751 2596/4040/1751 2595/4035/1751
f 2590/4008/1752 2591/4012/1752 2623/4041/1752 2622/4037/1752
f 2577/4010/1753 2578/4013/1753 2610/4042/1753 2609/4039/1753
f 2564/4011/1754 2565/4014/1754 2597/4043/1754 2596/4040/1754
f 2591/4012/1755 2592/4015/1755 2624/4044/1755 2623/4041/1755
f 2578/4013/1756 2579/4016/1756 2611/4045/1756 2610/4042/1756
f 2565/4014/1757 2566/4017/1757 2598/4046/1757 2597/4043/1757
f 2592/4015/1758 2593/4018/1758 2625/4047/1758 2624/4044/1758
f 2579/4016/1759 2580/4019/1759 2612/4048/1759 2611/4045/1759
f 2566/4021/1760 2567/4020/1760 2599/4049/1760 2598/4050/1760
f 2593/4018/1761 2562/4007/1761 2594/4036/1761 2625/4047/1761
f 2580/4019/1762 2581/4022/1762 2613/4051/1762 2612/4048/1762
f 2567/4020/1763 2568/4023/1763 2600/4052/1763 2599/4049/1763
f 2581/4022/1764 2582/4024/1764 2614/4053/1764 2613/4051/1764
f 2568/4023/1765 2569/4025/1765 2601/4054/1765 2600/4052/1765
f 2582/4024/1766 2583/4026/1766 2615/4055/1766 2614/4053/1766
f 2569/4025/1767 2570/4027/1767 2602/4056/1767 2601/4054/1767
f 2583/4026/1768 2584/4057/1768 2616/4058/1768 2615/4055/1768
f 2570/4027/1769 2571/4030/1769 2603/4059/1769 2602/4056/1769
f 2584/4060/1770 2585/4061/1770 2617/4062/1770 2616/4063/1770
f 2571/4030/1771 2572/3998/1771 2604/4064/1771 2603/4059/1771
f 2585/4061/1772 2586/4065/1772 2618/4066/1772 2617/4062/1772
f 2572/3998/1773 2573/3997/1773 2605/4067/1773 2604/4064/1773
f 2586/4065/1774 2587/4068/1774 2619/4069/1774 2618/4066/1774
f 2573/3997/1775 2574/4000/1775 2606/4070/1775 2605/4067/1775
f 2587/4068/1776 2588/3993/1776 2620/3996/1776 2619/4069/1776
f 2574/4000/1777 2575/4002/1777 2607/4071/1777 2606/4070/1777
f 2626/4072/67 2627/4073/67 2628/4074/67 2629/4075/67 2630/4076/67 2631/4077/67 2632/4078/67 2633/4079/67 2634/4080/67 2635/4081/67 2636/4082/67 2637/4083/67 2638/4084/67 2639/4085/67 2640/4086/67 2641/4087/67 2642/4088/67 2643/4089/67 2644/4090/67 2645/4091/67 2646/4092/67 2647/4093/67 2648/4094/67 2649/4095/67 2650/4096/67 2651/4097/67 2652/4098/67 2653/4099/67 2654/4100/67 2655/4101/67 2656/4102/67 2657/4103/67
f 2607/4034/1778 2608/4033/1778 2640/4104/1778 2639/4105/1778
f 2594/4036/1779 2595/4035/1779 2627/4106/1779 2626/4107/1779
f 2621/3995/1780 2622/4108/1780 2654/4109/1780 2653/4031/1780
f 2608/4033/1781 2609/4039/1781 2641/4110/1781 2640/4104/1781
f 2595/4035/1782 2596/4040/1782 2628/4111/1782 2627/4106/1782
f 2622/4037/1783 2623/4041/1783 2655/4112/1783 2654/4113/1783
f 2609/4039/1784 2610/4042/1784 2642/4114/1784 2641/4110/1784
f 2596/4040/1785 2597/4043/1785 2629/4115/1785 2628/4111/1785
f 2623/4041/1786 2624/4044/1786 2656/4116/1786 2655/4112/1786
f 2610/4042/1787 2611/4045/1787 2643/4117/1787 2642/4114/1787
f 2597/4043/1788 2598/4046/1788 2630/4118/1788 2629/4115/1788
f 2624/4044/1789 2625/4047/1789 2657/4119/1789 2656/4116/1789
f 2611/4045/1790 2612/4048/1790 2644/4120/1790 2643/4117/1790
f 2598/4050/1791 2599/4049/1791 2631/4121/1791 2630/4122/1791
f 2625/4047/1792 2594/4036/1792 2626/4107/1792 2657/4119/1792
f 2612/4048/1793 2613/4051/1793 2645/4123/1793 2644/4120/1793
f 2599/4049/1794 2600/4052/1794 2632/4124/1794 2631/4121/1794
f 2613/4051/1795 2614/4053/1795 2646/4125/1795 2645/4123/1795
f 2600/4052/1796 2601/4054/1796 2633/4126/1796 2632/4124/1796
f 2614/4053/1797 2615/4055/1797 2647/4127/1797 2646/4125/1797
f 2601/4054/1798 2602/4056/1798 2634/4128/1798 2633/4126/1798
f 2615/4129/1799 2616/4063/1799 2648/4130/1799 2647/4131/1799
f 2602/4056/1800 2603/4059/1800 2635/4132/1800 2634/4128/1800
f 2616/4063/1801 2617/4062/1801 2649/4133/1801 2648/4130/1801
f 2603/4059/1802 2604/4064/1802 2636/4134/1802 2635/4132/1802
f 2617/4062/1803 2618/4066/1803 2650/4135/1803 2649/4133/1803
f 2604/4064/1804 2605/4067/1804 2637/4136/1804 2636/4134/1804
f 2618/4066/1805 2619/4069/1805 2651/4137/1805 2650/4135/1805
f 2605/4067/1806 2606/4070/1806 2638/4138/1806 2637/4136/1806
f 2619/4069/1807 2620/3996/1807 2652/4032/1807 2651/4137/1807
f 2606/4070/1808 2607/4071/1808 2639/4139/1808 2638/4138/1808
f 2658/4140/1809 2690/4141/1809 2659/4142/1809
f 2659/4142/1810 2690/4141/1810 2660/4143/1810
f 2660/4143/1811 2690/4141/1811 2661/4144/1811
f 2661/4144/1812 2690/4141/1812 2662/4145/1812
f 2662/4146/1813 2690/4147/1813 2663/4148/1813
f 2663/4148/1814 2690/4147/1814 2664/4149/1814
f 2664/4149/1815 2690/4147/1815 2665/4150/1815
f 2665/4150/1816 2690/4147/1816 2666/4151/1816
f 2666/4151/1817 2690/4147/1817 2667/4152/1817
f 2667/4152/1818 2690/4147/1818 2668/4153/1818
f 2668/4153/1819 2690/4147/1819 2669/4154/1819
f 2669/4155/1820 2690/4156/1820 2670/4157/1820
f 2670/4157/1821 2690/4156/1821 2671/4158/1821
f 2671/4159/1822 2690/4160/1822 2672/4161/1822
f 2672/4161/1823 2690/4160/1823 2673/4162/1823
f 2673/4162/1824 2690/4160/1824 2674/4163/1824
f 2674/4163/1825 2690/4160/1825 2675/4164/1825
f 2675/4164/1826 2690/4160/1826 2676/4165/1826
f 2676/4165/1827 2690/4160/1827 2677/4166/1827
f 2677/4166/1828 2690/4160/1828 2678/4167/1828
f 2678/4167/1829 2690/4160/1829 2679/4168/1829
f 2679/4169/1830 2690/4170/1830 2680/4171/1830
f 2680/4171/1831 2690/4170/1831 2681/4172/1831
f 2681/4172/1832 2690/4170/1832 2682/4173/1832
f 2682/4173/1833 2690/4170/1833 2683/4174/1833
f 2683/4174/1834 2690/4170/1834 2684/4175/1834
f 2684/4175/1835 2690/4170/1835 2685/4176/1835
f 2685/4177/1836 2690/4141/1836 2686/4178/1836
f 2686/4178/1837 2690/4141/1837 2687/4179/1837
f 2687/4179/1838 2690/4141/1838 2688/4180/1838
f 2676/4165/1839 2677/4166/1839 2710/4181/1839 2709/4182/1839
f 2688/4180/1840 2690/4141/1840 2689/4183/1840
f 2689/4183/1841 2690/4141/1841 2658/4140/1841
f 2714/4184/1842 2715/4185/1842 2747/4186/1842 2746/4187/1842
f 2683/4174/1843 2684/4175/1843 2717/4188/1843 2716/4189/1843
f 2663/4190/1844 2664/4191/1844 2697/4192/1844 2696/4193/1844
f 2670/4157/1845 2671/4158/1845 2704/4194/1845 2703/4195/1845
f 2677/4166/1846 2678/4167/1846 2711/4196/1846 2710/4181/1846
f 2684/4175/1847 2685/4176/1847 2718/4197/1847 2717/4188/1847
f 2664/4191/1848 2665/4198/1848 2698/4199/1848 2697/4192/1848
f 2658/4140/1849 2659/4142/1849 2692/4200/1849 2691/4201/1849
f 2671/4159/1850 2672/4161/1850 2705/4202/1850 2704/4203/1850
f 2678/4167/1851 2679/4168/1851 2712/4204/1851 2711/4196/1851
f 2685/4177/1852 2686/4178/1852 2719/4205/1852 2718/4206/1852
f 2665/4198/1853 2666/4207/1853 2699/4208/1853 2698/4199/1853
f 2672/4161/1854 2673/4162/1854 2706/4209/1854 2705/4202/1854
f 2679/4169/1855 2680/4171/1855 2713/4210/1855 2712/4211/1855
f 2659/4142/1856 2660/4143/1856 2693/4212/1856 2692/4200/1856
f 2686/4178/1857 2687/4179/1857 2720/4213/1857 2719/4205/1857
f 2666/4207/1858 2667/4214/1858 2700/4215/1858 2699/4208/1858
f 2673/4162/1859 2674/4163/1859 2707/4216/1859 2706/4209/1859
f 2680/4171/1860 2681/4172/1860 2714/4184/1860 2713/4210/1860
f 2660/4143/1861 2661/4144/1861 2694/4217/1861 2693/4212/1861
f 2687/4179/1862 2688/4180/1862 2721/4218/1862 2720/4213/1862
f 2667/4214/1863 2668/4219/1863 2701/4220/1863 2700/4215/1863
f 2674/4163/1864 2675/4164/1864 2708/4221/1864 2707/4216/1864
f 2681/4172/1865 2682/4173/1865 2715/4185/1865 2714/4184/1865
f 2661/4144/1866 2662/4145/1866 2695/4222/1866 2694/4217/1866
f 2688/4180/1867 2689/4183/1867 2722/4223/1867 2721/4218/1867
f 2668/4219/1868 2669/4155/1868 2702/4224/1868 2701/4220/1868
f 2675/4164/1869 2676/4165/1869 2709/4182/1869 2708/4221/1869
f 2682/4173/1870 2683/4174/1870 2716/4189/1870 2715/4185/1870
f 2662/4225/1871 2663/4190/1871 2696/4193/1871 2695/4226/1871
f 2689/4183/1872 2658/4140/1872 2691/4201/1872 2722/4223/1872
f 2669/4155/1873 2670/4157/1873 2703/4195/1873 2702/4224/1873
f 2749/4227/1874 2750/4228/1874 2782/4229/1874 2781/4230/1874
f 2701/4220/1875 2702/4224/1875 2734/4231/1875 2733/4232/1875
f 2715/4185/1876 2716/4189/1876 2748/4233/1876 2747/4186/1876
f 2702/4224/1877 2703/4195/1877 2735/4234/1877 2734/4231/1877
f 2716/4189/1878 2717/4188/1878 2749/4235/1878 2748/4233/1878
f 2703/4195/1879 2704/4194/1879 2736/4236/1879 2735/4234/1879
f 2717/4188/1880 2718/4197/1880 2750/4237/1880 2749/4235/1880
f 2704/4203/1881 2705/4202/1881 2737/4238/1881 2736/4239/1881
f 2691/4201/1882 2692/4200/1882 2724/4240/1882 2723/4241/1882
f 2718/4206/1883 2719/4205/1883 2751/4242/1883 2750/4243/1883
f 2705/4202/1884 2706/4209/1884 2738/4244/1884 2737/4238/1884
f 2692/4200/1885 2693/4212/1885 2725/4245/1885 2724/4240/1885
f 2719/4205/1886 2720/4213/1886 2752/4246/1886 2751/4242/1886
f 2706/4209/1887 2707/4216/1887 2739/4247/1887 2738/4244/1887
f 2693/4212/1888 2694/4217/1888 2726/4248/1888 2725/4245/1888
f 2720/4213/1889 2721/4218/1889 2753/4249/1889 2752/4246/1889
f 2707/4216/1890 2708/4221/1890 2740/4250/1890 2739/4247/1890
f 2694/4217/1891 2695/4222/1891 2727/4251/1891 2726/4248/1891
f 2721/4218/1892 2722/4223/1892 2754/4252/1892 2753/4249/1892
f 2708/4221/1893 2709/4182/1893 2741/4253/1893 2740/4250/1893
f 2695/4226/1894 2696/4193/1894 2728/4254/1894 2727/4255/1894
f 2722/4223/1895 2691/4201/1895 2723/4241/1895 2754/4252/1895
f 2709/4182/1896 2710/4181/1896 2742/4256/1896 2741/4253/1896
f 2696/4193/1897 2697/4192/1897 2729/4257/1897 2728/4254/1897
f 2710/4181/1898 2711/4196/1898 2743/4258/1898 2742/4256/1898
f 2697/4192/1899 2698/4199/1899 2730/4259/1899 2729/4257/1899
f 2711/4196/1900 2712/4204/1900 2744/4260/1900 2743/4258/1900
f 2698/4199/1901 2699/4208/1901 2731/4261/1901 2730/4259/1901
f 2712/4204/1902 2713/4262/1902 2745/4263/1902 2744/4260/1902
f 2699/4208/1903 2700/4215/1903 2732/4264/1903 2731/4261/1903
f 2713/4210/1904 2714/4184/1904 2746/4187/1904 2745/4265/1904
f 2700/4215/1905 2701/4220/1905 2733/4232/1905 2732/4264/1905
f 2781/4230/1906 2782/4229/1906 2814/4266/1906 2813/4267/1906
f 2736/4239/1907 2737/4238/1907 2769/4268/1907 2768/4269/1907
f 2723/4241/1908 2724/4240/1908 2756/4270/1908 2755/4271/1908
f 2750/4228/1909 2751/4272/1909 2783/4273/1909 2782/4229/1909
f 2737/4238/1910 2738/4244/1910 2770/4274/1910 2769/4268/1910
f 2724/4240/1911 2725/4245/1911 2757/4275/1911 2756/4270/1911
f 2751/4242/1912 2752/4246/1912 2784/4276/1912 2783/4277/1912
f 2738/4244/1913 2739/4247/1913 2771/4278/1913 2770/4274/1913
f 2725/4245/1914 2726/4248/1914 2758/4279/1914 2757/4275/1914
f 2752/4246/1915 2753/4249/1915 2785/4280/1915 2784/4276/1915
f 2739/4247/1916 2740/4250/1916 2772/4281/1916 2771/4278/1916
f 2726/4248/1917 2727/4251/1917 2759/4282/1917 2758/4279/1917
f 2753/4249/1918 2754/4252/1918 2786/4283/1918 2785/4280/1918
f 2740/4250/1919 2741/4253/1919 2773/4284/1919 2772/4281/1919
f 2727/4255/1920 2728/4254/1920 2760/4285/1920 2759/4286/1920
f 2754/4252/1921 2723/4241/1921 2755/4271/1921 2786/4283/1921
f 2741/4253/1922 2742/4256/1922 2774/4287/1922 2773/4284/1922
f 2728/4254/1923 2729/4257/1923 2761/4288/1923 2760/4285/1923
f 2742/4256/1924 2743/4258/1924 2775/4289/1924 2774/4287/1924
f 2729/4257/1925 2730/4259/1925 2762/4290/1925 2761/4288/1925
f 2743/4258/1926 2744/4260/1926 2776/4291/1926 2775/4289/1926
f 2730/4259/1927 2731/4261/1927 2763/4292/1927 2762/4290/1927
f 2744/4260/1928 2745/4263/1928 2777/4293/1928 2776/4291/1928
f 2731/4261/1929 2732/4264/1929 2764/4294/1929 2763/4292/1929
f 2745/4295/1930 2746/4296/1930 2778/4297/1930 2777/4298/1930
f 2732/4264/1931 2733/4232/1931 2765/4299/1931 2764/4294/1931
f 2746/4296/1932 2747/4300/1932 2779/4301/1932 2778/4297/1932
f 2733/4232/1933 2734/4231/1933 2766/4302/1933 2765/4299/1933
f 2747/4300/1934 2748/4303/1934 2780/4304/1934 2779/4301/1934
f 2734/4231/1935 2735/4234/1935 2767/4305/1935 2766/4302/1935
f 2748/4303/1936 2749/4227/1936 2781/4230/1936 2780/4304/1936
f 2735/4234/1937 2736/4236/1937 2768/4306/1937 2767/4305/1937
f 2787/4307/67 2788/4308/67 2789/4309/67 2790/4310/67 2791/4311/67 2792/4312/67 2793/4313/67 2794/4314/67 2795/4315/67 2796/4316/67 2797/4317/67 2798/4318/67 2799/4319/67 2800/4320/67 2801/4321/67 2802/4322/67 2803/4323/67 2804/4324/67 2805/4325/67 2806/4326/67 2807/4327/67 2808/4328/67 2809/4329/67 2810/4330/67 2811/4331/67 2812/4332/67 2813/4333/67 2814/4334/67 2815/4335/67 2816/4336/67 2817/4337/67 2818/4338/67
f 2768/4269/1938 2769/4268/1938 2801/4339/1938 2800/4340/1938
f 2755/4271/1939 2756/4270/1939 2788/4341/1939 2787/4342/1939
f 2782/4229/1940 2783/4273/1940 2815/4343/1940 2814/4266/1940
f 2769/4268/1941 2770/4274/1941 2802/4344/1941 2801/4339/1941
f 2756/4270/1942 2757/4275/1942 2789/4345/1942 2788/4341/1942
f 2783/4277/1943 2784/4276/1943 2816/4346/1943 2815/4347/1943
f 2770/4274/1944 2771/4278/1944 2803/4348/1944 2802/4344/1944
f 2757/4275/1945 2758/4279/1945 2790/4349/1945 2789/4345/1945
f 2784/4276/1946 2785/4280/1946 2817/4350/1946 2816/4346/1946
f 2771/4278/1947 2772/4281/1947 2804/4351/1947 2803/4348/1947
f 2758/4279/1948 2759/4282/1948 2791/4352/1948 2790/4349/1948
f 2785/4280/1949 2786/4283/1949 2818/4353/1949 2817/4350/1949
f 2772/4281/1950 2773/4284/1950 2805/4354/1950 2804/4351/1950
f 2759/4286/1951 2760/4285/1951 2792/4355/1951 2791/4356/1951
f 2786/4283/1952 2755/4271/1952 2787/4342/1952 2818/4353/1952
f 2773/4284/1953 2774/4287/1953 2806/4357/1953 2805/4354/1953
f 2760/4285/1954 2761/4288/1954 2793/4358/1954 2792/4355/1954
f 2774/4287/1955 2775/4289/1955 2807/4359/1955 2806/4357/1955
f 2761/4288/1956 2762/4290/1956 2794/4360/1956 2793/4358/1956
f 2775/4289/1957 2776/4291/1957 2808/4361/1957 2807/4359/1957
f 2762/4290/1958 2763/4292/1958 2795/4362/1958 2794/4360/1958
f 2776/4363/1959 2777/4298/1959 2809/4364/1959 2808/4365/1959
f 2763/4292/1960 2764/4294/1960 2796/4366/1960 2795/4362/1960
f 2777/4298/1961 2778/4297/1961 2810/4367/1961 2809/4364/1961
f 2764/4294/1962 2765/4299/1962 2797/4368/1962 2796/4366/1962
f 2778/4297/1963 2779/4301/1963 2811/4369/1963 2810/4367/1963
f 2765/4299/1964 2766/4302/1964 2798/4370/1964 2797/4368/1964
f 2779/4301/1965 2780/4304/1965 2812/4371/1965 2811/4369/1965
f 2766/4302/1966 2767/4305/1966 2799/4372/1966 2798/4370/1966
f 2780/4304/1967 2781/4230/1967 2813/4267/1967 2812/4371/1967
f 2767/4305/1968 2768/4306/1968 2800/4373/1968 2799/4372/1968
f 2819/4374/1969 2832/4375/1969 2831/4376/1969
f 2820/4377/1970 2832/4378/1970 2834/4379/1970
f 2819/4374/1971 2831/4376/1971 2836/4380/1971
f 2819/4374/1972 2836/4380/1972 2838/4381/1972
f 2819/4374/1973 2838/4381/1973 2835/4382/1973
f 2820/4377/1974 2834/4379/1974 2841/4383/1974
f 2821/4384/1975 2833/4385/1975 2843/4386/1975
f 2822/4387/1976 2837/4388/1976 2845/4389/1976
f 2823/4390/1977 2839/4391/1977 2847/4392/1977
f 2824/4393/1978 2840/4394/1978 2849/4395/1978
f 2820/4377/1979 2841/4383/1979 2844/4396/1979
f 2821/4384/1980 2843/4386/1980 2846/4397/1980
f 2822/4387/1981 2845/4389/1981 2848/4398/1981
f 2823/4390/1982 2847/4392/1982 2850/4399/1982
f 2824/4393/1983 2849/4395/1983 2842/4400/1983
f 2825/4401/1984 2851/4402/1984 2856/4403/1984
f 2826/4404/1985 2852/4405/1985 2858/4406/1985
f 2827/4407/1986 2853/4408/1986 2859/4409/1986
f 2828/4410/1987 2854/4411/1987 2860/4412/1987
f 2829/4413/1988 2855/4414/1988 2857/4415/1988
f 2857/4416/1989 2860/4412/1989 2830/4417/1989
f 2857/4416/1990 2855/4418/1990 2860/4412/1990
f 2855/4418/1991 2828/4410/1991 2860/4412/1991
f 2860/4412/1992 2859/4419/1992 2830/4417/1992
f 2860/4412/1993 2854/4411/1993 2859/4419/1993
f 2854/4411/1994 2827/4420/1994 2859/4419/1994
f 2859/4419/1995 2858/4421/1995 2830/4417/1995
f 2859/4419/1996 2853/4422/1996 2858/4421/1996
f 2853/4408/1997 2826/4423/1997 2858/4424/1997
f 2858/4421/1998 2856/4403/1998 2830/4417/1998
f 2858/4421/1999 2852/4425/1999 2856/4403/1999
f 2852/4405/2000 2825/4426/2000 2856/4427/2000
f 2856/4403/2001 2857/4416/2001 2830/4417/2001
f 2856/4403/2002 2851/4402/2002 2857/4416/2002
f 2851/4428/2003 2829/4413/2003 2857/4415/2003
f 2842/4400/2004 2855/4414/2004 2829/4413/2004
f 2842/4400/2005 2849/4395/2005 2855/4414/2005
f 2849/4395/2006 2828/4429/2006 2855/4414/2006
f 2850/4399/2007 2854/4430/2007 2828/4431/2007
f 2850/4399/2008 2847/4392/2008 2854/4430/2008
f 2847/4392/2009 2827/4432/2009 2854/4430/2009
f 2848/4398/2010 2853/4408/2010 2827/4407/2010
f 2848/4398/2011 2845/4389/2011 2853/4408/2011
f 2845/4389/2012 2826/4423/2012 2853/4408/2012
f 2846/4397/2013 2852/4405/2013 2826/4404/2013
f 2846/4397/2014 2843/4386/2014 2852/4405/2014
f 2843/4386/2015 2825/4426/2015 2852/4405/2015
f 2844/4433/2016 2851/4434/2016 2825/4426/2016
f 2844/4396/2017 2841/4383/2017 2851/4428/2017
f 2841/4383/2018 2829/4413/2018 2851/4428/2018
f 2849/4435/2019 2850/4399/2019 2828/4431/2019
f 2849/4435/2020 2840/4436/2020 2850/4399/2020
f 2840/4436/2021 2823/4390/2021 2850/4399/2021
f 2847/4437/2022 2848/4398/2022 2827/4407/2022
f 2847/4437/2023 2839/4438/2023 2848/4398/2023
f 2839/4438/2024 2822/4387/2024 2848/4398/2024
f 2845/4439/2025 2846/4397/2025 2826/4404/2025
f 2845/4439/2026 2837/4440/2026 2846/4397/2026
f 2837/4440/2027 2821/4384/2027 2846/4397/2027
f 2843/4386/2028 2844/4433/2028 2825/4426/2028
f 2843/4386/2029 2833/4385/2029 2844/4433/2029
f 2833/4385/2030 2820/4441/2030 2844/4433/2030
f 2841/4383/2031 2842/4400/2031 2829/4413/2031
f 2841/4383/2032 2834/4379/2032 2842/4400/2032
f 2834/4379/2033 2824/4393/2033 2842/4400/2033
f 2835/4442/2034 2840/4394/2034 2824/4393/2034
f 2835/4382/2035 2838/4381/2035 2840/4443/2035
f 2838/4444/2036 2823/4390/2036 2840/4436/2036
f 2838/4444/2037 2839/4391/2037 2823/4390/2037
f 2838/4381/2038 2836/4380/2038 2839/4445/2038
f 2836/4446/2039 2822/4387/2039 2839/4438/2039
f 2836/4446/2040 2837/4388/2040 2822/4387/2040
f 2836/4380/2041 2831/4376/2041 2837/4447/2041
f 2831/4376/2042 2821/4448/2042 2837/4447/2042
f 2834/4379/2043 2835/4442/2043 2824/4393/2043
f 2834/4449/2044 2832/4375/2044 2835/4382/2044
f 2832/4375/2045 2819/4374/2045 2835/4382/2045
f 2831/4376/2046 2833/4450/2046 2821/4448/2046
f 2831/4376/2047 2832/4375/2047 2833/4450/2047
f 2832/4375/2048 2820/4451/2048 2833/4450/2048
f 2861/4452/1969 2874/4453/1969 2873/4454/1969
f 2862/4455/1970 2874/4456/1970 2876/4457/1970
f 2861/4452/1971 2873/4454/1971 2878/4458/1971
f 2861/4452/1972 2878/4458/1972 2880/4459/1972
f 2861/4452/1973 2880/4459/1973 2877/4460/1973
f 2862/4455/1974 2876/4457/1974 2883/4461/1974
f 2863/4462/1975 2875/4463/1975 2885/4464/1975
f 2864/4465/1976 2879/4466/1976 2887/4467/1976
f 2865/4468/1977 2881/4469/1977 2889/4470/1977
f 2866/4471/1978 2882/4472/1978 2891/4473/1978
f 2862/4455/1979 2883/4461/1979 2886/4474/1979
f 2863/4462/1980 2885/4464/1980 2888/4475/1980
f 2864/4465/1981 2887/4467/1981 2890/4476/1981
f 2865/4468/1982 2889/4470/1982 2892/4477/1982
f 2866/4471/1983 2891/4473/1983 2884/4478/1983
f 2867/4479/1984 2893/4480/1984 2898/4481/1984
f 2868/4482/1985 2894/4483/1985 2900/4484/1985
f 2869/4485/1986 2895/4486/1986 2901/4487/1986
f 2870/4488/1987 2896/4489/1987 2902/4490/1987
f 2871/4491/1988 2897/4492/1988 2899/4493/1988
f 2899/4494/1989 2902/4490/1989 2872/4495/1989
f 2899/4494/1990 2897/4496/1990 2902/4490/1990
f 2897/4496/1991 2870/4488/1991 2902/4490/1991
f 2902/4490/1992 2901/4497/1992 2872/4495/1992
f 2902/4490/1993 2896/4489/1993 2901/4497/1993
f 2896/4489/1994 2869/4498/1994 2901/4497/1994
f 2901/4497/1995 2900/4499/1995 2872/4495/1995
f 2901/4497/1996 2895/4500/1996 2900/4499/1996
f 2895/4486/1997 2868/4501/1997 2900/4502/1997
f 2900/4499/1998 2898/4481/1998 2872/4495/1998
f 2900/4499/1999 2894/4503/1999 2898/4481/1999
f 2894/4483/2000 2867/4504/2000 2898/4505/2000
f 2898/4481/2001 2899/4494/2001 2872/4495/2001
f 2898/4481/2002 2893/4480/2002 2899/4494/2002
f 2893/4506/2003 2871/4491/2003 2899/4493/2003
f 2884/4478/2004 2897/4492/2004 2871/4491/2004
f 2884/4478/2005 2891/4473/2005 2897/4492/2005
f 2891/4473/2006 2870/4507/2006 2897/4492/2006
f 2892/4477/2007 2896/4508/2007 2870/4509/2007
f 2892/4477/2008 2889/4470/2008 2896/4508/2008
f 2889/4470/2009 2869/4510/2009 2896/4508/2009
f 2890/4476/2010 2895/4486/2010 2869/4485/2010
f 2890/4476/2011 2887/4467/2011 2895/4486/2011
f 2887/4467/2012 2868/4501/2012 2895/4486/2012
f 2888/4475/2013 2894/4483/2013 2868/4482/2013
f 2888/4475/2014 2885/4464/2014 2894/4483/2014
f 2885/4464/2015 2867/4504/2015 2894/4483/2015
f 2886/4511/2016 2893/4512/2016 2867/4504/2016
f 2886/4474/2017 2883/4461/2017 2893/4506/2017
f 2883/4461/2018 2871/4491/2018 2893/4506/2018
f 2891/4513/2019 2892/4477/2019 2870/4509/2019
f 2891/4513/2020 2882/4514/2020 2892/4477/2020
f 2882/4514/2021 2865/4468/2021 2892/4477/2021
f 2889/4515/2022 2890/4476/2022 2869/4485/2022
f 2889/4515/2023 2881/4516/2023 2890/4476/2023
f 2881/4516/2024 2864/4465/2024 2890/4476/2024
f 2887/4517/2025 2888/4475/2025 2868/4482/2025
f 2887/4517/2026 2879/4518/2026 2888/4475/2026
f 2879/4518/2027 2863/4462/2027 2888/4475/2027
f 2885/4464/2028 2886/4511/2028 2867/4504/2028
f 2885/4464/2029 2875/4463/2029 2886/4511/2029
f 2875/4463/2030 2862/4519/2030 2886/4511/2030
f 2883/4461/2031 2884/4478/2031 2871/4491/2031
f 2883/4461/2032 2876/4457/2032 2884/4478/2032
f 2876/4457/2033 2866/4471/2033 2884/4478/2033
f 2877/4520/2034 2882/4472/2034 2866/4471/2034
f 2877/4460/2035 2880/4459/2035 2882/4521/2035
f 2880/4522/2036 2865/4468/2036 2882/4514/2036
f 2880/4522/2037 2881/4469/2037 2865/4468/2037
f 2880/4459/2038 2878/4458/2038 2881/4523/2038
f 2878/4524/2039 2864/4465/2039 2881/4516/2039
f 2878/4524/2040 2879/4466/2040 2864/4465/2040
f 2878/4458/2041 2873/4454/2041 2879/4525/2041
f 2873/4454/2042 2863/4526/2042 2879/4525/2042
f 2876/4457/2043 2877/4520/2043 2866/4471/2043
f 2876/4527/2044 2874/4453/2044 2877/4460/2044
f 2874/4453/2045 2861/4452/2045 2877/4460/2045
f 2873/4454/2046 2875/4528/2046 2863/4526/2046
f 2873/4454/2047 2874/4453/2047 2875/4528/2047
f 2874/4453/2048 2862/4529/2048 2875/4528/2048
f 2903/4530/1969 2916/4531/1969 2915/4532/1969
f 2904/4533/1970 2916/4534/1970 2918/4535/1970
f 2903/4530/1971 2915/4532/1971 2920/4536/1971
f 2903/4530/1972 2920/4536/1972 2922/4537/1972
f 2903/4530/1973 2922/4537/1973 2919/4538/1973
f 2904/4533/1974 2918/4535/1974 2925/4539/1974
f 2905/4540/1975 2917/4541/1975 2927/4542/1975
f 2906/4543/1976 2921/4544/1976 2929/4545/1976
f 2907/4546/1977 2923/4547/1977 2931/4548/1977
f 2908/4549/1978 2924/4550/1978 2933/4551/1978
f 2904/4533/1979 2925/4539/1979 2928/4552/1979
f 2905/4540/1980 2927/4542/1980 2930/4553/1980
f 2906/4543/1981 2929/4545/1981 2932/4554/1981
f 2907/4546/1982 2931/4548/1982 2934/4555/1982
f 2908/4549/1983 2933/4551/1983 2926/4556/1983
f 2909/4557/1984 2935/4558/1984 2940/4559/1984
f 2910/4560/1985 2936/4561/1985 2942/4562/1985
f 2911/4563/1986 2937/4564/1986 2943/4565/1986
f 2912/4566/1987 2938/4567/1987 2944/4568/1987
f 2913/4569/1988 2939/4570/1988 2941/4571/1988
f 2941/4572/1989 2944/4568/1989 2914/4573/1989
f 2941/4572/1990 2939/4574/1990 2944/4568/1990
f 2939/4574/1991 2912/4566/1991 2944/4568/1991
f 2944/4568/1992 2943/4575/1992 2914/4573/1992
f 2944/4568/1993 2938/4567/1993 2943/4575/1993
f 2938/4567/1994 2911/4576/1994 2943/4575/1994
f 2943/4575/1995 2942/4577/1995 2914/4573/1995
f 2943/4575/1996 2937/4578/1996 2942/4577/1996
f 2937/4564/1997 2910/4579/1997 2942/4580/1997
f 2942/4577/1998 2940/4559/1998 2914/4573/1998
f 2942/4577/1999 2936/4581/1999 2940/4559/1999
f 2936/4561/2000 2909/4582/2000 2940/4583/2000
f 2940/4559/2001 2941/4572/2001 2914/4573/2001
f 2940/4559/2002 2935/4558/2002 2941/4572/2002
f 2935/4584/2003 2913/4569/2003 2941/4571/2003
f 2926/4556/2004 2939/4570/2004 2913/4569/2004
f 2926/4556/2005 2933/4551/2005 2939/4570/2005
f 2933/4551/2006 2912/4585/2006 2939/4570/2006
f 2934/4555/2007 2938/4586/2007 2912/4587/2007
f 2934/4555/2008 2931/4548/2008 2938/4586/2008
f 2931/4548/2009 2911/4588/2009 2938/4586/2009
f 2932/4554/2010 2937/4564/2010 2911/4563/2010
f 2932/4554/2011 2929/4545/2011 2937/4564/2011
f 2929/4545/2012 2910/4579/2012 2937/4564/2012
f 2930/4553/2013 2936/4561/2013 2910/4560/2013
f 2930/4553/2014 2927/4542/2014 2936/4561/2014
f 2927/4542/2015 2909/4582/2015 2936/4561/2015
f 2928/4589/2016 2935/4590/2016 2909/4582/2016
f 2928/4552/2017 2925/4539/2017 2935/4584/2017
f 2925/4539/2018 2913/4569/2018 2935/4584/2018
f 2933/4591/2019 2934/4555/2019 2912/4587/2019
f 2933/4591/2020 2924/4592/2020 2934/4555/2020
f 2924/4592/2021 2907/4546/2021 2934/4555/2021
f 2931/4593/2022 2932/4554/2022 2911/4563/2022
f 2931/4593/2023 2923/4594/2023 2932/4554/2023
f 2923/4594/2024 2906/4543/2024 2932/4554/2024
f 2929/4595/2025 2930/4553/2025 2910/4560/2025
f 2929/4595/2026 2921/4596/2026 2930/4553/2026
f 2921/4596/2027 2905/4540/2027 2930/4553/2027
f 2927/4542/2028 2928/4589/2028 2909/4582/2028
f 2927/4542/2029 2917/4541/2029 2928/4589/2029
f 2917/4541/2030 2904/4597/2030 2928/4589/2030
f 2925/4539/2031 2926/4556/2031 2913/4569/2031
f 2925/4539/2032 2918/4535/2032 2926/4556/2032
f 2918/4535/2033 2908/4549/2033 2926/4556/2033
f 2919/4598/2034 2924/4550/2034 2908/4549/2034
f 2919/4538/2035 2922/4537/2035 2924/4599/2035
f 2922/4600/2036 2907/4546/2036 2924/4592/2036
f 2922/4600/2037 2923/4547/2037 2907/4546/2037
f 2922/4537/2038 2920/4536/2038 2923/4601/2038
f 2920/4602/2039 2906/4543/2039 2923/4594/2039
f 2920/4602/2040 2921/4544/2040 2906/4543/2040
f 2920/4536/2041 2915/4532/2041 2921/4603/2041
f 2915/4532/2042 2905/4604/2042 2921/4603/2042
f 2918/4535/2043 2919/4598/2043 2908/4549/2043
f 2918/4605/2044 2916/4531/2044 2919/4538/2044
f 2916/4531/2045 2903/4530/2045 2919/4538/2045
f 2915/4532/2046 2917/4606/2046 2905/4604/2046
f 2915/4532/2047 2916/4531/2047 2917/4606/2047
f 2916/4531/2048 2904/4607/2048 2917/4606/2048
f 2945/4608/2049 2958/4609/2049 2957/4610/2049
f 2946/4611/2050 2958/4609/2050 2960/4612/2050
f 2945/4608/2051 2957/4610/2051 2962/4613/2051
f 2945/4608/2052 2962/4613/2052 2964/4614/2052
f 2945/4608/2053 2964/4614/2053 2961/4615/2053
f 2946/4616/2054 2960/4617/2054 2967/4618/2054
f 2947/4619/2055 2959/4620/2055 2969/4621/2055
f 2948/4622/2056 2963/4623/2056 2971/4624/2056
f 2949/4625/2057 2965/4626/2057 2973/4627/2057
f 2950/4628/2058 2966/4629/2058 2975/4630/2058
f 2946/4616/2059 2967/4618/2059 2970/4631/2059
f 2947/4619/2060 2969/4621/2060 2972/4632/2060
f 2948/4622/2061 2971/4624/2061 2974/4633/2061
f 2949/4625/2062 2973/4627/2062 2976/4634/2062
f 2950/4635/2063 2975/4636/2063 2968/4637/2063
f 2951/4638/2064 2977/4639/2064 2982/4640/2064
f 2952/4641/2065 2978/4642/2065 2984/4643/2065
f 2953/4644/2066 2979/4645/2066 2985/4646/2066
f 2954/4647/2067 2980/4648/2067 2986/4649/2067
f 2955/4650/2068 2981/4651/2068 2983/4652/2068
f 2983/4653/2069 2986/4654/2069 2956/4655/2069
f 2983/4652/2070 2981/4651/2070 2986/4656/2070
f 2981/4651/2071 2954/4657/2071 2986/4656/2071
f 2986/4654/2072 2985/4646/2072 2956/4655/2072
f 2986/4654/2073 2980/4658/2073 2985/4646/2073
f 2980/4658/2074 2953/4644/2074 2985/4646/2074
f 2985/4646/2075 2984/4659/2075 2956/4655/2075
f 2985/4646/2076 2979/4645/2076 2984/4659/2076
f 2979/4645/2077 2952/4660/2077 2984/4659/2077
f 2984/4659/2078 2982/4661/2078 2956/4655/2078
f 2984/4643/2079 2978/4642/2079 2982/4640/2079
f 2978/4642/2080 2951/4638/2080 2982/4640/2080
f 2982/4661/2081 2983/4653/2081 2956/4655/2081
f 2982/4662/2082 2977/4663/2082 2983/4652/2082
f 2977/4663/2083 2955/4650/2083 2983/4652/2083
f 2968/4637/2084 2981/4651/2084 2955/4650/2084
f 2968/4637/2085 2975/4636/2085 2981/4651/2085
f 2975/4636/2086 2954/4657/2086 2981/4651/2086
f 2976/4634/2087 2980/4648/2087 2954/4647/2087
f 2976/4634/2088 2973/4627/2088 2980/4648/2088
f 2973/4627/2089 2953/4664/2089 2980/4648/2089
f 2974/4665/2090 2979/4645/2090 2953/4644/2090
f 2974/4633/2091 2971/4624/2091 2979/4666/2091
f 2971/4624/2092 2952/4667/2092 2979/4666/2092
f 2972/4632/2093 2978/4642/2093 2952/4641/2093
f 2972/4632/2094 2969/4621/2094 2978/4642/2094
f 2969/4621/2095 2951/4638/2095 2978/4642/2095
f 2970/4668/2096 2977/4639/2096 2951/4638/2096
f 2970/4631/2097 2967/4618/2097 2977/4663/2097
f 2967/4618/2098 2955/4650/2098 2977/4663/2098
f 2975/4669/2099 2976/4634/2099 2954/4647/2099
f 2975/4669/2100 2966/4670/2100 2976/4634/2100
f 2966/4670/2101 2949/4625/2101 2976/4634/2101
f 2973/4627/2102 2974/4671/2102 2953/4664/2102
f 2973/4672/2103 2965/4673/2103 2974/4633/2103
f 2965/4673/2104 2948/4622/2104 2974/4633/2104
f 2971/4624/2105 2972/4674/2105 2952/4667/2105
f 2971/4624/2106 2963/4623/2106 2972/4674/2106
f 2963/4623/2107 2947/4675/2107 2972/4674/2107
f 2969/4621/2108 2970/4668/2108 2951/4638/2108
f 2969/4621/2109 2959/4620/2109 2970/4668/2109
f 2959/4620/2110 2946/4676/2110 2970/4668/2110
f 2967/4618/2111 2968/4637/2111 2955/4650/2111
f 2967/4618/2112 2960/4617/2112 2968/4637/2112
f 2960/4617/2113 2950/4635/2113 2968/4637/2113
f 2961/4615/2114 2966/4629/2114 2950/4628/2114
f 2961/4615/2115 2964/4614/2115 2966/4629/2115
f 2964/4614/2116 2949/4677/2116 2966/4629/2116
f 2964/4678/2117 2965/4673/2117 2949/4679/2117
f 2964/4678/2118 2962/4680/2118 2965/4673/2118
f 2962/4680/2119 2948/4622/2119 2965/4673/2119
f 2962/4680/2120 2963/4623/2120 2948/4622/2120
f 2962/4680/2121 2957/4681/2121 2963/4623/2121
f 2957/4681/2122 2947/4675/2122 2963/4623/2122
f 2960/4612/2123 2961/4615/2123 2950/4628/2123
f 2960/4612/2124 2958/4609/2124 2961/4615/2124
f 2958/4609/2125 2945/4608/2125 2961/4615/2125
f 2957/4610/2126 2959/4682/2126 2947/4683/2126
f 2957/4610/2127 2958/4609/2127 2959/4682/2127
f 2958/4609/2128 2946/4611/2128 2959/4682/2128
f 2987/4684/2049 3000/4685/2049 2999/4686/2049
f 2988/4687/2050 3000/4685/2050 3002/4688/2050
f 2987/4684/2051 2999/4686/2051 3004/4689/2051
f 2987/4684/2052 3004/4689/2052 3006/4690/2052
f 2987/4684/2053 3006/4690/2053 3003/4691/2053
f 2988/4692/2054 3002/4693/2054 3009/4694/2054
f 2989/4695/2055 3001/4696/2055 3011/4697/2055
f 2990/4698/2056 3005/4699/2056 3013/4700/2056
f 2991/4701/2057 3007/4702/2057 3015/4703/2057
f 2992/4704/2058 3008/4705/2058 3017/4706/2058
f 2988/4692/2059 3009/4694/2059 3012/4707/2059
f 2989/4695/2060 3011/4697/2060 3014/4708/2060
f 2990/4698/2061 3013/4700/2061 3016/4709/2061
f 2991/4701/2062 3015/4703/2062 3018/4710/2062
f 2992/4711/2063 3017/4712/2063 3010/4713/2063
f 2993/4714/2064 3019/4715/2064 3024/4716/2064
f 2994/4717/2065 3020/4718/2065 3026/4719/2065
f 2995/4720/2066 3021/4721/2066 3027/4722/2066
f 2996/4723/2067 3022/4724/2067 3028/4725/2067
f 2997/4726/2068 3023/4727/2068 3025/4728/2068
f 3025/4729/2069 3028/4730/2069 2998/4731/2069
f 3025/4728/2070 3023/4727/2070 3028/4732/2070
f 3023/4727/2071 2996/4733/2071 3028/4732/2071
f 3028/4730/2072 3027/4722/2072 2998/4731/2072
f 3028/4730/2073 3022/4734/2073 3027/4722/2073
f 3022/4734/2074 2995/4720/2074 3027/4722/2074
f 3027/4722/2075 3026/4735/2075 2998/4731/2075
f 3027/4722/2076 3021/4721/2076 3026/4735/2076
f 3021/4721/2077 2994/4736/2077 3026/4735/2077
f 3026/4735/2078 3024/4737/2078 2998/4731/2078
f 3026/4719/2079 3020/4718/2079 3024/4716/2079
f 3020/4718/2080 2993/4714/2080 3024/4716/2080
f 3024/4737/2081 3025/4729/2081 2998/4731/2081
f 3024/4738/2082 3019/4739/2082 3025/4728/2082
f 3019/4739/2083 2997/4726/2083 3025/4728/2083
f 3010/4713/2084 3023/4727/2084 2997/4726/2084
f 3010/4713/2085 3017/4712/2085 3023/4727/2085
f 3017/4712/2086 2996/4733/2086 3023/4727/2086
f 3018/4710/2129 3022/4724/2129 2996/4723/2129
f 3018/4710/2088 3015/4703/2088 3022/4724/2088
f 3015/4703/2089 2995/4740/2089 3022/4724/2089
f 3016/4741/2090 3021/4721/2090 2995/4720/2090
f 3016/4709/2091 3013/4700/2091 3021/4742/2091
f 3013/4700/2092 2994/4743/2092 3021/4742/2092
f 3014/4708/2093 3020/4718/2093 2994/4717/2093
f 3014/4708/2094 3011/4697/2094 3020/4718/2094
f 3011/4697/2095 2993/4714/2095 3020/4718/2095
f 3012/4744/2096 3019/4715/2096 2993/4714/2096
f 3012/4707/2097 3009/4694/2097 3019/4739/2097
f 3009/4694/2098 2997/4726/2098 3019/4739/2098
f 3017/4745/2099 3018/4710/2099 2996/4723/2099
f 3017/4745/2100 3008/4746/2100 3018/4710/2100
f 3008/4746/2101 2991/4701/2101 3018/4710/2101
f 3015/4703/2102 3016/4747/2102 2995/4740/2102
f 3015/4748/2103 3007/4749/2103 3016/4709/2103
f 3007/4749/2104 2990/4698/2104 3016/4709/2104
f 3013/4700/2105 3014/4750/2105 2994/4743/2105
f 3013/4700/2106 3005/4699/2106 3014/4750/2106
f 3005/4699/2107 2989/4751/2107 3014/4750/2107
f 3011/4697/2108 3012/4744/2108 2993/4714/2108
f 3011/4697/2109 3001/4696/2109 3012/4744/2109
f 3001/4696/2110 2988/4752/2110 3012/4744/2110
f 3009/4694/2111 3010/4713/2111 2997/4726/2111
f 3009/4694/2112 3002/4693/2112 3010/4713/2112
f 3002/4693/2113 2992/4711/2113 3010/4713/2113
f 3003/4691/2114 3008/4705/2114 2992/4704/2114
f 3003/4691/2115 3006/4690/2115 3008/4705/2115
f 3006/4690/2116 2991/4753/2116 3008/4705/2116
f 3006/4754/2117 3007/4749/2117 2991/4755/2117
f 3006/4754/2118 3004/4756/2118 3007/4749/2118
f 3004/4756/2119 2990/4698/2119 3007/4749/2119
f 3004/4756/2120 3005/4699/2120 2990/4698/2120
f 3004/4756/2121 2999/4757/2121 3005/4699/2121
f 2999/4757/2122 2989/4751/2122 3005/4699/2122
f 3002/4688/2123 3003/4691/2123 2992/4704/2123
f 3002/4688/2124 3000/4685/2124 3003/4691/2124
f 3000/4685/2125 2987/4684/2125 3003/4691/2125
f 2999/4686/2126 3001/4758/2126 2989/4759/2126
f 2999/4686/2127 3000/4685/2127 3001/4758/2127
f 3000/4685/2128 2988/4687/2128 3001/4758/2128
f 3029/4760/1969 3042/4761/1969 3041/4762/1969
f 3030/4763/1970 3042/4764/1970 3044/4765/1970
f 3029/4760/1971 3041/4762/1971 3046/4766/1971
f 3029/4760/1972 3046/4766/1972 3048/4767/1972
f 3029/4760/1973 3048/4767/1973 3045/4768/1973
f 3030/4763/1974 3044/4765/1974 3051/4769/1974
f 3031/4770/1975 3043/4771/1975 3053/4772/1975
f 3032/4773/1976 3047/4774/1976 3055/4775/1976
f 3033/4776/1977 3049/4777/1977 3057/4778/1977
f 3034/4779/1978 3050/4780/1978 3059/4781/1978
f 3030/4763/1979 3051/4769/1979 3054/4782/1979
f 3031/4770/1980 3053/4772/1980 3056/4783/1980
f 3032/4773/1981 3055/4775/1981 3058/4784/1981
f 3033/4776/1982 3057/4778/1982 3060/4785/1982
f 3034/4779/1983 3059/4781/1983 3052/4786/1983
f 3035/4787/1984 3061/4788/1984 3066/4789/1984
f 3036/4790/1985 3062/4791/1985 3068/4792/1985
f 3037/4793/1986 3063/4794/1986 3069/4795/1986
f 3038/4796/1987 3064/4797/1987 3070/4798/1987
f 3039/4799/1988 3065/4800/1988 3067/4801/1988
f 3067/4802/1989 3070/4798/1989 3040/4803/1989
f 3067/4802/1990 3065/4804/1990 3070/4798/1990
f 3065/4804/1991 3038/4796/1991 3070/4798/1991
f 3070/4798/1992 3069/4805/1992 3040/4803/1992
f 3070/4798/1993 3064/4797/1993 3069/4805/1993
f 3064/4797/1994 3037/4806/1994 3069/4805/1994
f 3069/4805/1995 3068/4807/1995 3040/4803/1995
f 3069/4805/1996 3063/4808/1996 3068/4807/1996
f 3063/4794/1997 3036/4809/1997 3068/4810/1997
f 3068/4807/1998 3066/4789/1998 3040/4803/1998
f 3068/4807/1999 3062/4811/1999 3066/4789/1999
f 3062/4791/2000 3035/4812/2000 3066/4813/2000
f 3066/4789/2001 3067/4802/2001 3040/4803/2001
f 3066/4789/2002 3061/4788/2002 3067/4802/2002
f 3061/4814/2003 3039/4799/2003 3067/4801/2003
f 3052/4786/2004 3065/4800/2004 3039/4799/2004
f 3052/4786/2005 3059/4781/2005 3065/4800/2005
f 3059/4781/2006 3038/4815/2006 3065/4800/2006
f 3060/4785/2007 3064/4816/2007 3038/4817/2007
f 3060/4785/2008 3057/4778/2008 3064/4816/2008
f 3057/4778/2009 3037/4818/2009 3064/4816/2009
f 3058/4784/2010 3063/4794/2010 3037/4793/2010
f 3058/4784/2011 3055/4775/2011 3063/4794/2011
f 3055/4775/2012 3036/4809/2012 3063/4794/2012
f 3056/4783/2013 3062/4791/2013 3036/4790/2013
f 3056/4783/2014 3053/4772/2014 3062/4791/2014
f 3053/4772/2015 3035/4812/2015 3062/4791/2015
f 3054/4819/2016 3061/4820/2016 3035/4812/2016
f 3054/4782/2017 3051/4769/2017 3061/4814/2017
f 3051/4769/2018 3039/4799/2018 3061/4814/2018
f 3059/4821/2019 3060/4785/2019 3038/4817/2019
f 3059/4821/2020 3050/4822/2020 3060/4785/2020
f 3050/4822/2021 3033/4776/2021 3060/4785/2021
f 3057/4823/2022 3058/4784/2022 3037/4793/2022
f 3057/4823/2023 3049/4824/2023 3058/4784/2023
f 3049/4824/2024 3032/4773/2024 3058/4784/2024
f 3055/4825/2025 3056/4783/2025 3036/4790/2025
f 3055/4825/2026 3047/4826/2026 3056/4783/2026
f 3047/4826/2027 3031/4770/2027 3056/4783/2027
f 3053/4772/2028 3054/4819/2028 3035/4812/2028
f 3053/4772/2029 3043/4771/2029 3054/4819/2029
f 3043/4771/2030 3030/4827/2030 3054/4819/2030
f 3051/4769/2031 3052/4786/2031 3039/4799/2031
f 3051/4769/2032 3044/4765/2032 3052/4786/2032
f 3044/4765/2033 3034/4779/2033 3052/4786/2033
f 3045/4828/2034 3050/4780/2034 3034/4779/2034
f 3045/4768/2035 3048/4767/2035 3050/4829/2035
f 3048/4830/2036 3033/4776/2036 3050/4822/2036
f 3048/4830/2037 3049/4777/2037 3033/4776/2037
f 3048/4767/2038 3046/4766/2038 3049/4831/2038
f 3046/4832/2039 3032/4773/2039 3049/4824/2039
f 3046/4832/2040 3047/4774/2040 3032/4773/2040
f 3046/4766/2041 3041/4762/2041 3047/4833/2041
f 3041/4762/2042 3031/4834/2042 3047/4833/2042
f 3044/4765/2043 3045/4828/2043 3034/4779/2043
f 3044/4835/2044 3042/4761/2044 3045/4768/2044
f 3042/4761/2045 3029/4760/2045 3045/4768/2045
f 3041/4762/2046 3043/4836/2046 3031/4834/2046
f 3041/4762/2047 3042/4761/2047 3043/4836/2047
f 3042/4761/2048 3030/4837/2048 3043/4836/2048
f 3071/4838/1969 3084/4839/1969 3083/4840/1969
f 3072/4841/1970 3084/4842/1970 3086/4843/1970
f 3071/4838/1971 3083/4840/1971 3088/4844/1971
f 3071/4838/1972 3088/4844/1972 3090/4845/1972
f 3071/4838/1973 3090/4845/1973 3087/4846/1973
f 3072/4841/1974 3086/4843/1974 3093/4847/1974
f 3073/4848/1975 3085/4849/1975 3095/4850/1975
f 3074/4851/1976 3089/4852/1976 3097/4853/1976
f 3075/4854/1977 3091/4855/1977 3099/4856/1977
f 3076/4857/1978 3092/4858/1978 3101/4859/1978
f 3072/4841/1979 3093/4847/1979 3096/4860/1979
f 3073/4848/1980 3095/4850/1980 3098/4861/1980
f 3074/4851/1981 3097/4853/1981 3100/4862/1981
f 3075/4854/1982 3099/4856/1982 3102/4863/1982
f 3076/4857/1983 3101/4859/1983 3094/4864/1983
f 3077/4865/1984 3103/4866/1984 3108/4867/1984
f 3078/4868/1985 3104/4869/1985 3110/4870/1985
f 3079/4871/1986 3105/4872/1986 3111/4873/1986
f 3080/4874/1987 3106/4875/1987 3112/4876/1987
f 3081/4877/1988 3107/4878/1988 3109/4879/1988
f 3109/4880/1989 3112/4876/1989 3082/4881/1989
f 3109/4880/1990 3107/4882/1990 3112/4876/1990
f 3107/4882/1991 3080/4874/1991 3112/4876/1991
f 3112/4876/1992 3111/4883/1992 3082/4881/1992
f 3112/4876/1993 3106/4875/1993 3111/4883/1993
f 3106/4875/1994 3079/4884/1994 3111/4883/1994
f 3111/4883/1995 3110/4885/1995 3082/4881/1995
f 3111/4883/1996 3105/4886/1996 3110/4885/1996
f 3105/4872/1997 3078/4887/1997 3110/4888/1997
f 3110/4885/1998 3108/4867/1998 3082/4881/1998
f 3110/4885/1999 3104/4889/1999 3108/4867/1999
f 3104/4869/2000 3077/4890/2000 3108/4891/2000
f 3108/4867/2001 3109/4880/2001 3082/4881/2001
f 3108/4867/2002 3103/4866/2002 3109/4880/2002
f 3103/4892/2003 3081/4877/2003 3109/4879/2003
f 3094/4864/2004 3107/4878/2004 3081/4877/2004
f 3094/4864/2005 3101/4859/2005 3107/4878/2005
f 3101/4859/2006 3080/4893/2006 3107/4878/2006
f 3102/4863/2007 3106/4894/2007 3080/4895/2007
f 3102/4863/2008 3099/4856/2008 3106/4894/2008
f 3099/4856/2009 3079/4896/2009 3106/4894/2009
f 3100/4862/2010 3105/4872/2010 3079/4871/2010
f 3100/4862/2011 3097/4853/2011 3105/4872/2011
f 3097/4853/2012 3078/4887/2012 3105/4872/2012
f 3098/4861/2013 3104/4869/2013 3078/4868/2013
f 3098/4861/2014 3095/4850/2014 3104/4869/2014
f 3095/4850/2015 3077/4890/2015 3104/4869/2015
f 3096/4897/2016 3103/4898/2016 3077/4890/2016
f 3096/4860/2017 3093/4847/2017 3103/4892/2017
f 3093/4847/2018 3081/4877/2018 3103/4892/2018
f 3101/4899/2019 3102/4863/2019 3080/4895/2019
f 3101/4899/2020 3092/4900/2020 3102/4863/2020
f 3092/4900/2021 3075/4854/2021 3102/4863/2021
f 3099/4901/2022 3100/4862/2022 3079/4871/2022
f 3099/4901/2023 3091/4902/2023 3100/4862/2023
f 3091/4902/2024 3074/4851/2024 3100/4862/2024
f 3097/4903/2025 3098/4861/2025 3078/4868/2025
f 3097/4903/2026 3089/4904/2026 3098/4861/2026
f 3089/4904/2027 3073/4848/2027 3098/4861/2027
f 3095/4850/2028 3096/4897/2028 3077/4890/2028
f 3095/4850/2029 3085/4849/2029 3096/4897/2029
f 3085/4849/2030 3072/4905/2030 3096/4897/2030
f 3093/4847/2031 3094/4864/2031 3081/4877/2031
f 3093/4847/2032 3086/4843/2032 3094/4864/2032
f 3086/4843/2033 3076/4857/2033 3094/4864/2033
f 3087/4906/2034 3092/4858/2034 3076/4857/2034
f 3087/4846/2035 3090/4845/2035 3092/4907/2035
f 3090/4908/2036 3075/4854/2036 3092/4900/2036
f 3090/4908/2037 3091/4855/2037 3075/4854/2037
f 3090/4845/2038 3088/4844/2038 3091/4909/2038
f 3088/4910/2039 3074/4851/2039 3091/4902/2039
f 3088/4910/2040 3089/4852/2040 3074/4851/2040
f 3088/4844/2041 3083/4840/2041 3089/4911/2041
f 3083/4840/2042 3073/4912/2042 3089/4911/2042
f 3086/4843/2043 3087/4906/2043 3076/4857/2043
f 3086/4913/2044 3084/4839/2044 3087/4846/2044
f 3084/4839/2045 3071/4838/2045 3087/4846/2045
f 3083/4840/2046 3085/4914/2046 3073/4912/2046
f 3083/4840/2047 3084/4839/2047 3085/4914/2047
f 3084/4839/2048 3072/4915/2048 3085/4914/2048
f 3113/4916/1969 3126/4917/1969 3125/4918/1969
f 3114/4919/1970 3126/4920/1970 3128/4921/1970
f 3113/4916/1971 3125/4918/1971 3130/4922/1971
f 3113/4916/1972 3130/4922/1972 3132/4923/1972
f 3113/4916/1973 3132/4923/1973 3129/4924/1973
f 3114/4919/1974 3128/4921/1974 3135/4925/1974
f 3115/4926/1975 3127/4927/1975 3137/4928/1975
f 3116/4929/1976 3131/4930/1976 3139/4931/1976
f 3117/4932/1977 3133/4933/1977 3141/4934/1977
f 3118/4935/1978 3134/4936/1978 3143/4937/1978
f 3114/4919/1979 3135/4925/1979 3138/4938/1979
f 3115/4926/1980 3137/4928/1980 3140/4939/1980
f 3116/4929/1981 3139/4931/1981 3142/4940/1981
f 3117/4932/1982 3141/4934/1982 3144/4941/1982
f 3118/4935/1983 3143/4937/1983 3136/4942/1983
f 3119/4943/1984 3145/4944/1984 3150/4945/1984
f 3120/4946/1985 3146/4947/1985 3152/4948/1985
f 3121/4949/1986 3147/4950/1986 3153/4951/1986
f 3122/4952/1987 3148/4953/1987 3154/4954/1987
f 3123/4955/1988 3149/4956/1988 3151/4957/1988
f 3151/4958/1989 3154/4954/1989 3124/4959/1989
f 3151/4958/1990 3149/4960/1990 3154/4954/1990
f 3149/4960/1991 3122/4952/1991 3154/4954/1991
f 3154/4954/1992 3153/4961/1992 3124/4959/1992
f 3154/4954/1993 3148/4953/1993 3153/4961/1993
f 3148/4953/1994 3121/4962/1994 3153/4961/1994
f 3153/4961/1995 3152/4963/1995 3124/4959/1995
f 3153/4961/1996 3147/4964/1996 3152/4963/1996
f 3147/4950/1997 3120/4965/1997 3152/4966/1997
f 3152/4963/1998 3150/4945/1998 3124/4959/1998
f 3152/4963/1999 3146/4967/1999 3150/4945/1999
f 3146/4947/2000 3119/4968/2000 3150/4969/2000
f 3150/4945/2001 3151/4958/2001 3124/4959/2001
f 3150/4945/2002 3145/4944/2002 3151/4958/2002
f 3145/4970/2003 3123/4955/2003 3151/4957/2003
f 3136/4942/2004 3149/4956/2004 3123/4955/2004
f 3136/4942/2005 3143/4937/2005 3149/4956/2005
f 3143/4937/2006 3122/4971/2006 3149/4956/2006
f 3144/4941/2007 3148/4972/2007 3122/4973/2007
f 3144/4941/2008 3141/4934/2008 3148/4972/2008
f 3141/4934/2009 3121/4974/2009 3148/4972/2009
f 3142/4940/2010 3147/4950/2010 3121/4949/2010
f 3142/4940/2011 3139/4931/2011 3147/4950/2011
f 3139/4931/2012 3120/4965/2012 3147/4950/2012
f 3140/4939/2013 3146/4947/2013 3120/4946/2013
f 3140/4939/2014 3137/4928/2014 3146/4947/2014
f 3137/4928/2015 3119/4968/2015 3146/4947/2015
f 3138/4975/2016 3145/4976/2016 3119/4968/2016
f 3138/4938/2017 3135/4925/2017 3145/4970/2017
f 3135/4925/2018 3123/4955/2018 3145/4970/2018
f 3143/4977/2019 3144/4941/2019 3122/4973/2019
f 3143/4977/2020 3134/4978/2020 3144/4941/2020
f 3134/4978/2021 3117/4932/2021 3144/4941/2021
f 3141/4979/2022 3142/4940/2022 3121/4949/2022
f 3141/4979/2023 3133/4980/2023 3142/4940/2023
f 3133/4980/2024 3116/4929/2024 3142/4940/2024
f 3139/4981/2025 3140/4939/2025 3120/4946/2025
f 3139/4981/2026 3131/4982/2026 3140/4939/2026
f 3131/4982/2027 3115/4926/2027 3140/4939/2027
f 3137/4928/2028 3138/4975/2028 3119/4968/2028
f 3137/4928/2029 3127/4927/2029 3138/4975/2029
f 3127/4927/2030 3114/4983/2030 3138/4975/2030
f 3135/4925/2031 3136/4942/2031 3123/4955/2031
f 3135/4925/2032 3128/4921/2032 3136/4942/2032
f 3128/4921/2033 3118/4935/2033 3136/4942/2033
f 3129/4984/2034 3134/4936/2034 3118/4935/2034
f 3129/4924/2035 3132/4923/2035 3134/4985/2035
f 3132/4986/2036 3117/4932/2036 3134/4978/2036
f 3132/4986/2037 3133/4933/2037 3117/4932/2037
f 3132/4923/2038 3130/4922/2038 3133/4987/2038
f 3130/4988/2039 3116/4929/2039 3133/4980/2039
f 3130/4988/2040 3131/4930/2040 3116/4929/2040
f 3130/4922/2041 3125/4918/2041 3131/4989/2041
f 3125/4918/2042 3115/4990/2042 3131/4989/2042
f 3128/4921/2043 3129/4984/2043 3118/4935/2043
f 3128/4991/2044 3126/4917/2044 3129/4924/2044
f 3126/4917/2045 3113/4916/2045 3129/4924/2045
f 3125/4918/2046 3127/4992/2046 3115/4990/2046
f 3125/4918/2047 3126/4917/2047 3127/4992/2047
f 3126/4917/2048 3114/4993/2048 3127/4992/2048
f 3155/4994/1969 3168/4995/1969 3167/4996/1969
f 3156/4997/1970 3168/4998/1970 3170/4999/1970
f 3155/4994/1971 3167/4996/1971 3172/5000/1971
f 3155/4994/1972 3172/5000/1972 3174/5001/1972
f 3155/4994/1973 3174/5001/1973 3171/5002/1973
f 3156/4997/1974 3170/4999/1974 3177/5003/1974
f 3157/5004/1975 3169/5005/1975 3179/5006/1975
f 3158/5007/1976 3173/5008/1976 3181/5009/1976
f 3159/5010/1977 3175/5011/1977 3183/5012/1977
f 3160/5013/1978 3176/5014/1978 3185/5015/1978
f 3156/4997/1979 3177/5003/1979 3180/5016/1979
f 3157/5004/1980 3179/5006/1980 3182/5017/1980
f 3158/5007/1981 3181/5009/1981 3184/5018/1981
f 3159/5010/1982 3183/5012/1982 3186/5019/1982
f 3160/5013/1983 3185/5015/1983 3178/5020/1983
f 3161/5021/1984 3187/5022/1984 3192/5023/1984
f 3162/5024/1985 3188/5025/1985 3194/5026/1985
f 3163/5027/1986 3189/5028/1986 3195/5029/1986
f 3164/5030/1987 3190/5031/1987 3196/5032/1987
f 3165/5033/1988 3191/5034/1988 3193/5035/1988
f 3193/5036/1989 3196/5032/1989 3166/5037/1989
f 3193/5036/1990 3191/5038/1990 3196/5032/1990
f 3191/5038/1991 3164/5030/1991 3196/5032/1991
f 3196/5032/1992 3195/5039/1992 3166/5037/1992
f 3196/5032/1993 3190/5031/1993 3195/5039/1993
f 3190/5031/1994 3163/5040/1994 3195/5039/1994
f 3195/5039/1995 3194/5041/1995 3166/5037/1995
f 3195/5039/1996 3189/5042/1996 3194/5041/1996
f 3189/5028/1997 3162/5043/1997 3194/5044/1997
f 3194/5041/1998 3192/5023/1998 3166/5037/1998
f 3194/5041/1999 3188/5045/1999 3192/5023/1999
f 3188/5025/2000 3161/5046/2000 3192/5047/2000
f 3192/5023/2001 3193/5036/2001 3166/5037/2001
f 3192/5023/2002 3187/5022/2002 3193/5036/2002
f 3187/5048/2003 3165/5033/2003 3193/5035/2003
f 3178/5020/2004 3191/5034/2004 3165/5033/2004
f 3178/5020/2005 3185/5015/2005 3191/5034/2005
f 3185/5015/2006 3164/5049/2006 3191/5034/2006
f 3186/5019/2007 3190/5050/2007 3164/5051/2007
f 3186/5019/2008 3183/5012/2008 3190/5050/2008
f 3183/5012/2009 3163/5052/2009 3190/5050/2009
f 3184/5018/2010 3189/5028/2010 3163/5027/2010
f 3184/5018/2011 3181/5009/2011 3189/5028/2011
f 3181/5009/2012 3162/5043/2012 3189/5028/2012
f 3182/5017/2013 3188/5025/2013 3162/5024/2013
f 3182/5017/2014 3179/5006/2014 3188/5025/2014
f 3179/5006/2015 3161/5046/2015 3188/5025/2015
f 3180/5053/2016 3187/5054/2016 3161/5046/2016
f 3180/5016/2017 3177/5003/2017 3187/5048/2017
f 3177/5003/2018 3165/5033/2018 3187/5048/2018
f 3185/5055/2019 3186/5019/2019 3164/5051/2019
f 3185/5055/2020 3176/5056/2020 3186/5019/2020
f 3176/5056/2021 3159/5010/2021 3186/5019/2021
f 3183/5057/2022 3184/5018/2022 3163/5027/2022
f 3183/5057/2023 3175/5058/2023 3184/5018/2023
f 3175/5058/2024 3158/5007/2024 3184/5018/2024
f 3181/5059/2025 3182/5017/2025 3162/5024/2025
f 3181/5059/2026 3173/5060/2026 3182/5017/2026
f 3173/5060/2027 3157/5004/2027 3182/5017/2027
f 3179/5006/2028 3180/5053/2028 3161/5046/2028
f 3179/5006/2029 3169/5005/2029 3180/5053/2029
f 3169/5005/2030 3156/5061/2030 3180/5053/2030
f 3177/5003/2031 3178/5020/2031 3165/5033/2031
f 3177/5003/2032 3170/4999/2032 3178/5020/2032
f 3170/4999/2033 3160/5013/2033 3178/5020/2033
f 3171/5062/2034 3176/5014/2034 3160/5013/2034
f 3171/5002/2035 3174/5001/2035 3176/5063/2035
f 3174/5064/2036 3159/5010/2036 3176/5056/2036
f 3174/5064/2037 3175/5011/2037 3159/5010/2037
f 3174/5001/2038 3172/5000/2038 3175/5065/2038
f 3172/5066/2039 3158/5007/2039 3175/5058/2039
f 3172/5066/2040 3173/5008/2040 3158/5007/2040
f 3172/5000/2041 3167/4996/2041 3173/5067/2041
f 3167/4996/2042 3157/5068/2042 3173/5067/2042
f 3170/4999/2043 3171/5062/2043 3160/5013/2043
f 3170/5069/2044 3168/4995/2044 3171/5002/2044
f 3168/4995/2045 3155/4994/2045 3171/5002/2045
f 3167/4996/2046 3169/5070/2046 3157/5068/2046
f 3167/4996/2047 3168/4995/2047 3169/5070/2047
f 3168/4995/2048 3156/5071/2048 3169/5070/2048
f 3197/5072/1969 3210/5073/1969 3209/5074/1969
f 3198/5075/1970 3210/5076/1970 3212/5077/1970
f 3197/5072/1971 3209/5074/1971 3214/5078/1971
f 3197/5072/1972 3214/5078/1972 3216/5079/1972
f 3197/5072/1973 3216/5079/1973 3213/5080/1973
f 3198/5075/1974 3212/5077/1974 3219/5081/1974
f 3199/5082/1975 3211/5083/1975 3221/5084/1975
f 3200/5085/1976 3215/5086/1976 3223/5087/1976
f 3201/5088/1977 3217/5089/1977 3225/5090/1977
f 3202/5091/1978 3218/5092/1978 3227/5093/1978
f 3198/5075/1979 3219/5081/1979 3222/5094/1979
f 3199/5082/1980 3221/5084/1980 3224/5095/1980
f 3200/5085/1981 3223/5087/1981 3226/5096/1981
f 3201/5088/1982 3225/5090/1982 3228/5097/1982
f 3202/5091/1983 3227/5093/1983 3220/5098/1983
f 3203/5099/1984 3229/5100/1984 3234/5101/1984
f 3204/5102/1985 3230/5103/1985 3236/5104/1985
f 3205/5105/1986 3231/5106/1986 3237/5107/1986
f 3206/5108/1987 3232/5109/1987 3238/5110/1987
f 3207/5111/1988 3233/5112/1988 3235/5113/1988
f 3235/5114/1989 3238/5110/1989 3208/5115/1989
f 3235/5114/1990 3233/5116/1990 3238/5110/1990
f 3233/5116/1991 3206/5108/1991 3238/5110/1991
f 3238/5110/1992 3237/5117/1992 3208/5115/1992
f 3238/5110/1993 3232/5109/1993 3237/5117/1993
f 3232/5109/1994 3205/5118/1994 3237/5117/1994
f 3237/5117/1995 3236/5119/1995 3208/5115/1995
f 3237/5117/1996 3231/5120/1996 3236/5119/1996
f 3231/5106/1997 3204/5121/1997 3236/5122/1997
f 3236/5119/1998 3234/5101/1998 3208/5115/1998
f 3236/5119/1999 3230/5123/1999 3234/5101/1999
f 3230/5103/2000 3203/5124/2000 3234/5125/2000
f 3234/5101/2001 3235/5114/2001 3208/5115/2001
f 3234/5101/2002 3229/5100/2002 3235/5114/2002
f 3229/5126/2003 3207/5111/2003 3235/5113/2003
f 3220/5098/2004 3233/5112/2004 3207/5111/2004
f 3220/5098/2005 3227/5093/2005 3233/5112/2005
f 3227/5093/2006 3206/5127/2006 3233/5112/2006
f 3228/5097/2007 3232/5128/2007 3206/5129/2007
f 3228/5097/2008 3225/5090/2008 3232/5128/2008
f 3225/5090/2009 3205/5130/2009 3232/5128/2009
f 3226/5096/2010 3231/5106/2010 3205/5105/2010
f 3226/5096/2011 3223/5087/2011 3231/5106/2011
f 3223/5087/2012 3204/5121/2012 3231/5106/2012
f 3224/5095/2013 3230/5103/2013 3204/5102/2013
f 3224/5095/2014 3221/5084/2014 3230/5103/2014
f 3221/5084/2015 3203/5124/2015 3230/5103/2015
f 3222/5131/2016 3229/5132/2016 3203/5124/2016
f 3222/5094/2017 3219/5081/2017 3229/5126/2017
f 3219/5081/2018 3207/5111/2018 3229/5126/2018
f 3227/5133/2019 3228/5097/2019 3206/5129/2019
f 3227/5133/2020 3218/5134/2020 3228/5097/2020
f 3218/5134/2021 3201/5088/2021 3228/5097/2021
f 3225/5135/2022 3226/5096/2022 3205/5105/2022
f 3225/5135/2023 3217/5136/2023 3226/5096/2023
f 3217/5136/2024 3200/5085/2024 3226/5096/2024
f 3223/5137/2025 3224/5095/2025 3204/5102/2025
f 3223/5137/2026 3215/5138/2026 3224/5095/2026
f 3215/5138/2027 3199/5082/2027 3224/5095/2027
f 3221/5084/2028 3222/5131/2028 3203/5124/2028
f 3221/5084/2029 3211/5083/2029 3222/5131/2029
f 3211/5083/2030 3198/5139/2030 3222/5131/2030
f 3219/5081/2031 3220/5098/2031 3207/5111/2031
f 3219/5081/2032 3212/5077/2032 3220/5098/2032
f 3212/5077/2033 3202/5091/2033 3220/5098/2033
f 3213/5140/2034 3218/5092/2034 3202/5091/2034
f 3213/5080/2035 3216/5079/2035 3218/5141/2035
f 3216/5142/2036 3201/5088/2036 3218/5134/2036
f 3216/5142/2037 3217/5089/2037 3201/5088/2037
f 3216/5079/2038 3214/5078/2038 3217/5143/2038
f 3214/5144/2039 3200/5085/2039 3217/5136/2039
f 3214/5144/2040 3215/5086/2040 3200/5085/2040
f 3214/5078/2041 3209/5074/2041 3215/5145/2041
f 3209/5074/2042 3199/5146/2042 3215/5145/2042
f 3212/5077/2043 3213/5140/2043 3202/5091/2043
f 3212/5147/2044 3210/5073/2044 3213/5080/2044
f 3210/5073/2045 3197/5072/2045 3213/5080/2045
f 3209/5074/2046 3211/5148/2046 3199/5146/2046
f 3209/5074/2047 3210/5073/2047 3211/5148/2047
f 3210/5073/2048 3198/5149/2048 3211/5148/2048
f 3239/5150/1969 3252/5151/1969 3251/5152/1969
f 3240/5153/1970 3252/5154/1970 3254/5155/1970
f 3239/5150/1971 3251/5152/1971 3256/5156/1971
f 3239/5150/1972 3256/5156/1972 3258/5157/1972
f 3239/5150/1973 3258/5157/1973 3255/5158/1973
f 3240/5153/1974 3254/5155/1974 3261/5159/1974
f 3241/5160/1975 3253/5161/1975 3263/5162/1975
f 3242/5163/1976 3257/5164/1976 3265/5165/1976
f 3243/5166/1977 3259/5167/1977 3267/5168/1977
f 3244/5169/1978 3260/5170/1978 3269/5171/1978
f 3240/5153/1979 3261/5159/1979 3264/5172/1979
f 3241/5160/1980 3263/5162/1980 3266/5173/1980
f 3242/5163/1981 3265/5165/1981 3268/5174/1981
f 3243/5166/1982 3267/5168/1982 3270/5175/1982
f 3244/5169/1983 3269/5171/1983 3262/5176/1983
f 3245/5177/1984 3271/5178/1984 3276/5179/1984
f 3246/5180/1985 3272/5181/1985 3278/5182/1985
f 3247/5183/1986 3273/5184/1986 3279/5185/1986
f 3248/5186/1987 3274/5187/1987 3280/5188/1987
f 3249/5189/1988 3275/5190/1988 3277/5191/1988
f 3277/5192/1989 3280/5188/1989 3250/5193/1989
f 3277/5192/1990 3275/5194/1990 3280/5188/1990
f 3275/5194/1991 3248/5186/1991 3280/5188/1991
f 3280/5188/1992 3279/5195/1992 3250/5193/1992
f 3280/5188/1993 3274/5187/1993 3279/5195/1993
f 3274/5187/1994 3247/5196/1994 3279/5195/1994
f 3279/5195/1995 3278/5197/1995 3250/5193/1995
f 3279/5195/1996 3273/5198/1996 3278/5197/1996
f 3273/5184/1997 3246/5199/1997 3278/5200/1997
f 3278/5197/1998 3276/5179/1998 3250/5193/1998
f 3278/5197/1999 3272/5201/1999 3276/5179/1999
f 3272/5181/2000 3245/5202/2000 3276/5203/2000
f 3276/5179/2001 3277/5192/2001 3250/5193/2001
f 3276/5179/2002 3271/5178/2002 3277/5192/2002
f 3271/5204/2003 3249/5189/2003 3277/5191/2003
f 3262/5176/2004 3275/5190/2004 3249/5189/2004
f 3262/5176/2005 3269/5171/2005 3275/5190/2005
f 3269/5171/2006 3248/5205/2006 3275/5190/2006
f 3270/5175/2007 3274/5206/2007 3248/5207/2007
f 3270/5175/2008 3267/5168/2008 3274/5206/2008
f 3267/5168/2009 3247/5208/2009 3274/5206/2009
f 3268/5174/2010 3273/5184/2010 3247/5183/2010
f 3268/5174/2011 3265/5165/2011 3273/5184/2011
f 3265/5165/2012 3246/5199/2012 3273/5184/2012
f 3266/5173/2013 3272/5181/2013 3246/5180/2013
f 3266/5173/2014 3263/5162/2014 3272/5181/2014
f 3263/5162/2015 3245/5202/2015 3272/5181/2015
f 3264/5209/2016 3271/5210/2016 3245/5202/2016
f 3264/5172/2017 3261/5159/2017 3271/5204/2017
f 3261/5159/2018 3249/5189/2018 3271/5204/2018
f 3269/5211/2019 3270/5175/2019 3248/5207/2019
f 3269/5211/2020 3260/5212/2020 3270/5175/2020
f 3260/5212/2021 3243/5166/2021 3270/5175/2021
f 3267/5213/2022 3268/5174/2022 3247/5183/2022
f 3267/5213/2023 3259/5214/2023 3268/5174/2023
f 3259/5214/2024 3242/5163/2024 3268/5174/2024
f 3265/5215/2025 3266/5173/2025 3246/5180/2025
f 3265/5215/2026 3257/5216/2026 3266/5173/2026
f 3257/5216/2027 3241/5160/2027 3266/5173/2027
f 3263/5162/2028 3264/5209/2028 3245/5202/2028
f 3263/5162/2029 3253/5161/2029 3264/5209/2029
f 3253/5161/2030 3240/5217/2030 3264/5209/2030
f 3261/5159/2031 3262/5176/2031 3249/5189/2031
f 3261/5159/2032 3254/5155/2032 3262/5176/2032
f 3254/5155/2033 3244/5169/2033 3262/5176/2033
f 3255/5218/2034 3260/5170/2034 3244/5169/2034
f 3255/5158/2035 3258/5157/2035 3260/5219/2035
f 3258/5220/2036 3243/5166/2036 3260/5212/2036
f 3258/5220/2037 3259/5167/2037 3243/5166/2037
f 3258/5157/2038 3256/5156/2038 3259/5221/2038
f 3256/5222/2039 3242/5163/2039 3259/5214/2039
f 3256/5222/2040 3257/5164/2040 3242/5163/2040
f 3256/5156/2041 3251/5152/2041 3257/5223/2041
f 3251/5152/2042 3241/5224/2042 3257/5223/2042
f 3254/5155/2043 3255/5218/2043 3244/5169/2043
f 3254/5225/2044 3252/5151/2044 3255/5158/2044
f 3252/5151/2045 3239/5150/2045 3255/5158/2045
f 3251/5152/2046 3253/5226/2046 3241/5224/2046
f 3251/5152/2047 3252/5151/2047 3253/5226/2047
f 3252/5151/2048 3240/5227/2048 3253/5226/2048
f 3281/5228/1969 3294/5229/1969 3293/5230/1969
f 3282/5231/1970 3294/5232/1970 3296/5233/1970
f 3281/5228/1971 3293/5230/1971 3298/5234/1971
f 3281/5228/1972 3298/5234/1972 3300/5235/1972
f 3281/5228/1973 3300/5235/1973 3297/5236/1973
f 3282/5231/1974 3296/5233/1974 3303/5237/1974
f 3283/5238/1975 3295/5239/1975 3305/5240/1975
f 3284/5241/1976 3299/5242/1976 3307/5243/1976
f 3285/5244/1977 3301/5245/1977 3309/5246/1977
f 3286/5247/1978 3302/5248/1978 3311/5249/1978
f 3282/5231/1979 3303/5237/1979 3306/5250/1979
f 3283/5238/1980 3305/5240/1980 3308/5251/1980
f 3284/5241/1981 3307/5243/1981 3310/5252/1981
f 3285/5244/1982 3309/5246/1982 3312/5253/1982
f 3286/5247/1983 3311/5249/1983 3304/5254/1983
f 3287/5255/1984 3313/5256/1984 3318/5257/1984
f 3288/5258/1985 3314/5259/1985 3320/5260/1985
f 3289/5261/1986 3315/5262/1986 3321/5263/1986
f 3290/5264/1987 3316/5265/1987 3322/5266/1987
f 3291/5267/1988 3317/5268/1988 3319/5269/1988
f 3319/5270/1989 3322/5266/1989 3292/5271/1989
f 3319/5270/1990 3317/5272/1990 3322/5266/1990
f 3317/5272/1991 3290/5264/1991 3322/5266/1991
f 3322/5266/1992 3321/5273/1992 3292/5271/1992
f 3322/5266/1993 3316/5265/1993 3321/5273/1993
f 3316/5265/1994 3289/5274/1994 3321/5273/1994
f 3321/5273/1995 3320/5275/1995 3292/5271/1995
f 3321/5273/1996 3315/5276/1996 3320/5275/1996
f 3315/5262/1997 3288/5277/1997 3320/5278/1997
f 3320/5275/1998 3318/5257/1998 3292/5271/1998
f 3320/5275/1999 3314/5279/1999 3318/5257/1999
f 3314/5259/2000 3287/5280/2000 3318/5281/2000
f 3318/5257/2001 3319/5270/2001 3292/5271/2001
f 3318/5257/2002 3313/5256/2002 3319/5270/2002
f 3313/5282/2003 3291/5267/2003 3319/5269/2003
f 3304/5254/2004 3317/5268/2004 3291/5267/2004
f 3304/5254/2005 3311/5249/2005 3317/5268/2005
f 3311/5249/2006 3290/5283/2006 3317/5268/2006
f 3312/5253/2007 3316/5284/2007 3290/5285/2007
f 3312/5253/2008 3309/5246/2008 3316/5284/2008
f 3309/5246/2009 3289/5286/2009 3316/5284/2009
f 3310/5252/2010 3315/5262/2010 3289/5261/2010
f 3310/5252/2011 3307/5243/2011 3315/5262/2011
f 3307/5243/2012 3288/5277/2012 3315/5262/2012
f 3308/5251/2013 3314/5259/2013 3288/5258/2013
f 3308/5251/2014 3305/5240/2014 3314/5259/2014
f 3305/5240/2015 3287/5280/2015 3314/5259/2015
f 3306/5287/2016 3313/5288/2016 3287/5280/2016
f 3306/5250/2017 3303/5237/2017 3313/5282/2017
f 3303/5237/2018 3291/5267/2018 3313/5282/2018
f 3311/5289/2019 3312/5253/2019 3290/5285/2019
f 3311/5289/2020 3302/5290/2020 3312/5253/2020
f 3302/5290/2021 3285/5244/2021 3312/5253/2021
f 3309/5291/2022 3310/5252/2022 3289/5261/2022
f 3309/5291/2023 3301/5292/2023 3310/5252/2023
f 3301/5292/2024 3284/5241/2024 3310/5252/2024
f 3307/5293/2025 3308/5251/2025 3288/5258/2025
f 3307/5293/2026 3299/5294/2026 3308/5251/2026
f 3299/5294/2027 3283/5238/2027 3308/5251/2027
f 3305/5240/2028 3306/5287/2028 3287/5280/2028
f 3305/5240/2029 3295/5239/2029 3306/5287/2029
f 3295/5239/2030 3282/5295/2030 3306/5287/2030
f 3303/5237/2031 3304/5254/2031 3291/5267/2031
f 3303/5237/2032 3296/5233/2032 3304/5254/2032
f 3296/5233/2033 3286/5247/2033 3304/5254/2033
f 3297/5296/2034 3302/5248/2034 3286/5247/2034
f 3297/5236/2035 3300/5235/2035 3302/5297/2035
f 3300/5298/2036 3285/5244/2036 3302/5290/2036
f 3300/5298/2037 3301/5245/2037 3285/5244/2037
f 3300/5235/2038 3298/5234/2038 3301/5299/2038
f 3298/5300/2039 3284/5241/2039 3301/5292/2039
f 3298/5300/2040 3299/5242/2040 3284/5241/2040
f 3298/5234/2041 3293/5230/2041 3299/5301/2041
f 3293/5230/2042 3283/5302/2042 3299/5301/2042
f 3296/5233/2043 3297/5296/2043 3286/5247/2043
f 3296/5303/2044 3294/5229/2044 3297/5236/2044
f 3294/5229/2045 3281/5228/2045 3297/5236/2045
f 3293/5230/2046 3295/5304/2046 3283/5302/2046
f 3293/5230/2047 3294/5229/2047 3295/5304/2047
f 3294/5229/2048 3282/5305/2048 3295/5304/2048
f 3323/5306/1969 3336/5307/1969 3335/5308/1969
f 3324/5309/1970 3336/5310/1970 3338/5311/1970
f 3323/5306/1971 3335/5308/1971 3340/5312/1971
f 3323/5306/1972 3340/5312/1972 3342/5313/1972
f 3323/5306/1973 3342/5313/1973 3339/5314/1973
f 3324/5309/1974 3338/5311/1974 3345/5315/1974
f 3325/5316/1975 3337/5317/1975 3347/5318/1975
f 3326/5319/1976 3341/5320/1976 3349/5321/1976
f 3327/5322/1977 3343/5323/1977 3351/5324/1977
f 3328/5325/1978 3344/5326/1978 3353/5327/1978
f 3324/5309/1979 3345/5315/1979 3348/5328/1979
f 3325/5316/1980 3347/5318/1980 3350/5329/1980
f 3326/5319/1981 3349/5321/1981 3352/5330/1981
f 3327/5322/1982 3351/5324/1982 3354/5331/1982
f 3328/5325/1983 3353/5327/1983 3346/5332/1983
f 3329/5333/1984 3355/5334/1984 3360/5335/1984
f 3330/5336/1985 3356/5337/1985 3362/5338/1985
f 3331/5339/1986 3357/5340/1986 3363/5341/1986
f 3332/5342/1987 3358/5343/1987 3364/5344/1987
f 3333/5345/1988 3359/5346/1988 3361/5347/1988
f 3361/5348/1989 3364/5344/1989 3334/5349/1989
f 3361/5348/1990 3359/5350/1990 3364/5344/1990
f 3359/5350/1991 3332/5342/1991 3364/5344/1991
f 3364/5344/1992 3363/5351/1992 3334/5349/1992
f 3364/5344/1993 3358/5343/1993 3363/5351/1993
f 3358/5343/1994 3331/5352/1994 3363/5351/1994
f 3363/5351/1995 3362/5353/1995 3334/5349/1995
f 3363/5351/1996 3357/5354/1996 3362/5353/1996
f 3357/5340/1997 3330/5355/1997 3362/5356/1997
f 3362/5353/1998 3360/5335/1998 3334/5349/1998
f 3362/5353/1999 3356/5357/1999 3360/5335/1999
f 3356/5337/2000 3329/5358/2000 3360/5359/2000
f 3360/5335/2001 3361/5348/2001 3334/5349/2001
f 3360/5335/2002 3355/5334/2002 3361/5348/2002
f 3355/5360/2003 3333/5345/2003 3361/5347/2003
f 3346/5332/2004 3359/5346/2004 3333/5345/2004
f 3346/5332/2005 3353/5327/2005 3359/5346/2005
f 3353/5327/2006 3332/5361/2006 3359/5346/2006
f 3354/5331/2007 3358/5362/2007 3332/5363/2007
f 3354/5331/2008 3351/5324/2008 3358/5362/2008
f 3351/5324/2009 3331/5364/2009 3358/5362/2009
f 3352/5330/2010 3357/5340/2010 3331/5339/2010
f 3352/5330/2011 3349/5321/2011 3357/5340/2011
f 3349/5321/2012 3330/5355/2012 3357/5340/2012
f 3350/5329/2013 3356/5337/2013 3330/5336/2013
f 3350/5329/2014 3347/5318/2014 3356/5337/2014
f 3347/5318/2015 3329/5358/2015 3356/5337/2015
f 3348/5365/2016 3355/5366/2016 3329/5358/2016
f 3348/5328/2017 3345/5315/2017 3355/5360/2017
f 3345/5315/2018 3333/5345/2018 3355/5360/2018
f 3353/5367/2019 3354/5331/2019 3332/5363/2019
f 3353/5367/2020 3344/5368/2020 3354/5331/2020
f 3344/5368/2021 3327/5322/2021 3354/5331/2021
f 3351/5369/2022 3352/5330/2022 3331/5339/2022
f 3351/5369/2023 3343/5370/2023 3352/5330/2023
f 3343/5370/2024 3326/5319/2024 3352/5330/2024
f 3349/5371/2025 3350/5329/2025 3330/5336/2025
f 3349/5371/2026 3341/5372/2026 3350/5329/2026
f 3341/5372/2027 3325/5316/2027 3350/5329/2027
f 3347/5318/2028 3348/5365/2028 3329/5358/2028
f 3347/5318/2029 3337/5317/2029 3348/5365/2029
f 3337/5317/2030 3324/5373/2030 3348/5365/2030
f 3345/5315/2031 3346/5332/2031 3333/5345/2031
f 3345/5315/2032 3338/5311/2032 3346/5332/2032
f 3338/5311/2033 3328/5325/2033 3346/5332/2033
f 3339/5374/2034 3344/5326/2034 3328/5325/2034
f 3339/5314/2035 3342/5313/2035 3344/5375/2035
f 3342/5376/2036 3327/5322/2036 3344/5368/2036
f 3342/5376/2037 3343/5323/2037 3327/5322/2037
f 3342/5313/2038 3340/5312/2038 3343/5377/2038
f 3340/5378/2039 3326/5319/2039 3343/5370/2039
f 3340/5378/2040 3341/5320/2040 3326/5319/2040
f 3340/5312/2041 3335/5308/2041 3341/5379/2041
f 3335/5308/2042 3325/5380/2042 3341/5379/2042
f 3338/5311/2043 3339/5374/2043 3328/5325/2043
f 3338/5381/2044 3336/5307/2044 3339/5314/2044
f 3336/5307/2045 3323/5306/2045 3339/5314/2045
f 3335/5308/2046 3337/5382/2046 3325/5380/2046
f 3335/5308/2047 3336/5307/2047 3337/5382/2047
f 3336/5307/2048 3324/5383/2048 3337/5382/2048
f 3365/5384/1969 3378/5385/1969 3377/5386/1969
f 3366/5387/1970 3378/5388/1970 3380/5389/1970
f 3365/5384/1971 3377/5386/1971 3382/5390/1971
f 3365/5384/1972 3382/5390/1972 3384/5391/1972
f 3365/5384/1973 3384/5391/1973 3381/5392/1973
f 3366/5387/1974 3380/5389/1974 3387/5393/1974
f 3367/5394/1975 3379/5395/1975 3389/5396/1975
f 3368/5397/1976 3383/5398/1976 3391/5399/1976
f 3369/5400/1977 3385/5401/1977 3393/5402/1977
f 3370/5403/1978 3386/5404/1978 3395/5405/1978
f 3366/5387/1979 3387/5393/1979 3390/5406/1979
f 3367/5394/1980 3389/5396/1980 3392/5407/1980
f 3368/5397/1981 3391/5399/1981 3394/5408/1981
f 3369/5400/1982 3393/5402/1982 3396/5409/1982
f 3370/5403/1983 3395/5405/1983 3388/5410/1983
f 3371/5411/1984 3397/5412/1984 3402/5413/1984
f 3372/5414/1985 3398/5415/1985 3404/5416/1985
f 3373/5417/1986 3399/5418/1986 3405/5419/1986
f 3374/5420/1987 3400/5421/1987 3406/5422/1987
f 3375/5423/1988 3401/5424/1988 3403/5425/1988
f 3403/5426/1989 3406/5422/1989 3376/5427/1989
f 3403/5426/1990 3401/5428/1990 3406/5422/1990
f 3401/5428/1991 3374/5420/1991 3406/5422/1991
f 3406/5422/1992 3405/5429/1992 3376/5427/1992
f 3406/5422/1993 3400/5421/1993 3405/5429/1993
f 3400/5421/1994 3373/5430/1994 3405/5429/1994
f 3405/5429/1995 3404/5431/1995 3376/5427/1995
f 3405/5429/1996 3399/5432/1996 3404/5431/1996
f 3399/5418/1997 3372/5433/1997 3404/5434/1997
f 3404/5431/1998 3402/5413/1998 3376/5427/1998
f 3404/5431/1999 3398/5435/1999 3402/5413/1999
f 3398/5415/2000 3371/5436/2000 3402/5437/2000
f 3402/5413/2001 3403/5426/2001 3376/5427/2001
f 3402/5413/2002 3397/5412/2002 3403/5426/2002
f 3397/5438/2003 3375/5423/2003 3403/5425/2003
f 3388/5410/2004 3401/5424/2004 3375/5423/2004
f 3388/5410/2005 3395/5405/2005 3401/5424/2005
f 3395/5405/2006 3374/5439/2006 3401/5424/2006
f 3396/5409/2007 3400/5440/2007 3374/5441/2007
f 3396/5409/2008 3393/5402/2008 3400/5440/2008
f 3393/5402/2009 3373/5442/2009 3400/5440/2009
f 3394/5408/2010 3399/5418/2010 3373/5417/2010
f 3394/5408/2011 3391/5399/2011 3399/5418/2011
f 3391/5399/2012 3372/5433/2012 3399/5418/2012
f 3392/5407/2013 3398/5415/2013 3372/5414/2013
f 3392/5407/2014 3389/5396/2014 3398/5415/2014
f 3389/5396/2015 3371/5436/2015 3398/5415/2015
f 3390/5443/2016 3397/5444/2016 3371/5436/2016
f 3390/5406/2017 3387/5393/2017 3397/5438/2017
f 3387/5393/2018 3375/5423/2018 3397/5438/2018
f 3395/5445/2019 3396/5409/2019 3374/5441/2019
f 3395/5445/2020 3386/5446/2020 3396/5409/2020
f 3386/5446/2021 3369/5400/2021 3396/5409/2021
f 3393/5447/2022 3394/5408/2022 3373/5417/2022
f 3393/5447/2023 3385/5448/2023 3394/5408/2023
f 3385/5448/2024 3368/5397/2024 3394/5408/2024
f 3391/5449/2025 3392/5407/2025 3372/5414/2025
f 3391/5449/2026 3383/5450/2026 3392/5407/2026
f 3383/5450/2027 3367/5394/2027 3392/5407/2027
f 3389/5396/2028 3390/5443/2028 3371/5436/2028
f 3389/5396/2029 3379/5395/2029 3390/5443/2029
f 3379/5395/2030 3366/5451/2030 3390/5443/2030
f 3387/5393/2031 3388/5410/2031 3375/5423/2031
f 3387/5393/2032 3380/5389/2032 3388/5410/2032
f 3380/5389/2033 3370/5403/2033 3388/5410/2033
f 3381/5452/2034 3386/5404/2034 3370/5403/2034
f 3381/5392/2035 3384/5391/2035 3386/5453/2035
f 3384/5454/2036 3369/5400/2036 3386/5446/2036
f 3384/5454/2037 3385/5401/2037 3369/5400/2037
f 3384/5391/2038 3382/5390/2038 3385/5455/2038
f 3382/5456/2039 3368/5397/2039 3385/5448/2039
f 3382/5456/2040 3383/5398/2040 3368/5397/2040
f 3382/5390/2041 3377/5386/2041 3383/5457/2041
f 3377/5386/2042 3367/5458/2042 3383/5457/2042
f 3380/5389/2043 3381/5452/2043 3370/5403/2043
f 3380/5459/2044 3378/5385/2044 3381/5392/2044
f 3378/5385/2045 3365/5384/2045 3381/5392/2045
f 3377/5386/2046 3379/5460/2046 3367/5458/2046
f 3377/5386/2047 3378/5385/2047 3379/5460/2047
f 3378/5385/2048 3366/5461/2048 3379/5460/2048
f 3407/5462/1969 3420/5463/1969 3419/5464/1969
f 3408/5465/1970 3420/5466/1970 3422/5467/1970
f 3407/5462/1971 3419/5464/1971 3424/5468/1971
f 3407/5462/1972 3424/5468/1972 3426/5469/1972
f 3407/5462/1973 3426/5469/1973 3423/5470/1973
f 3408/5465/1974 3422/5467/1974 3429/5471/1974
f 3409/5472/1975 3421/5473/1975 3431/5474/1975
f 3410/5475/1976 3425/5476/1976 3433/5477/1976
f 3411/5478/1977 3427/5479/1977 3435/5480/1977
f 3412/5481/1978 3428/5482/1978 3437/5483/1978
f 3408/5465/1979 3429/5471/1979 3432/5484/1979
f 3409/5472/1980 3431/5474/1980 3434/5485/1980
f 3410/5475/1981 3433/5477/1981 3436/5486/1981
f 3411/5478/1982 3435/5480/1982 3438/5487/1982
f 3412/5481/1983 3437/5483/1983 3430/5488/1983
f 3413/5489/1984 3439/5490/1984 3444/5491/1984
f 3414/5492/1985 3440/5493/1985 3446/5494/1985
f 3415/5495/1986 3441/5496/1986 3447/5497/1986
f 3416/5498/1987 3442/5499/1987 3448/5500/1987
f 3417/5501/1988 3443/5502/1988 3445/5503/1988
f 3445/5504/1989 3448/5500/1989 3418/5505/1989
f 3445/5504/1990 3443/5506/1990 3448/5500/1990
f 3443/5506/1991 3416/5498/1991 3448/5500/1991
f 3448/5500/1992 3447/5507/1992 3418/5505/1992
f 3448/5500/1993 3442/5499/1993 3447/5507/1993
f 3442/5499/1994 3415/5508/1994 3447/5507/1994
f 3447/5507/1995 3446/5509/1995 3418/5505/1995
f 3447/5507/1996 3441/5510/1996 3446/5509/1996
f 3441/5496/1997 3414/5511/1997 3446/5512/1997
f 3446/5509/1998 3444/5491/1998 3418/5505/1998
f 3446/5509/1999 3440/5513/1999 3444/5491/1999
f 3440/5493/2000 3413/5514/2000 3444/5515/2000
f 3444/5491/2001 3445/5504/2001 3418/5505/2001
f 3444/5491/2002 3439/5490/2002 3445/5504/2002
f 3439/5516/2003 3417/5501/2003 3445/5503/2003
f 3430/5488/2004 3443/5502/2004 3417/5501/2004
f 3430/5488/2005 3437/5483/2005 3443/5502/2005
f 3437/5483/2006 3416/5517/2006 3443/5502/2006
f 3438/5487/2007 3442/5518/2007 3416/5519/2007
f 3438/5487/2008 3435/5480/2008 3442/5518/2008
f 3435/5480/2009 3415/5520/2009 3442/5518/2009
f 3436/5486/2010 3441/5496/2010 3415/5495/2010
f 3436/5486/2011 3433/5477/2011 3441/5496/2011
f 3433/5477/2012 3414/5511/2012 3441/5496/2012
f 3434/5485/2013 3440/5493/2013 3414/5492/2013
f 3434/5485/2014 3431/5474/2014 3440/5493/2014
f 3431/5474/2015 3413/5514/2015 3440/5493/2015
f 3432/5521/2016 3439/5522/2016 3413/5514/2016
f 3432/5484/2017 3429/5471/2017 3439/5516/2017
f 3429/5471/2018 3417/5501/2018 3439/5516/2018
f 3437/5523/2019 3438/5487/2019 3416/5519/2019
f 3437/5523/2020 3428/5524/2020 3438/5487/2020
f 3428/5524/2021 3411/5478/2021 3438/5487/2021
f 3435/5525/2022 3436/5486/2022 3415/5495/2022
f 3435/5525/2023 3427/5526/2023 3436/5486/2023
f 3427/5526/2024 3410/5475/2024 3436/5486/2024
f 3433/5527/2025 3434/5485/2025 3414/5492/2025
f 3433/5527/2026 3425/5528/2026 3434/5485/2026
f 3425/5528/2027 3409/5472/2027 3434/5485/2027
f 3431/5474/2028 3432/5521/2028 3413/5514/2028
f 3431/5474/2029 3421/5473/2029 3432/5521/2029
f 3421/5473/2030 3408/5529/2030 3432/5521/2030
f 3429/5471/2031 3430/5488/2031 3417/5501/2031
f 3429/5471/2032 3422/5467/2032 3430/5488/2032
f 3422/5467/2033 3412/5481/2033 3430/5488/2033
f 3423/5530/2034 3428/5482/2034 3412/5481/2034
f 3423/5470/2035 3426/5469/2035 3428/5531/2035
f 3426/5532/2036 3411/5478/2036 3428/5524/2036
f 3426/5532/2037 3427/5479/2037 3411/5478/2037
f 3426/5469/2038 3424/5468/2038 3427/5533/2038
f 3424/5534/2039 3410/5475/2039 3427/5526/2039
f 3424/5534/2040 3425/5476/2040 3410/5475/2040
f 3424/5468/2041 3419/5464/2041 3425/5535/2041
f 3419/5464/2042 3409/5536/2042 3425/5535/2042
f 3422/5467/2043 3423/5530/2043 3412/5481/2043
f 3422/5537/2044 3420/5463/2044 3423/5470/2044
f 3420/5463/2045 3407/5462/2045 3423/5470/2045
f 3419/5464/2046 3421/5538/2046 3409/5536/2046
f 3419/5464/2047 3420/5463/2047 3421/5538/2047
f 3420/5463/2048 3408/5539/2048 3421/5538/2048
f 3449/5540/1969 3462/5541/1969 3461/5542/1969
f 3450/5543/1970 3462/5544/1970 3464/5545/1970
f 3449/5540/1971 3461/5542/1971 3466/5546/1971
f 3449/5540/1972 3466/5546/1972 3468/5547/1972
f 3449/5540/1973 3468/5547/1973 3465/5548/1973
f 3450/5543/1974 3464/5545/1974 3471/5549/1974
f 3451/5550/1975 3463/5551/1975 3473/5552/1975
f 3452/5553/1976 3467/5554/1976 3475/5555/1976
f 3453/5556/1977 3469/5557/1977 3477/5558/1977
f 3454/5559/1978 3470/5560/1978 3479/5561/1978
f 3450/5543/1979 3471/5549/1979 3474/5562/1979
f 3451/5550/1980 3473/5552/1980 3476/5563/1980
f 3452/5553/1981 3475/5555/1981 3478/5564/1981
f 3453/5556/1982 3477/5558/1982 3480/5565/1982
f 3454/5559/1983 3479/5561/1983 3472/5566/1983
f 3455/5567/1984 3481/5568/1984 3486/5569/1984
f 3456/5570/1985 3482/5571/1985 3488/5572/1985
f 3457/5573/1986 3483/5574/1986 3489/5575/1986
f 3458/5576/1987 3484/5577/1987 3490/5578/1987
f 3459/5579/1988 3485/5580/1988 3487/5581/1988
f 3487/5582/1989 3490/5578/1989 3460/5583/1989
f 3487/5582/1990 3485/5584/1990 3490/5578/1990
f 3485/5584/1991 3458/5576/1991 3490/5578/1991
f 3490/5578/1992 3489/5585/1992 3460/5583/1992
f 3490/5578/1993 3484/5577/1993 3489/5585/1993
f 3484/5577/1994 3457/5586/1994 3489/5585/1994
f 3489/5585/1995 3488/5587/1995 3460/5583/1995
f 3489/5585/1996 3483/5588/1996 3488/5587/1996
f 3483/5574/1997 3456/5589/1997 3488/5590/1997
f 3488/5587/1998 3486/5569/1998 3460/5583/1998
f 3488/5587/1999 3482/5591/1999 3486/5569/1999
f 3482/5571/2000 3455/5592/2000 3486/5593/2000
f 3486/5569/2001 3487/5582/2001 3460/5583/2001
f 3486/5569/2002 3481/5568/2002 3487/5582/2002
f 3481/5594/2003 3459/5579/2003 3487/5581/2003
f 3472/5566/2004 3485/5580/2004 3459/5579/2004
f 3472/5566/2005 3479/5561/2005 3485/5580/2005
f 3479/5561/2006 3458/5595/2006 3485/5580/2006
f 3480/5565/2007 3484/5596/2007 3458/5597/2007
f 3480/5565/2008 3477/5558/2008 3484/5596/2008
f 3477/5558/2009 3457/5598/2009 3484/5596/2009
f 3478/5564/2010 3483/5574/2010 3457/5573/2010
f 3478/5564/2011 3475/5555/2011 3483/5574/2011
f 3475/5555/2012 3456/5589/2012 3483/5574/2012
f 3476/5563/2013 3482/5571/2013 3456/5570/2013
f 3476/5563/2014 3473/5552/2014 3482/5571/2014
f 3473/5552/2015 3455/5592/2015 3482/5571/2015
f 3474/5599/2016 3481/5600/2016 3455/5592/2016
f 3474/5562/2017 3471/5549/2017 3481/5594/2017
f 3471/5549/2018 3459/5579/2018 3481/5594/2018
f 3479/5601/2019 3480/5565/2019 3458/5597/2019
f 3479/5601/2020 3470/5602/2020 3480/5565/2020
f 3470/5602/2021 3453/5556/2021 3480/5565/2021
f 3477/5603/2022 3478/5564/2022 3457/5573/2022
f 3477/5603/2023 3469/5604/2023 3478/5564/2023
f 3469/5604/2024 3452/5553/2024 3478/5564/2024
f 3475/5605/2025 3476/5563/2025 3456/5570/2025
f 3475/5605/2026 3467/5606/2026 3476/5563/2026
f 3467/5606/2027 3451/5550/2027 3476/5563/2027
f 3473/5552/2028 3474/5599/2028 3455/5592/2028
f 3473/5552/2029 3463/5551/2029 3474/5599/2029
f 3463/5551/2030 3450/5607/2030 3474/5599/2030
f 3471/5549/2031 3472/5566/2031 3459/5579/2031
f 3471/5549/2032 3464/5545/2032 3472/5566/2032
f 3464/5545/2033 3454/5559/2033 3472/5566/2033
f 3465/5608/2034 3470/5560/2034 3454/5559/2034
f 3465/5548/2035 3468/5547/2035 3470/5609/2035
f 3468/5610/2036 3453/5556/2036 3470/5602/2036
f 3468/5610/2037 3469/5557/2037 3453/5556/2037
f 3468/5547/2038 3466/5546/2038 3469/5611/2038
f 3466/5612/2039 3452/5553/2039 3469/5604/2039
f 3466/5612/2040 3467/5554/2040 3452/5553/2040
f 3466/5546/2041 3461/5542/2041 3467/5613/2041
f 3461/5542/2042 3451/5614/2042 3467/5613/2042
f 3464/5545/2043 3465/5608/2043 3454/5559/2043
f 3464/5615/2044 3462/5541/2044 3465/5548/2044
f 3462/5541/2045 3449/5540/2045 3465/5548/2045
f 3461/5542/2046 3463/5616/2046 3451/5614/2046
f 3461/5542/2047 3462/5541/2047 3463/5616/2047
f 3462/5541/2048 3450/5617/2048 3463/5616/2048
f 3491/5618/1969 3504/5619/1969 3503/5620/1969
f 3492/5621/1970 3504/5622/1970 3506/5623/1970
f 3491/5618/1971 3503/5620/1971 3508/5624/1971
f 3491/5618/1972 3508/5624/1972 3510/5625/1972
f 3491/5618/1973 3510/5625/1973 3507/5626/1973
f 3492/5621/1974 3506/5623/1974 3513/5627/1974
f 3493/5628/1975 3505/5629/1975 3515/5630/1975
f 3494/5631/1976 3509/5632/1976 3517/5633/1976
f 3495/5634/1977 3511/5635/1977 3519/5636/1977
f 3496/5637/1978 3512/5638/1978 3521/5639/1978
f 3492/5621/1979 3513/5627/1979 3516/5640/1979
f 3493/5628/1980 3515/5630/1980 3518/5641/1980
f 3494/5631/1981 3517/5633/1981 3520/5642/1981
f 3495/5634/1982 3519/5636/1982 3522/5643/1982
f 3496/5637/1983 3521/5639/1983 3514/5644/1983
f 3497/5645/1984 3523/5646/1984 3528/5647/1984
f 3498/5648/1985 3524/5649/1985 3530/5650/1985
f 3499/5651/1986 3525/5652/1986 3531/5653/1986
f 3500/5654/1987 3526/5655/1987 3532/5656/1987
f 3501/5657/1988 3527/5658/1988 3529/5659/1988
f 3529/5660/1989 3532/5656/1989 3502/5661/1989
f 3529/5660/1990 3527/5662/1990 3532/5656/1990
f 3527/5662/1991 3500/5654/1991 3532/5656/1991
f 3532/5656/1992 3531/5663/1992 3502/5661/1992
f 3532/5656/1993 3526/5655/1993 3531/5663/1993
f 3526/5655/1994 3499/5664/1994 3531/5663/1994
f 3531/5663/1995 3530/5665/1995 3502/5661/1995
f 3531/5663/1996 3525/5666/1996 3530/5665/1996
f 3525/5652/1997 3498/5667/1997 3530/5668/1997
f 3530/5665/1998 3528/5647/1998 3502/5661/1998
f 3530/5665/1999 3524/5669/1999 3528/5647/1999
f 3524/5649/2000 3497/5670/2000 3528/5671/2000
f 3528/5647/2001 3529/5660/2001 3502/5661/2001
f 3528/5647/2002 3523/5646/2002 3529/5660/2002
f 3523/5672/2003 3501/5657/2003 3529/5659/2003
f 3514/5644/2004 3527/5658/2004 3501/5657/2004
f 3514/5644/2005 3521/5639/2005 3527/5658/2005
f 3521/5639/2006 3500/5673/2006 3527/5658/2006
f 3522/5643/2007 3526/5674/2007 3500/5675/2007
f 3522/5643/2008 3519/5636/2008 3526/5674/2008
f 3519/5636/2009 3499/5676/2009 3526/5674/2009
f 3520/5642/2010 3525/5652/2010 3499/5651/2010
f 3520/5642/2011 3517/5633/2011 3525/5652/2011
f 3517/5633/2012 3498/5667/2012 3525/5652/2012
f 3518/5641/2013 3524/5649/2013 3498/5648/2013
f 3518/5641/2014 3515/5630/2014 3524/5649/2014
f 3515/5630/2015 3497/5670/2015 3524/5649/2015
f 3516/5677/2016 3523/5678/2016 3497/5670/2016
f 3516/5640/2017 3513/5627/2017 3523/5672/2017
f 3513/5627/2018 3501/5657/2018 3523/5672/2018
f 3521/5679/2019 3522/5643/2019 3500/5675/2019
f 3521/5679/2020 3512/5680/2020 3522/5643/2020
f 3512/5680/2021 3495/5634/2021 3522/5643/2021
f 3519/5681/2022 3520/5642/2022 3499/5651/2022
f 3519/5681/2023 3511/5682/2023 3520/5642/2023
f 3511/5682/2024 3494/5631/2024 3520/5642/2024
f 3517/5683/2025 3518/5641/2025 3498/5648/2025
f 3517/5683/2026 3509/5684/2026 3518/5641/2026
f 3509/5684/2027 3493/5628/2027 3518/5641/2027
f 3515/5630/2028 3516/5677/2028 3497/5670/2028
f 3515/5630/2029 3505/5629/2029 3516/5677/2029
f 3505/5629/2030 3492/5685/2030 3516/5677/2030
f 3513/5627/2031 3514/5644/2031 3501/5657/2031
f 3513/5627/2032 3506/5623/2032 3514/5644/2032
f 3506/5623/2033 3496/5637/2033 3514/5644/2033
f 3507/5686/2034 3512/5638/2034 3496/5637/2034
f 3507/5626/2035 3510/5625/2035 3512/5687/2035
f 3510/5688/2036 3495/5634/2036 3512/5680/2036
f 3510/5688/2037 3511/5635/2037 3495/5634/2037
f 3510/5625/2038 3508/5624/2038 3511/5689/2038
f 3508/5690/2039 3494/5631/2039 3511/5682/2039
f 3508/5690/2040 3509/5632/2040 3494/5631/2040
f 3508/5624/2041 3503/5620/2041 3509/5691/2041
f 3503/5620/2042 3493/5692/2042 3509/5691/2042
f 3506/5623/2043 3507/5686/2043 3496/5637/2043
f 3506/5693/2044 3504/5619/2044 3507/5626/2044
f 3504/5619/2045 3491/5618/2045 3507/5626/2045
f 3503/5620/2046 3505/5694/2046 3493/5692/2046
f 3503/5620/2047 3504/5619/2047 3505/5694/2047
f 3504/5619/2048 3492/5695/2048 3505/5694/2048
f 3533/5696/1969 3546/5697/1969 3545/5698/1969
f 3534/5699/1970 3546/5700/1970 3548/5701/1970
f 3533/5696/1971 3545/5698/1971 3550/5702/1971
f 3533/5696/1972 3550/5702/1972 3552/5703/1972
f 3533/5696/1973 3552/5703/1973 3549/5704/1973
f 3534/5699/1974 3548/5701/1974 3555/5705/1974
f 3535/5706/1975 3547/5707/1975 3557/5708/1975
f 3536/5709/1976 3551/5710/1976 3559/5711/1976
f 3537/5712/1977 3553/5713/1977 3561/5714/1977
f 3538/5715/1978 3554/5716/1978 3563/5717/1978
f 3534/5699/1979 3555/5705/1979 3558/5718/1979
f 3535/5706/1980 3557/5708/1980 3560/5719/1980
f 3536/5709/1981 3559/5711/1981 3562/5720/1981
f 3537/5712/1982 3561/5714/1982 3564/5721/1982
f 3538/5715/1983 3563/5717/1983 3556/5722/1983
f 3539/5723/1984 3565/5724/1984 3570/5725/1984
f 3540/5726/1985 3566/5727/1985 3572/5728/1985
f 3541/5729/1986 3567/5730/1986 3573/5731/1986
f 3542/5732/1987 3568/5733/1987 3574/5734/1987
f 3543/5735/1988 3569/5736/1988 3571/5737/1988
f 3571/5738/1989 3574/5734/1989 3544/5739/1989
f 3571/5738/1990 3569/5740/1990 3574/5734/1990
f 3569/5740/1991 3542/5732/1991 3574/5734/1991
f 3574/5734/1992 3573/5741/1992 3544/5739/1992
f 3574/5734/1993 3568/5733/1993 3573/5741/1993
f 3568/5733/1994 3541/5742/1994 3573/5741/1994
f 3573/5741/1995 3572/5743/1995 3544/5739/1995
f 3573/5741/1996 3567/5744/1996 3572/5743/1996
f 3567/5730/1997 3540/5745/1997 3572/5746/1997
f 3572/5743/1998 3570/5725/1998 3544/5739/1998
f 3572/5743/1999 3566/5747/1999 3570/5725/1999
f 3566/5727/2000 3539/5748/2000 3570/5749/2000
f 3570/5725/2001 3571/5738/2001 3544/5739/2001
f 3570/5725/2002 3565/5724/2002 3571/5738/2002
f 3565/5750/2003 3543/5735/2003 3571/5737/2003
f 3556/5722/2004 3569/5736/2004 3543/5735/2004
f 3556/5722/2005 3563/5717/2005 3569/5736/2005
f 3563/5717/2006 3542/5751/2006 3569/5736/2006
f 3564/5721/2007 3568/5752/2007 3542/5753/2007
f 3564/5721/2008 3561/5714/2008 3568/5752/2008
f 3561/5714/2009 3541/5754/2009 3568/5752/2009
f 3562/5720/2010 3567/5730/2010 3541/5729/2010
f 3562/5720/2011 3559/5711/2011 3567/5730/2011
f 3559/5711/2012 3540/5745/2012 3567/5730/2012
f 3560/5719/2013 3566/5727/2013 3540/5726/2013
f 3560/5719/2014 3557/5708/2014 3566/5727/2014
f 3557/5708/2015 3539/5748/2015 3566/5727/2015
f 3558/5755/2016 3565/5756/2016 3539/5748/2016
f 3558/5718/2017 3555/5705/2017 3565/5750/2017
f 3555/5705/2018 3543/5735/2018 3565/5750/2018
f 3563/5757/2019 3564/5721/2019 3542/5753/2019
f 3563/5757/2020 3554/5758/2020 3564/5721/2020
f 3554/5758/2021 3537/5712/2021 3564/5721/2021
f 3561/5759/2022 3562/5720/2022 3541/5729/2022
f 3561/5759/2023 3553/5760/2023 3562/5720/2023
f 3553/5760/2024 3536/5709/2024 3562/5720/2024
f 3559/5761/2025 3560/5719/2025 3540/5726/2025
f 3559/5761/2026 3551/5762/2026 3560/5719/2026
f 3551/5762/2027 3535/5706/2027 3560/5719/2027
f 3557/5708/2028 3558/5755/2028 3539/5748/2028
f 3557/5708/2029 3547/5707/2029 3558/5755/2029
f 3547/5707/2030 3534/5763/2030 3558/5755/2030
f 3555/5705/2031 3556/5722/2031 3543/5735/2031
f 3555/5705/2032 3548/5701/2032 3556/5722/2032
f 3548/5701/2033 3538/5715/2033 3556/5722/2033
f 3549/5764/2034 3554/5716/2034 3538/5715/2034
f 3549/5704/2035 3552/5703/2035 3554/5765/2035
f 3552/5766/2036 3537/5712/2036 3554/5758/2036
f 3552/5766/2037 3553/5713/2037 3537/5712/2037
f 3552/5703/2038 3550/5702/2038 3553/5767/2038
f 3550/5768/2039 3536/5709/2039 3553/5760/2039
f 3550/5768/2040 3551/5710/2040 3536/5709/2040
f 3550/5702/2041 3545/5698/2041 3551/5769/2041
f 3545/5698/2042 3535/5770/2042 3551/5769/2042
f 3548/5701/2043 3549/5764/2043 3538/5715/2043
f 3548/5771/2044 3546/5697/2044 3549/5704/2044
f 3546/5697/2045 3533/5696/2045 3549/5704/2045
f 3545/5698/2046 3547/5772/2046 3535/5770/2046
f 3545/5698/2047 3546/5697/2047 3547/5772/2047
f 3546/5697/2048 3534/5773/2048 3547/5772/2048
f 3575/5774/1969 3588/5775/1969 3587/5776/1969
f 3576/5777/1970 3588/5778/1970 3590/5779/1970
f 3575/5774/1971 3587/5776/1971 3592/5780/1971
f 3575/5774/1972 3592/5780/1972 3594/5781/1972
f 3575/5774/1973 3594/5781/1973 3591/5782/1973
f 3576/5777/1974 3590/5779/1974 3597/5783/1974
f 3577/5784/1975 3589/5785/1975 3599/5786/1975
f 3578/5787/1976 3593/5788/1976 3601/5789/1976
f 3579/5790/1977 3595/5791/1977 3603/5792/1977
f 3580/5793/1978 3596/5794/1978 3605/5795/1978
f 3576/5777/1979 3597/5783/1979 3600/5796/1979
f 3577/5784/1980 3599/5786/1980 3602/5797/1980
f 3578/5787/1981 3601/5789/1981 3604/5798/1981
f 3579/5790/1982 3603/5792/1982 3606/5799/1982
f 3580/5793/1983 3605/5795/1983 3598/5800/1983
f 3581/5801/1984 3607/5802/1984 3612/5803/1984
f 3582/5804/1985 3608/5805/1985 3614/5806/1985
f 3583/5807/1986 3609/5808/1986 3615/5809/1986
f 3584/5810/1987 3610/5811/1987 3616/5812/1987
f 3585/5813/1988 3611/5814/1988 3613/5815/1988
f 3613/5816/1989 3616/5812/1989 3586/5817/1989
f 3613/5816/1990 3611/5818/1990 3616/5812/1990
f 3611/5818/1991 3584/5810/1991 3616/5812/1991
f 3616/5812/1992 3615/5819/1992 3586/5817/1992
f 3616/5812/1993 3610/5811/1993 3615/5819/1993
f 3610/5811/1994 3583/5820/1994 3615/5819/1994
f 3615/5819/1995 3614/5821/1995 3586/5817/1995
f 3615/5819/1996 3609/5822/1996 3614/5821/1996
f 3609/5808/1997 3582/5823/1997 3614/5824/1997
f 3614/5821/1998 3612/5803/1998 3586/5817/1998
f 3614/5821/1999 3608/5825/1999 3612/5803/1999
f 3608/5805/2000 3581/5826/2000 3612/5827/2000
f 3612/5803/2001 3613/5816/2001 3586/5817/2001
f 3612/5803/2002 3607/5802/2002 3613/5816/2002
f 3607/5828/2003 3585/5813/2003 3613/5815/2003
f 3598/5800/2004 3611/5814/2004 3585/5813/2004
f 3598/5800/2005 3605/5795/2005 3611/5814/2005
f 3605/5795/2006 3584/5829/2006 3611/5814/2006
f 3606/5799/2007 3610/5830/2007 3584/5831/2007
f 3606/5799/2008 3603/5792/2008 3610/5830/2008
f 3603/5792/2009 3583/5832/2009 3610/5830/2009
f 3604/5798/2010 3609/5808/2010 3583/5807/2010
f 3604/5798/2011 3601/5789/2011 3609/5808/2011
f 3601/5789/2012 3582/5823/2012 3609/5808/2012
f 3602/5797/2013 3608/5805/2013 3582/5804/2013
f 3602/5797/2014 3599/5786/2014 3608/5805/2014
f 3599/5786/2015 3581/5826/2015 3608/5805/2015
f 3600/5833/2016 3607/5834/2016 3581/5826/2016
f 3600/5796/2017 3597/5783/2017 3607/5828/2017
f 3597/5783/2018 3585/5813/2018 3607/5828/2018
f 3605/5835/2019 3606/5799/2019 3584/5831/2019
f 3605/5835/2020 3596/5836/2020 3606/5799/2020
f 3596/5836/2021 3579/5790/2021 3606/5799/2021
f 3603/5837/2022 3604/5798/2022 3583/5807/2022
f 3603/5837/2023 3595/5838/2023 3604/5798/2023
f 3595/5838/2024 3578/5787/2024 3604/5798/2024
f 3601/5839/2025 3602/5797/2025 3582/5804/2025
f 3601/5839/2026 3593/5840/2026 3602/5797/2026
f 3593/5840/2027 3577/5784/2027 3602/5797/2027
f 3599/5786/2028 3600/5833/2028 3581/5826/2028
f 3599/5786/2029 3589/5785/2029 3600/5833/2029
f 3589/5785/2030 3576/5841/2030 3600/5833/2030
f 3597/5783/2031 3598/5800/2031 3585/5813/2031
f 3597/5783/2032 3590/5779/2032 3598/5800/2032
f 3590/5779/2033 3580/5793/2033 3598/5800/2033
f 3591/5842/2034 3596/5794/2034 3580/5793/2034
f 3591/5782/2035 3594/5781/2035 3596/5843/2035
f 3594/5844/2036 3579/5790/2036 3596/5836/2036
f 3594/5844/2037 3595/5791/2037 3579/5790/2037
f 3594/5781/2038 3592/5780/2038 3595/5845/2038
f 3592/5846/2039 3578/5787/2039 3595/5838/2039
f 3592/5846/2040 3593/5788/2040 3578/5787/2040
f 3592/5780/2041 3587/5776/2041 3593/5847/2041
f 3587/5776/2042 3577/5848/2042 3593/5847/2042
f 3590/5779/2043 3591/5842/2043 3580/5793/2043
f 3590/5849/2044 3588/5775/2044 3591/5782/2044
f 3588/5775/2045 3575/5774/2045 3591/5782/2045
f 3587/5776/2046 3589/5850/2046 3577/5848/2046
f 3587/5776/2047 3588/5775/2047 3589/5850/2047
f 3588/5775/2048 3576/5851/2048 3589/5850/2048
f 3617/5852/1969 3630/5853/1969 3629/5854/1969
f 3618/5855/1970 3630/5856/1970 3632/5857/1970
f 3617/5852/1971 3629/5854/1971 3634/5858/1971
f 3617/5852/1972 3634/5858/1972 3636/5859/1972
f 3617/5852/1973 3636/5859/1973 3633/5860/1973
f 3618/5855/1974 3632/5857/1974 3639/5861/1974
f 3619/5862/1975 3631/5863/1975 3641/5864/1975
f 3620/5865/1976 3635/5866/1976 3643/5867/1976
f 3621/5868/1977 3637/5869/1977 3645/5870/1977
f 3622/5871/1978 3638/5872/1978 3647/5873/1978
f 3618/5855/1979 3639/5861/1979 3642/5874/1979
f 3619/5862/1980 3641/5864/1980 3644/5875/1980
f 3620/5865/1981 3643/5867/1981 3646/5876/1981
f 3621/5868/1982 3645/5870/1982 3648/5877/1982
f 3622/5871/1983 3647/5873/1983 3640/5878/1983
f 3623/5879/1984 3649/5880/1984 3654/5881/1984
f 3624/5882/1985 3650/5883/1985 3656/5884/1985
f 3625/5885/1986 3651/5886/1986 3657/5887/1986
f 3626/5888/1987 3652/5889/1987 3658/5890/1987
f 3627/5891/1988 3653/5892/1988 3655/5893/1988
f 3655/5894/1989 3658/5890/1989 3628/5895/1989
f 3655/5894/1990 3653/5896/1990 3658/5890/1990
f 3653/5896/1991 3626/5888/1991 3658/5890/1991
f 3658/5890/1992 3657/5897/1992 3628/5895/1992
f 3658/5890/1993 3652/5889/1993 3657/5897/1993
f 3652/5889/1994 3625/5898/1994 3657/5897/1994
f 3657/5897/1995 3656/5899/1995 3628/5895/1995
f 3657/5897/1996 3651/5900/1996 3656/5899/1996
f 3651/5886/1997 3624/5901/1997 3656/5902/1997
f 3656/5899/1998 3654/5881/1998 3628/5895/1998
f 3656/5899/1999 3650/5903/1999 3654/5881/1999
f 3650/5883/2000 3623/5904/2000 3654/5905/2000
f 3654/5881/2001 3655/5894/2001 3628/5895/2001
f 3654/5881/2002 3649/5880/2002 3655/5894/2002
f 3649/5906/2003 3627/5891/2003 3655/5893/2003
f 3640/5878/2004 3653/5892/2004 3627/5891/2004
f 3640/5878/2005 3647/5873/2005 3653/5892/2005
f 3647/5873/2006 3626/5907/2006 3653/5892/2006
f 3648/5877/2007 3652/5908/2007 3626/5909/2007
f 3648/5877/2008 3645/5870/2008 3652/5908/2008
f 3645/5870/2009 3625/5910/2009 3652/5908/2009
f 3646/5876/2010 3651/5886/2010 3625/5885/2010
f 3646/5876/2011 3643/5867/2011 3651/5886/2011
f 3643/5867/2012 3624/5901/2012 3651/5886/2012
f 3644/5875/2013 3650/5883/2013 3624/5882/2013
f 3644/5875/2014 3641/5864/2014 3650/5883/2014
f 3641/5864/2015 3623/5904/2015 3650/5883/2015
f 3642/5911/2016 3649/5912/2016 3623/5904/2016
f 3642/5874/2017 3639/5861/2017 3649/5906/2017
f 3639/5861/2018 3627/5891/2018 3649/5906/2018
f 3647/5913/2019 3648/5877/2019 3626/5909/2019
f 3647/5913/2020 3638/5914/2020 3648/5877/2020
f 3638/5914/2021 3621/5868/2021 3648/5877/2021
f 3645/5915/2022 3646/5876/2022 3625/5885/2022
f 3645/5915/2023 3637/5916/2023 3646/5876/2023
f 3637/5916/2024 3620/5865/2024 3646/5876/2024
f 3643/5917/2025 3644/5875/2025 3624/5882/2025
f 3643/5917/2026 3635/5918/2026 3644/5875/2026
f 3635/5918/2027 3619/5862/2027 3644/5875/2027
f 3641/5864/2028 3642/5911/2028 3623/5904/2028
f 3641/5864/2029 3631/5863/2029 3642/5911/2029
f 3631/5863/2030 3618/5919/2030 3642/5911/2030
f 3639/5861/2031 3640/5878/2031 3627/5891/2031
f 3639/5861/2032 3632/5857/2032 3640/5878/2032
f 3632/5857/2033 3622/5871/2033 3640/5878/2033
f 3633/5920/2034 3638/5872/2034 3622/5871/2034
f 3633/5860/2035 3636/5859/2035 3638/5921/2035
f 3636/5922/2036 3621/5868/2036 3638/5914/2036
f 3636/5922/2037 3637/5869/2037 3621/5868/2037
f 3636/5859/2038 3634/5858/2038 3637/5923/2038
f 3634/5924/2039 3620/5865/2039 3637/5916/2039
f 3634/5924/2040 3635/5866/2040 3620/5865/2040
f 3634/5858/2041 3629/5854/2041 3635/5925/2041
f 3629/5854/2042 3619/5926/2042 3635/5925/2042
f 3632/5857/2043 3633/5920/2043 3622/5871/2043
f 3632/5927/2044 3630/5853/2044 3633/5860/2044
f 3630/5853/2045 3617/5852/2045 3633/5860/2045
f 3629/5854/2046 3631/5928/2046 3619/5926/2046
f 3629/5854/2047 3630/5853/2047 3631/5928/2047
f 3630/5853/2048 3618/5929/2048 3631/5928/2048
f 3659/5930/1969 3672/5931/1969 3671/5932/1969
f 3660/5933/1970 3672/5934/1970 3674/5935/1970
f 3659/5930/1971 3671/5932/1971 3676/5936/1971
f 3659/5930/1972 3676/5936/1972 3678/5937/1972
f 3659/5930/1973 3678/5937/1973 3675/5938/1973
f 3660/5933/1974 3674/5935/1974 3681/5939/1974
f 3661/5940/1975 3673/5941/1975 3683/5942/1975
f 3662/5943/1976 3677/5944/1976 3685/5945/1976
f 3663/5946/1977 3679/5947/1977 3687/5948/1977
f 3664/5949/1978 3680/5950/1978 3689/5951/1978
f 3660/5933/1979 3681/5939/1979 3684/5952/1979
f 3661/5940/1980 3683/5942/1980 3686/5953/1980
f 3662/5943/1981 3685/5945/1981 3688/5954/1981
f 3663/5946/1982 3687/5948/1982 3690/5955/1982
f 3664/5949/1983 3689/5951/1983 3682/5956/1983
f 3665/5957/1984 3691/5958/1984 3696/5959/1984
f 3666/5960/1985 3692/5961/1985 3698/5962/1985
f 3667/5963/1986 3693/5964/1986 3699/5965/1986
f 3668/5966/1987 3694/5967/1987 3700/5968/1987
f 3669/5969/1988 3695/5970/1988 3697/5971/1988
f 3697/5972/1989 3700/5968/1989 3670/5973/1989
f 3697/5972/1990 3695/5974/1990 3700/5968/1990
f 3695/5974/1991 3668/5966/1991 3700/5968/1991
f 3700/5968/1992 3699/5975/1992 3670/5973/1992
f 3700/5968/1993 3694/5967/1993 3699/5975/1993
f 3694/5967/1994 3667/5976/1994 3699/5975/1994
f 3699/5975/1995 3698/5977/1995 3670/5973/1995
f 3699/5975/1996 3693/5978/1996 3698/5977/1996
f 3693/5964/1997 3666/5979/1997 3698/5980/1997
f 3698/5977/1998 3696/5959/1998 3670/5973/1998
f 3698/5977/1999 3692/5981/1999 3696/5959/1999
f 3692/5961/2000 3665/5982/2000 3696/5983/2000
f 3696/5959/2001 3697/5972/2001 3670/5973/2001
f 3696/5959/2002 3691/5958/2002 3697/5972/2002
f 3691/5984/2003 3669/5969/2003 3697/5971/2003
f 3682/5956/2004 3695/5970/2004 3669/5969/2004
f 3682/5956/2005 3689/5951/2005 3695/5970/2005
f 3689/5951/2006 3668/5985/2006 3695/5970/2006
f 3690/5955/2007 3694/5986/2007 3668/5987/2007
f 3690/5955/2008 3687/5948/2008 3694/5986/2008
f 3687/5948/2009 3667/5988/2009 3694/5986/2009
f 3688/5954/2010 3693/5964/2010 3667/5963/2010
f 3688/5954/2011 3685/5945/2011 3693/5964/2011
f 3685/5945/2012 3666/5979/2012 3693/5964/2012
f 3686/5953/2013 3692/5961/2013 3666/5960/2013
f 3686/5953/2014 3683/5942/2014 3692/5961/2014
f 3683/5942/2015 3665/5982/2015 3692/5961/2015
f 3684/5989/2016 3691/5990/2016 3665/5982/2016
f 3684/5952/2017 3681/5939/2017 3691/5984/2017
f 3681/5939/2018 3669/5969/2018 3691/5984/2018
f 3689/5991/2019 3690/5955/2019 3668/5987/2019
f 3689/5991/2020 3680/5992/2020 3690/5955/2020
f 3680/5992/2021 3663/5946/2021 3690/5955/2021
f 3687/5993/2022 3688/5954/2022 3667/5963/2022
f 3687/5993/2023 3679/5994/2023 3688/5954/2023
f 3679/5994/2024 3662/5943/2024 3688/5954/2024
f 3685/5995/2025 3686/5953/2025 3666/5960/2025
f 3685/5995/2026 3677/5996/2026 3686/5953/2026
f 3677/5996/2027 3661/5940/2027 3686/5953/2027
f 3683/5942/2028 3684/5989/2028 3665/5982/2028
f 3683/5942/2029 3673/5941/2029 3684/5989/2029
f 3673/5941/2030 3660/5997/2030 3684/5989/2030
f 3681/5939/2031 3682/5956/2031 3669/5969/2031
f 3681/5939/2032 3674/5935/2032 3682/5956/2032
f 3674/5935/2033 3664/5949/2033 3682/5956/2033
f 3675/5998/2034 3680/5950/2034 3664/5949/2034
f 3675/5938/2035 3678/5937/2035 3680/5999/2035
f 3678/6000/2036 3663/5946/2036 3680/5992/2036
f 3678/6000/2037 3679/5947/2037 3663/5946/2037
f 3678/5937/2038 3676/5936/2038 3679/6001/2038
f 3676/6002/2039 3662/5943/2039 3679/5994/2039
f 3676/6002/2040 3677/5944/2040 3662/5943/2040
f 3676/5936/2041 3671/5932/2041 3677/6003/2041
f 3671/5932/2042 3661/6004/2042 3677/6003/2042
f 3674/5935/2043 3675/5998/2043 3664/5949/2043
f 3674/6005/2044 3672/5931/2044 3675/5938/2044
f 3672/5931/2045 3659/5930/2045 3675/5938/2045
f 3671/5932/2046 3673/6006/2046 3661/6004/2046
f 3671/5932/2047 3672/5931/2047 3673/6006/2047
f 3672/5931/2048 3660/6007/2048 3673/6006/2048
f 3701/6008/1969 3714/6009/1969 3713/6010/1969
f 3702/6011/1970 3714/6012/1970 3716/6013/1970
f 3701/6008/1971 3713/6010/1971 3718/6014/1971
f 3701/6008/1972 3718/6014/1972 3720/6015/1972
f 3701/6008/1973 3720/6015/1973 3717/6016/1973
f 3702/6011/1974 3716/6013/1974 3723/6017/1974
f 3703/6018/1975 3715/6019/1975 3725/6020/1975
f 3704/6021/1976 3719/6022/1976 3727/6023/1976
f 3705/6024/1977 3721/6025/1977 3729/6026/1977
f 3706/6027/1978 3722/6028/1978 3731/6029/1978
f 3702/6011/1979 3723/6017/1979 3726/6030/1979
f 3703/6018/1980 3725/6020/1980 3728/6031/1980
f 3704/6021/1981 3727/6023/1981 3730/6032/1981
f 3705/6024/1982 3729/6026/1982 3732/6033/1982
f 3706/6027/1983 3731/6029/1983 3724/6034/1983
f 3707/6035/1984 3733/6036/1984 3738/6037/1984
f 3708/6038/1985 3734/6039/1985 3740/6040/1985
f 3709/6041/1986 3735/6042/1986 3741/6043/1986
f 3710/6044/1987 3736/6045/1987 3742/6046/1987
f 3711/6047/1988 3737/6048/1988 3739/6049/1988
f 3739/6050/1989 3742/6046/1989 3712/6051/1989
f 3739/6050/1990 3737/6052/1990 3742/6046/1990
f 3737/6052/1991 3710/6044/1991 3742/6046/1991
f 3742/6046/1992 3741/6053/1992 3712/6051/1992
f 3742/6046/1993 3736/6045/1993 3741/6053/1993
f 3736/6045/1994 3709/6054/1994 3741/6053/1994
f 3741/6053/1995 3740/6055/1995 3712/6051/1995
f 3741/6053/1996 3735/6056/1996 3740/6055/1996
f 3735/6042/1997 3708/6057/1997 3740/6058/1997
f 3740/6055/1998 3738/6037/1998 3712/6051/1998
f 3740/6055/1999 3734/6059/1999 3738/6037/1999
f 3734/6039/2000 3707/6060/2000 3738/6061/2000
f 3738/6037/2001 3739/6050/2001 3712/6051/2001
f 3738/6037/2002 3733/6036/2002 3739/6050/2002
f 3733/6062/2003 3711/6047/2003 3739/6049/2003
f 3724/6034/2004 3737/6048/2004 3711/6047/2004
f 3724/6034/2005 3731/6029/2005 3737/6048/2005
f 3731/6029/2006 3710/6063/2006 3737/6048/2006
f 3732/6033/2007 3736/6064/2007 3710/6065/2007
f 3732/6033/2008 3729/6026/2008 3736/6064/2008
f 3729/6026/2009 3709/6066/2009 3736/6064/2009
f 3730/6032/2010 3735/6042/2010 3709/6041/2010
f 3730/6032/2011 3727/6023/2011 3735/6042/2011
f 3727/6023/2012 3708/6057/2012 3735/6042/2012
f 3728/6031/2013 3734/6039/2013 3708/6038/2013
f 3728/6031/2014 3725/6020/2014 3734/6039/2014
f 3725/6020/2015 3707/6060/2015 3734/6039/2015
f 3726/6067/2016 3733/6068/2016 3707/6060/2016
f 3726/6030/2017 3723/6017/2017 3733/6062/2017
f 3723/6017/2018 3711/6047/2018 3733/6062/2018
f 3731/6069/2019 3732/6033/2019 3710/6065/2019
f 3731/6069/2020 3722/6070/2020 3732/6033/2020
f 3722/6070/2021 3705/6024/2021 3732/6033/2021
f 3729/6071/2022 3730/6032/2022 3709/6041/2022
f 3729/6071/2023 3721/6072/2023 3730/6032/2023
f 3721/6072/2024 3704/6021/2024 3730/6032/2024
f 3727/6073/2025 3728/6031/2025 3708/6038/2025
f 3727/6073/2026 3719/6074/2026 3728/6031/2026
f 3719/6074/2027 3703/6018/2027 3728/6031/2027
f 3725/6020/2028 3726/6067/2028 3707/6060/2028
f 3725/6020/2029 3715/6019/2029 3726/6067/2029
f 3715/6019/2030 3702/6075/2030 3726/6067/2030
f 3723/6017/2031 3724/6034/2031 3711/6047/2031
f 3723/6017/2032 3716/6013/2032 3724/6034/2032
f 3716/6013/2033 3706/6027/2033 3724/6034/2033
f 3717/6076/2034 3722/6028/2034 3706/6027/2034
f 3717/6016/2035 3720/6015/2035 3722/6077/2035
f 3720/6078/2036 3705/6024/2036 3722/6070/2036
f 3720/6078/2037 3721/6025/2037 3705/6024/2037
f 3720/6015/2038 3718/6014/2038 3721/6079/2038
f 3718/6080/2039 3704/6021/2039 3721/6072/2039
f 3718/6080/2040 3719/6022/2040 3704/6021/2040
f 3718/6014/2041 3713/6010/2041 3719/6081/2041
f 3713/6010/2042 3703/6082/2042 3719/6081/2042
f 3716/6013/2043 3717/6076/2043 3706/6027/2043
f 3716/6083/2044 3714/6009/2044 3717/6016/2044
f 3714/6009/2045 3701/6008/2045 3717/6016/2045
f 3713/6010/2046 3715/6084/2046 3703/6082/2046
f 3713/6010/2047 3714/6009/2047 3715/6084/2047
f 3714/6009/2048 3702/6085/2048 3715/6084/2048
f 3743/6086/1969 3756/6087/1969 3755/6088/1969
f 3744/6089/1970 3756/6090/1970 3758/6091/1970
f 3743/6086/1971 3755/6088/1971 3760/6092/1971
f 3743/6086/1972 3760/6092/1972 3762/6093/1972
f 3743/6086/1973 3762/6093/1973 3759/6094/1973
f 3744/6089/1974 3758/6091/1974 3765/6095/1974
f 3745/6096/1975 3757/6097/1975 3767/6098/1975
f 3746/6099/1976 3761/6100/1976 3769/6101/1976
f 3747/6102/1977 3763/6103/1977 3771/6104/1977
f 3748/6105/1978 3764/6106/1978 3773/6107/1978
f 3744/6089/1979 3765/6095/1979 3768/6108/1979
f 3745/6096/1980 3767/6098/1980 3770/6109/1980
f 3746/6099/1981 3769/6101/1981 3772/6110/1981
f 3747/6102/1982 3771/6104/1982 3774/6111/1982
f 3748/6105/1983 3773/6107/1983 3766/6112/1983
f 3749/6113/1984 3775/6114/1984 3780/6115/1984
f 3750/6116/1985 3776/6117/1985 3782/6118/1985
f 3751/6119/1986 3777/6120/1986 3783/6121/1986
f 3752/6122/1987 3778/6123/1987 3784/6124/1987
f 3753/6125/1988 3779/6126/1988 3781/6127/1988
f 3781/6128/1989 3784/6124/1989 3754/6129/1989
f 3781/6128/1990 3779/6130/1990 3784/6124/1990
f 3779/6130/1991 3752/6122/1991 3784/6124/1991
f 3784/6124/1992 3783/6131/1992 3754/6129/1992
f 3784/6124/1993 3778/6123/1993 3783/6131/1993
f 3778/6123/1994 3751/6132/1994 3783/6131/1994
f 3783/6131/1995 3782/6133/1995 3754/6129/1995
f 3783/6131/1996 3777/6134/1996 3782/6133/1996
f 3777/6120/1997 3750/6135/1997 3782/6136/1997
f 3782/6133/1998 3780/6115/1998 3754/6129/1998
f 3782/6133/1999 3776/6137/1999 3780/6115/1999
f 3776/6117/2000 3749/6138/2000 3780/6139/2000
f 3780/6115/2001 3781/6128/2001 3754/6129/2001
f 3780/6115/2002 3775/6114/2002 3781/6128/2002
f 3775/6140/2003 3753/6125/2003 3781/6127/2003
f 3766/6112/2004 3779/6126/2004 3753/6125/2004
f 3766/6112/2005 3773/6107/2005 3779/6126/2005
f 3773/6107/2006 3752/6141/2006 3779/6126/2006
f 3774/6111/2007 3778/6142/2007 3752/6143/2007
f 3774/6111/2008 3771/6104/2008 3778/6142/2008
f 3771/6104/2009 3751/6144/2009 3778/6142/2009
f 3772/6110/2010 3777/6120/2010 3751/6119/2010
f 3772/6110/2011 3769/6101/2011 3777/6120/2011
f 3769/6101/2012 3750/6135/2012 3777/6120/2012
f 3770/6109/2013 3776/6117/2013 3750/6116/2013
f 3770/6109/2014 3767/6098/2014 3776/6117/2014
f 3767/6098/2015 3749/6138/2015 3776/6117/2015
f 3768/6145/2016 3775/6146/2016 3749/6138/2016
f 3768/6108/2017 3765/6095/2017 3775/6140/2017
f 3765/6095/2018 3753/6125/2018 3775/6140/2018
f 3773/6147/2019 3774/6111/2019 3752/6143/2019
f 3773/6147/2020 3764/6148/2020 3774/6111/2020
f 3764/6148/2021 3747/6102/2021 3774/6111/2021
f 3771/6149/2022 3772/6110/2022 3751/6119/2022
f 3771/6149/2023 3763/6150/2023 3772/6110/2023
f 3763/6150/2024 3746/6099/2024 3772/6110/2024
f 3769/6151/2025 3770/6109/2025 3750/6116/2025
f 3769/6151/2026 3761/6152/2026 3770/6109/2026
f 3761/6152/2027 3745/6096/2027 3770/6109/2027
f 3767/6098/2028 3768/6145/2028 3749/6138/2028
f 3767/6098/2029 3757/6097/2029 3768/6145/2029
f 3757/6097/2030 3744/6153/2030 3768/6145/2030
f 3765/6095/2031 3766/6112/2031 3753/6125/2031
f 3765/6095/2032 3758/6091/2032 3766/6112/2032
f 3758/6091/2033 3748/6105/2033 3766/6112/2033
f 3759/6154/2034 3764/6106/2034 3748/6105/2034
f 3759/6094/2035 3762/6093/2035 3764/6155/2035
f 3762/6156/2036 3747/6102/2036 3764/6148/2036
f 3762/6156/2037 3763/6103/2037 3747/6102/2037
f 3762/6093/2038 3760/6092/2038 3763/6157/2038
f 3760/6158/2039 3746/6099/2039 3763/6150/2039
f 3760/6158/2040 3761/6100/2040 3746/6099/2040
f 3760/6092/2041 3755/6088/2041 3761/6159/2041
f 3755/6088/2042 3745/6160/2042 3761/6159/2042
f 3758/6091/2043 3759/6154/2043 3748/6105/2043
f 3758/6161/2044 3756/6087/2044 3759/6094/2044
f 3756/6087/2045 3743/6086/2045 3759/6094/2045
f 3755/6088/2046 3757/6162/2046 3745/6160/2046
f 3755/6088/2047 3756/6087/2047 3757/6162/2047
f 3756/6087/2048 3744/6163/2048 3757/6162/2048
f 3785/6164/1969 3798/6165/1969 3797/6166/1969
f 3786/6167/1970 3798/6168/1970 3800/6169/1970
f 3785/6164/1971 3797/6166/1971 3802/6170/1971
f 3785/6164/1972 3802/6170/1972 3804/6171/1972
f 3785/6164/1973 3804/6171/1973 3801/6172/1973
f 3786/6167/1974 3800/6169/1974 3807/6173/1974
f 3787/6174/1975 3799/6175/1975 3809/6176/1975
f 3788/6177/1976 3803/6178/1976 3811/6179/1976
f 3789/6180/1977 3805/6181/1977 3813/6182/1977
f 3790/6183/1978 3806/6184/1978 3815/6185/1978
f 3786/6167/1979 3807/6173/1979 3810/6186/1979
f 3787/6174/1980 3809/6176/1980 3812/6187/1980
f 3788/6177/1981 3811/6179/1981 3814/6188/1981
f 3789/6180/1982 3813/6182/1982 3816/6189/1982
f 3790/6183/1983 3815/6185/1983 3808/6190/1983
f 3791/6191/1984 3817/6192/1984 3822/6193/1984
f 3792/6194/1985 3818/6195/1985 3824/6196/1985
f 3793/6197/1986 3819/6198/1986 3825/6199/1986
f 3794/6200/1987 3820/6201/1987 3826/6202/1987
f 3795/6203/1988 3821/6204/1988 3823/6205/1988
f 3823/6206/1989 3826/6202/1989 3796/6207/1989
f 3823/6206/1990 3821/6208/1990 3826/6202/1990
f 3821/6208/1991 3794/6200/1991 3826/6202/1991
f 3826/6202/1992 3825/6209/1992 3796/6207/1992
f 3826/6202/1993 3820/6201/1993 3825/6209/1993
f 3820/6201/1994 3793/6210/1994 3825/6209/1994
f 3825/6209/1995 3824/6211/1995 3796/6207/1995
f 3825/6209/1996 3819/6212/1996 3824/6211/1996
f 3819/6198/1997 3792/6213/1997 3824/6214/1997
f 3824/6211/1998 3822/6193/1998 3796/6207/1998
f 3824/6211/1999 3818/6215/1999 3822/6193/1999
f 3818/6195/2000 3791/6216/2000 3822/6217/2000
f 3822/6193/2001 3823/6206/2001 3796/6207/2001
f 3822/6193/2002 3817/6192/2002 3823/6206/2002
f 3817/6218/2003 3795/6203/2003 3823/6205/2003
f 3808/6190/2004 3821/6204/2004 3795/6203/2004
f 3808/6190/2005 3815/6185/2005 3821/6204/2005
f 3815/6185/2006 3794/6219/2006 3821/6204/2006
f 3816/6189/2007 3820/6220/2007 3794/6221/2007
f 3816/6189/2008 3813/6182/2008 3820/6220/2008
f 3813/6182/2009 3793/6222/2009 3820/6220/2009
f 3814/6188/2010 3819/6198/2010 3793/6197/2010
f 3814/6188/2011 3811/6179/2011 3819/6198/2011
f 3811/6179/2012 3792/6213/2012 3819/6198/2012
f 3812/6187/2013 3818/6195/2013 3792/6194/2013
f 3812/6187/2014 3809/6176/2014 3818/6195/2014
f 3809/6176/2015 3791/6216/2015 3818/6195/2015
f 3810/6223/2016 3817/6224/2016 3791/6216/2016
f 3810/6186/2017 3807/6173/2017 3817/6218/2017
f 3807/6173/2018 3795/6203/2018 3817/6218/2018
f 3815/6225/2019 3816/6189/2019 3794/6221/2019
f 3815/6225/2020 3806/6226/2020 3816/6189/2020
f 3806/6226/2021 3789/6180/2021 3816/6189/2021
f 3813/6227/2022 3814/6188/2022 3793/6197/2022
f 3813/6227/2023 3805/6228/2023 3814/6188/2023
f 3805/6228/2024 3788/6177/2024 3814/6188/2024
f 3811/6229/2025 3812/6187/2025 3792/6194/2025
f 3811/6229/2026 3803/6230/2026 3812/6187/2026
f 3803/6230/2027 3787/6174/2027 3812/6187/2027
f 3809/6176/2028 3810/6223/2028 3791/6216/2028
f 3809/6176/2029 3799/6175/2029 3810/6223/2029
f 3799/6175/2030 3786/6231/2030 3810/6223/2030
f 3807/6173/2031 3808/6190/2031 3795/6203/2031
f 3807/6173/2032 3800/6169/2032 3808/6190/2032
f 3800/6169/2033 3790/6183/2033 3808/6190/2033
f 3801/6232/2034 3806/6184/2034 3790/6183/2034
f 3801/6172/2035 3804/6171/2035 3806/6233/2035
f 3804/6234/2036 3789/6180/2036 3806/6226/2036
f 3804/6234/2037 3805/6181/2037 3789/6180/2037
f 3804/6171/2038 3802/6170/2038 3805/6235/2038
f 3802/6236/2039 3788/6177/2039 3805/6228/2039
f 3802/6236/2040 3803/6178/2040 3788/6177/2040
f 3802/6170/2041 3797/6166/2041 3803/6237/2041
f 3797/6166/2042 3787/6238/2042 3803/6237/2042
f 3800/6169/2043 3801/6232/2043 3790/6183/2043
f 3800/6239/2044 3798/6165/2044 3801/6172/2044
f 3798/6165/2045 3785/6164/2045 3801/6172/2045
f 3797/6166/2046 3799/6240/2046 3787/6238/2046
f 3797/6166/2047 3798/6165/2047 3799/6240/2047
f 3798/6165/2048 3786/6241/2048 3799/6240/2048
f 3827/6242/1969 3840/6243/1969 3839/6244/1969
f 3828/6245/1970 3840/6246/1970 3842/6247/1970
f 3827/6242/1971 3839/6244/1971 3844/6248/1971
f 3827/6242/1972 3844/6248/1972 3846/6249/1972
f 3827/6242/1973 3846/6249/1973 3843/6250/1973
f 3828/6245/1974 3842/6247/1974 3849/6251/1974
f 3829/6252/1975 3841/6253/1975 3851/6254/1975
f 3830/6255/1976 3845/6256/1976 3853/6257/1976
f 3831/6258/1977 3847/6259/1977 3855/6260/1977
f 3832/6261/1978 3848/6262/1978 3857/6263/1978
f 3828/6245/1979 3849/6251/1979 3852/6264/1979
f 3829/6252/1980 3851/6254/1980 3854/6265/1980
f 3830/6255/1981 3853/6257/1981 3856/6266/1981
f 3831/6258/1982 3855/6260/1982 3858/6267/1982
f 3832/6261/1983 3857/6263/1983 3850/6268/1983
f 3833/6269/1984 3859/6270/1984 3864/6271/1984
f 3834/6272/1985 3860/6273/1985 3866/6274/1985
f 3835/6275/1986 3861/6276/1986 3867/6277/1986
f 3836/6278/1987 3862/6279/1987 3868/6280/1987
f 3837/6281/1988 3863/6282/1988 3865/6283/1988
f 3865/6284/1989 3868/6280/1989 3838/6285/1989
f 3865/6284/1990 3863/6286/1990 3868/6280/1990
f 3863/6286/1991 3836/6278/1991 3868/6280/1991
f 3868/6280/1992 3867/6287/1992 3838/6285/1992
f 3868/6280/1993 3862/6279/1993 3867/6287/1993
f 3862/6279/1994 3835/6288/1994 3867/6287/1994
f 3867/6287/1995 3866/6289/1995 3838/6285/1995
f 3867/6287/1996 3861/6290/1996 3866/6289/1996
f 3861/6276/1997 3834/6291/1997 3866/6292/1997
f 3866/6289/1998 3864/6271/1998 3838/6285/1998
f 3866/6289/1999 3860/6293/1999 3864/6271/1999
f 3860/6273/2000 3833/6294/2000 3864/6295/2000
f 3864/6271/2001 3865/6284/2001 3838/6285/2001
f 3864/6271/2002 3859/6270/2002 3865/6284/2002
f 3859/6296/2003 3837/6281/2003 3865/6283/2003
f 3850/6268/2004 3863/6282/2004 3837/6281/2004
f 3850/6268/2005 3857/6263/2005 3863/6282/2005
f 3857/6263/2006 3836/6297/2006 3863/6282/2006
f 3858/6267/2007 3862/6298/2007 3836/6299/2007
f 3858/6267/2008 3855/6260/2008 3862/6298/2008
f 3855/6260/2009 3835/6300/2009 3862/6298/2009
f 3856/6266/2010 3861/6276/2010 3835/6275/2010
f 3856/6266/2011 3853/6257/2011 3861/6276/2011
f 3853/6257/2012 3834/6291/2012 3861/6276/2012
f 3854/6265/2013 3860/6273/2013 3834/6272/2013
f 3854/6265/2014 3851/6254/2014 3860/6273/2014
f 3851/6254/2015 3833/6294/2015 3860/6273/2015
f 3852/6301/2016 3859/6302/2016 3833/6294/2016
f 3852/6264/2017 3849/6251/2017 3859/6296/2017
f 3849/6251/2018 3837/6281/2018 3859/6296/2018
f 3857/6303/2019 3858/6267/2019 3836/6299/2019
f 3857/6303/2020 3848/6304/2020 3858/6267/2020
f 3848/6304/2021 3831/6258/2021 3858/6267/2021
f 3855/6305/2022 3856/6266/2022 3835/6275/2022
f 3855/6305/2023 3847/6306/2023 3856/6266/2023
f 3847/6306/2024 3830/6255/2024 3856/6266/2024
f 3853/6307/2025 3854/6265/2025 3834/6272/2025
f 3853/6307/2026 3845/6308/2026 3854/6265/2026
f 3845/6308/2027 3829/6252/2027 3854/6265/2027
f 3851/6254/2028 3852/6301/2028 3833/6294/2028
f 3851/6254/2029 3841/6253/2029 3852/6301/2029
f 3841/6253/2030 3828/6309/2030 3852/6301/2030
f 3849/6251/2031 3850/6268/2031 3837/6281/2031
f 3849/6251/2032 3842/6247/2032 3850/6268/2032
f 3842/6247/2033 3832/6261/2033 3850/6268/2033
f 3843/6310/2034 3848/6262/2034 3832/6261/2034
f 3843/6250/2035 3846/6249/2035 3848/6311/2035
f 3846/6312/2036 3831/6258/2036 3848/6304/2036
f 3846/6312/2037 3847/6259/2037 3831/6258/2037
f 3846/6249/2038 3844/6248/2038 3847/6313/2038
f 3844/6314/2039 3830/6255/2039 3847/6306/2039
f 3844/6314/2040 3845/6256/2040 3830/6255/2040
f 3844/6248/2041 3839/6244/2041 3845/6315/2041
f 3839/6244/2042 3829/6316/2042 3845/6315/2042
f 3842/6247/2043 3843/6310/2043 3832/6261/2043
f 3842/6317/2044 3840/6243/2044 3843/6250/2044
f 3840/6243/2045 3827/6242/2045 3843/6250/2045
f 3839/6244/2046 3841/6318/2046 3829/6316/2046
f 3839/6244/2047 3840/6243/2047 3841/6318/2047
f 3840/6243/2048 3828/6319/2048 3841/6318/2048
f 3869/6320/1969 3882/6321/1969 3881/6322/1969
f 3870/6323/1970 3882/6324/1970 3884/6325/1970
f 3869/6320/1971 3881/6322/1971 3886/6326/1971
f 3869/6320/1972 3886/6326/1972 3888/6327/1972
f 3869/6320/1973 3888/6327/1973 3885/6328/1973
f 3870/6323/1974 3884/6325/1974 3891/6329/1974
f 3871/6330/1975 3883/6331/1975 3893/6332/1975
f 3872/6333/1976 3887/6334/1976 3895/6335/1976
f 3873/6336/1977 3889/6337/1977 3897/6338/1977
f 3874/6339/1978 3890/6340/1978 3899/6341/1978
f 3870/6323/1979 3891/6329/1979 3894/6342/1979
f 3871/6330/1980 3893/6332/1980 3896/6343/1980
f 3872/6333/1981 3895/6335/1981 3898/6344/1981
f 3873/6336/1982 3897/6338/1982 3900/6345/1982
f 3874/6339/1983 3899/6341/1983 3892/6346/1983
f 3875/6347/1984 3901/6348/1984 3906/6349/1984
f 3876/6350/1985 3902/6351/1985 3908/6352/1985
f 3877/6353/1986 3903/6354/1986 3909/6355/1986
f 3878/6356/1987 3904/6357/1987 3910/6358/1987
f 3879/6359/1988 3905/6360/1988 3907/6361/1988
f 3907/6362/1989 3910/6358/1989 3880/6363/1989
f 3907/6362/1990 3905/6364/1990 3910/6358/1990
f 3905/6364/1991 3878/6356/1991 3910/6358/1991
f 3910/6358/1992 3909/6365/1992 3880/6363/1992
f 3910/6358/1993 3904/6357/1993 3909/6365/1993
f 3904/6357/1994 3877/6366/1994 3909/6365/1994
f 3909/6365/1995 3908/6367/1995 3880/6363/1995
f 3909/6365/1996 3903/6368/1996 3908/6367/1996
f 3903/6354/1997 3876/6369/1997 3908/6370/1997
f 3908/6367/1998 3906/6349/1998 3880/6363/1998
f 3908/6367/1999 3902/6371/1999 3906/6349/1999
f 3902/6351/2000 3875/6372/2000 3906/6373/2000
f 3906/6349/2001 3907/6362/2001 3880/6363/2001
f 3906/6349/2002 3901/6348/2002 3907/6362/2002
f 3901/6374/2003 3879/6359/2003 3907/6361/2003
f 3892/6346/2004 3905/6360/2004 3879/6359/2004
f 3892/6346/2005 3899/6341/2005 3905/6360/2005
f 3899/6341/2006 3878/6375/2006 3905/6360/2006
f 3900/6345/2007 3904/6376/2007 3878/6377/2007
f 3900/6345/2008 3897/6338/2008 3904/6376/2008
f 3897/6338/2009 3877/6378/2009 3904/6376/2009
f 3898/6344/2010 3903/6354/2010 3877/6353/2010
f 3898/6344/2011 3895/6335/2011 3903/6354/2011
f 3895/6335/2012 3876/6369/2012 3903/6354/2012
f 3896/6343/2013 3902/6351/2013 3876/6350/2013
f 3896/6343/2014 3893/6332/2014 3902/6351/2014
f 3893/6332/2015 3875/6372/2015 3902/6351/2015
f 3894/6379/2016 3901/6380/2016 3875/6372/2016
f 3894/6342/2017 3891/6329/2017 3901/6374/2017
f 3891/6329/2018 3879/6359/2018 3901/6374/2018
f 3899/6381/2019 3900/6345/2019 3878/6377/2019
f 3899/6381/2020 3890/6382/2020 3900/6345/2020
f 3890/6382/2021 3873/6336/2021 3900/6345/2021
f 3897/6383/2022 3898/6344/2022 3877/6353/2022
f 3897/6383/2023 3889/6384/2023 3898/6344/2023
f 3889/6384/2024 3872/6333/2024 3898/6344/2024
f 3895/6385/2025 3896/6343/2025 3876/6350/2025
f 3895/6385/2026 3887/6386/2026 3896/6343/2026
f 3887/6386/2027 3871/6330/2027 3896/6343/2027
f 3893/6332/2028 3894/6379/2028 3875/6372/2028
f 3893/6332/2029 3883/6331/2029 3894/6379/2029
f 3883/6331/2030 3870/6387/2030 3894/6379/2030
f 3891/6329/2031 3892/6346/2031 3879/6359/2031
f 3891/6329/2032 3884/6325/2032 3892/6346/2032
f 3884/6325/2033 3874/6339/2033 3892/6346/2033
f 3885/6388/2034 3890/6340/2034 3874/6339/2034
f 3885/6328/2035 3888/6327/2035 3890/6389/2035
f 3888/6390/2036 3873/6336/2036 3890/6382/2036
f 3888/6390/2037 3889/6337/2037 3873/6336/2037
f 3888/6327/2038 3886/6326/2038 3889/6391/2038
f 3886/6392/2039 3872/6333/2039 3889/6384/2039
f 3886/6392/2040 3887/6334/2040 3872/6333/2040
f 3886/6326/2041 3881/6322/2041 3887/6393/2041
f 3881/6322/2042 3871/6394/2042 3887/6393/2042
f 3884/6325/2043 3885/6388/2043 3874/6339/2043
f 3884/6395/2044 3882/6321/2044 3885/6328/2044
f 3882/6321/2045 3869/6320/2045 3885/6328/2045
f 3881/6322/2046 3883/6396/2046 3871/6394/2046
f 3881/6322/2047 3882/6321/2047 3883/6396/2047
f 3882/6321/2048 3870/6397/2048 3883/6396/2048
f 3911/6398/1969 3924/6399/1969 3923/6400/1969
f 3912/6401/1970 3924/6402/1970 3926/6403/1970
f 3911/6398/1971 3923/6400/1971 3928/6404/1971
f 3911/6398/1972 3928/6404/1972 3930/6405/1972
f 3911/6398/1973 3930/6405/1973 3927/6406/1973
f 3912/6401/1974 3926/6403/1974 3933/6407/1974
f 3913/6408/1975 3925/6409/1975 3935/6410/1975
f 3914/6411/1976 3929/6412/1976 3937/6413/1976
f 3915/6414/1977 3931/6415/1977 3939/6416/1977
f 3916/6417/1978 3932/6418/1978 3941/6419/1978
f 3912/6401/1979 3933/6407/1979 3936/6420/1979
f 3913/6408/1980 3935/6410/1980 3938/6421/1980
f 3914/6411/1981 3937/6413/1981 3940/6422/1981
f 3915/6414/1982 3939/6416/1982 3942/6423/1982
f 3916/6417/1983 3941/6419/1983 3934/6424/1983
f 3917/6425/1984 3943/6426/1984 3948/6427/1984
f 3918/6428/1985 3944/6429/1985 3950/6430/1985
f 3919/6431/1986 3945/6432/1986 3951/6433/1986
f 3920/6434/1987 3946/6435/1987 3952/6436/1987
f 3921/6437/1988 3947/6438/1988 3949/6439/1988
f 3949/6440/1989 3952/6436/1989 3922/6441/1989
f 3949/6440/1990 3947/6442/1990 3952/6436/1990
f 3947/6442/1991 3920/6434/1991 3952/6436/1991
f 3952/6436/1992 3951/6443/1992 3922/6441/1992
f 3952/6436/1993 3946/6435/1993 3951/6443/1993
f 3946/6435/1994 3919/6444/1994 3951/6443/1994
f 3951/6443/1995 3950/6445/1995 3922/6441/1995
f 3951/6443/1996 3945/6446/1996 3950/6445/1996
f 3945/6432/1997 3918/6447/1997 3950/6448/1997
f 3950/6445/1998 3948/6427/1998 3922/6441/1998
f 3950/6445/1999 3944/6449/1999 3948/6427/1999
f 3944/6429/2000 3917/6450/2000 3948/6451/2000
f 3948/6427/2001 3949/6440/2001 3922/6441/2001
f 3948/6427/2002 3943/6426/2002 3949/6440/2002
f 3943/6452/2003 3921/6437/2003 3949/6439/2003
f 3934/6424/2004 3947/6438/2004 3921/6437/2004
f 3934/6424/2005 3941/6419/2005 3947/6438/2005
f 3941/6419/2006 3920/6453/2006 3947/6438/2006
f 3942/6423/2007 3946/6454/2007 3920/6455/2007
f 3942/6423/2008 3939/6416/2008 3946/6454/2008
f 3939/6416/2009 3919/6456/2009 3946/6454/2009
f 3940/6422/2010 3945/6432/2010 3919/6431/2010
f 3940/6422/2011 3937/6413/2011 3945/6432/2011
f 3937/6413/2012 3918/6447/2012 3945/6432/2012
f 3938/6421/2013 3944/6429/2013 3918/6428/2013
f 3938/6421/2014 3935/6410/2014 3944/6429/2014
f 3935/6410/2015 3917/6450/2015 3944/6429/2015
f 3936/6457/2016 3943/6458/2016 3917/6450/2016
f 3936/6420/2017 3933/6407/2017 3943/6452/2017
f 3933/6407/2018 3921/6437/2018 3943/6452/2018
f 3941/6459/2019 3942/6423/2019 3920/6455/2019
f 3941/6459/2020 3932/6460/2020 3942/6423/2020
f 3932/6460/2021 3915/6414/2021 3942/6423/2021
f 3939/6461/2022 3940/6422/2022 3919/6431/2022
f 3939/6461/2023 3931/6462/2023 3940/6422/2023
f 3931/6462/2024 3914/6411/2024 3940/6422/2024
f 3937/6463/2025 3938/6421/2025 3918/6428/2025
f 3937/6463/2026 3929/6464/2026 3938/6421/2026
f 3929/6464/2027 3913/6408/2027 3938/6421/2027
f 3935/6410/2028 3936/6457/2028 3917/6450/2028
f 3935/6410/2029 3925/6409/2029 3936/6457/2029
f 3925/6409/2030 3912/6465/2030 3936/6457/2030
f 3933/6407/2031 3934/6424/2031 3921/6437/2031
f 3933/6407/2032 3926/6403/2032 3934/6424/2032
f 3926/6403/2033 3916/6417/2033 3934/6424/2033
f 3927/6466/2034 3932/6418/2034 3916/6417/2034
f 3927/6406/2035 3930/6405/2035 3932/6467/2035
f 3930/6468/2036 3915/6414/2036 3932/6460/2036
f 3930/6468/2037 3931/6415/2037 3915/6414/2037
f 3930/6405/2038 3928/6404/2038 3931/6469/2038
f 3928/6470/2039 3914/6411/2039 3931/6462/2039
f 3928/6470/2040 3929/6412/2040 3914/6411/2040
f 3928/6404/2041 3923/6400/2041 3929/6471/2041
f 3923/6400/2042 3913/6472/2042 3929/6471/2042
f 3926/6403/2043 3927/6466/2043 3916/6417/2043
f 3926/6473/2044 3924/6399/2044 3927/6406/2044
f 3924/6399/2045 3911/6398/2045 3927/6406/2045
f 3923/6400/2046 3925/6474/2046 3913/6472/2046
f 3923/6400/2047 3924/6399/2047 3925/6474/2047
f 3924/6399/2048 3912/6475/2048 3925/6474/2048
f 3953/6476/1969 3966/6477/1969 3965/6478/1969
f 3954/6479/1970 3966/6480/1970 3968/6481/1970
f 3953/6476/1971 3965/6478/1971 3970/6482/1971
f 3953/6476/1972 3970/6482/1972 3972/6483/1972
f 3953/6476/1973 3972/6483/1973 3969/6484/1973
f 3954/6479/1974 3968/6481/1974 3975/6485/1974
f 3955/6486/1975 3967/6487/1975 3977/6488/1975
f 3956/6489/1976 3971/6490/1976 3979/6491/1976
f 3957/6492/1977 3973/6493/1977 3981/6494/1977
f 3958/6495/1978 3974/6496/1978 3983/6497/1978
f 3954/6479/1979 3975/6485/1979 3978/6498/1979
f 3955/6486/1980 3977/6488/1980 3980/6499/1980
f 3956/6489/1981 3979/6491/1981 3982/6500/1981
f 3957/6492/1982 3981/6494/1982 3984/6501/1982
f 3958/6495/1983 3983/6497/1983 3976/6502/1983
f 3959/6503/1984 3985/6504/1984 3990/6505/1984
f 3960/6506/1985 3986/6507/1985 3992/6508/1985
f 3961/6509/1986 3987/6510/1986 3993/6511/1986
f 3962/6512/1987 3988/6513/1987 3994/6514/1987
f 3963/6515/1988 3989/6516/1988 3991/6517/1988
f 3991/6518/1989 3994/6514/1989 3964/6519/1989
f 3991/6518/1990 3989/6520/1990 3994/6514/1990
f 3989/6520/1991 3962/6512/1991 3994/6514/1991
f 3994/6514/1992 3993/6521/1992 3964/6519/1992
f 3994/6514/1993 3988/6513/1993 3993/6521/1993
f 3988/6513/1994 3961/6522/1994 3993/6521/1994
f 3993/6521/1995 3992/6523/1995 3964/6519/1995
f 3993/6521/1996 3987/6524/1996 3992/6523/1996
f 3987/6510/1997 3960/6525/1997 3992/6526/1997
f 3992/6523/1998 3990/6505/1998 3964/6519/1998
f 3992/6523/1999 3986/6527/1999 3990/6505/1999
f 3986/6507/2000 3959/6528/2000 3990/6529/2000
f 3990/6505/2001 3991/6518/2001 3964/6519/2001
f 3990/6505/2002 3985/6504/2002 3991/6518/2002
f 3985/6530/2003 3963/6515/2003 3991/6517/2003
f 3976/6502/2004 3989/6516/2004 3963/6515/2004
f 3976/6502/2005 3983/6497/2005 3989/6516/2005
f 3983/6497/2006 3962/6531/2006 3989/6516/2006
f 3984/6501/2007 3988/6532/2007 3962/6533/2007
f 3984/6501/2008 3981/6494/2008 3988/6532/2008
f 3981/6494/2009 3961/6534/2009 3988/6532/2009
f 3982/6500/2010 3987/6510/2010 3961/6509/2010
f 3982/6500/2011 3979/6491/2011 3987/6510/2011
f 3979/6491/2012 3960/6525/2012 3987/6510/2012
f 3980/6499/2013 3986/6507/2013 3960/6506/2013
f 3980/6499/2014 3977/6488/2014 3986/6507/2014
f 3977/6488/2015 3959/6528/2015 3986/6507/2015
f 3978/6535/2016 3985/6536/2016 3959/6528/2016
f 3978/6498/2017 3975/6485/2017 3985/6530/2017
f 3975/6485/2018 3963/6515/2018 3985/6530/2018
f 3983/6537/2019 3984/6501/2019 3962/6533/2019
f 3983/6537/2020 3974/6538/2020 3984/6501/2020
f 3974/6538/2021 3957/6492/2021 3984/6501/2021
f 3981/6539/2022 3982/6500/2022 3961/6509/2022
f 3981/6539/2023 3973/6540/2023 3982/6500/2023
f 3973/6540/2024 3956/6489/2024 3982/6500/2024
f 3979/6541/2025 3980/6499/2025 3960/6506/2025
f 3979/6541/2026 3971/6542/2026 3980/6499/2026
f 3971/6542/2027 3955/6486/2027 3980/6499/2027
f 3977/6488/2028 3978/6535/2028 3959/6528/2028
f 3977/6488/2029 3967/6487/2029 3978/6535/2029
f 3967/6487/2030 3954/6543/2030 3978/6535/2030
f 3975/6485/2031 3976/6502/2031 3963/6515/2031
f 3975/6485/2032 3968/6481/2032 3976/6502/2032
f 3968/6481/2033 3958/6495/2033 3976/6502/2033
f 3969/6544/2034 3974/6496/2034 3958/6495/2034
f 3969/6484/2035 3972/6483/2035 3974/6545/2035
f 3972/6546/2036 3957/6492/2036 3974/6538/2036
f 3972/6546/2037 3973/6493/2037 3957/6492/2037
f 3972/6483/2038 3970/6482/2038 3973/6547/2038
f 3970/6548/2039 3956/6489/2039 3973/6540/2039
f 3970/6548/2040 3971/6490/2040 3956/6489/2040
f 3970/6482/2041 3965/6478/2041 3971/6549/2041
f 3965/6478/2042 3955/6550/2042 3971/6549/2042
f 3968/6481/2043 3969/6544/2043 3958/6495/2043
f 3968/6551/2044 3966/6477/2044 3969/6484/2044
f 3966/6477/2045 3953/6476/2045 3969/6484/2045
f 3965/6478/2046 3967/6552/2046 3955/6550/2046
f 3965/6478/2047 3966/6477/2047 3967/6552/2047
f 3966/6477/2048 3954/6553/2048 3967/6552/2048
f 3995/6554/1969 4008/6555/1969 4007/6556/1969
f 3996/6557/1970 4008/6558/1970 4010/6559/1970
f 3995/6554/1971 4007/6556/1971 4012/6560/1971
f 3995/6554/1972 4012/6560/1972 4014/6561/1972
f 3995/6554/1973 4014/6561/1973 4011/6562/1973
f 3996/6557/1974 4010/6559/1974 4017/6563/1974
f 3997/6564/1975 4009/6565/1975 4019/6566/1975
f 3998/6567/1976 4013/6568/1976 4021/6569/1976
f 3999/6570/1977 4015/6571/1977 4023/6572/1977
f 4000/6573/1978 4016/6574/1978 4025/6575/1978
f 3996/6557/1979 4017/6563/1979 4020/6576/1979
f 3997/6564/1980 4019/6566/1980 4022/6577/1980
f 3998/6567/1981 4021/6569/1981 4024/6578/1981
f 3999/6570/1982 4023/6572/1982 4026/6579/1982
f 4000/6573/1983 4025/6575/1983 4018/6580/1983
f 4001/6581/1984 4027/6582/1984 4032/6583/1984
f 4002/6584/1985 4028/6585/1985 4034/6586/1985
f 4003/6587/1986 4029/6588/1986 4035/6589/1986
f 4004/6590/1987 4030/6591/1987 4036/6592/1987
f 4005/6593/1988 4031/6594/1988 4033/6595/1988
f 4033/6596/1989 4036/6592/1989 4006/6597/1989
f 4033/6596/1990 4031/6598/1990 4036/6592/1990
f 4031/6598/1991 4004/6590/1991 4036/6592/1991
f 4036/6592/1992 4035/6599/1992 4006/6597/1992
f 4036/6592/1993 4030/6591/1993 4035/6599/1993
f 4030/6591/1994 4003/6600/1994 4035/6599/1994
f 4035/6599/1995 4034/6601/1995 4006/6597/1995
f 4035/6599/1996 4029/6602/1996 4034/6601/1996
f 4029/6588/1997 4002/6603/1997 4034/6604/1997
f 4034/6601/1998 4032/6583/1998 4006/6597/1998
f 4034/6601/1999 4028/6605/1999 4032/6583/1999
f 4028/6585/2000 4001/6606/2000 4032/6607/2000
f 4032/6583/2001 4033/6596/2001 4006/6597/2001
f 4032/6583/2002 4027/6582/2002 4033/6596/2002
f 4027/6608/2003 4005/6593/2003 4033/6595/2003
f 4018/6580/2004 4031/6594/2004 4005/6593/2004
f 4018/6580/2005 4025/6575/2005 4031/6594/2005
f 4025/6575/2006 4004/6609/2006 4031/6594/2006
f 4026/6579/2007 4030/6610/2007 4004/6611/2007
f 4026/6579/2008 4023/6572/2008 4030/6610/2008
f 4023/6572/2009 4003/6612/2009 4030/6610/2009
f 4024/6578/2010 4029/6588/2010 4003/6587/2010
f 4024/6578/2011 4021/6569/2011 4029/6588/2011
f 4021/6569/2012 4002/6603/2012 4029/6588/2012
f 4022/6577/2013 4028/6585/2013 4002/6584/2013
f 4022/6577/2014 4019/6566/2014 4028/6585/2014
f 4019/6566/2015 4001/6606/2015 4028/6585/2015
f 4020/6613/2016 4027/6614/2016 4001/6606/2016
f 4020/6576/2017 4017/6563/2017 4027/6608/2017
f 4017/6563/2018 4005/6593/2018 4027/6608/2018
f 4025/6615/2019 4026/6579/2019 4004/6611/2019
f 4025/6615/2020 4016/6616/2020 4026/6579/2020
f 4016/6616/2021 3999/6570/2021 4026/6579/2021
f 4023/6617/2022 4024/6578/2022 4003/6587/2022
f 4023/6617/2023 4015/6618/2023 4024/6578/2023
f 4015/6618/2024 3998/6567/2024 4024/6578/2024
f 4021/6619/2025 4022/6577/2025 4002/6584/2025
f 4021/6619/2026 4013/6620/2026 4022/6577/2026
f 4013/6620/2027 3997/6564/2027 4022/6577/2027
f 4019/6566/2028 4020/6613/2028 4001/6606/2028
f 4019/6566/2029 4009/6565/2029 4020/6613/2029
f 4009/6565/2030 3996/6621/2030 4020/6613/2030
f 4017/6563/2031 4018/6580/2031 4005/6593/2031
f 4017/6563/2032 4010/6559/2032 4018/6580/2032
f 4010/6559/2033 4000/6573/2033 4018/6580/2033
f 4011/6622/2034 4016/6574/2034 4000/6573/2034
f 4011/6562/2035 4014/6561/2035 4016/6623/2035
f 4014/6624/2036 3999/6570/2036 4016/6616/2036
f 4014/6624/2037 4015/6571/2037 3999/6570/2037
f 4014/6561/2038 4012/6560/2038 4015/6625/2038
f 4012/6626/2039 3998/6567/2039 4015/6618/2039
f 4012/6626/2040 4013/6568/2040 3998/6567/2040
f 4012/6560/2041 4007/6556/2041 4013/6627/2041
f 4007/6556/2042 3997/6628/2042 4013/6627/2042
f 4010/6559/2043 4011/6622/2043 4000/6573/2043
f 4010/6629/2044 4008/6555/2044 4011/6562/2044
f 4008/6555/2045 3995/6554/2045 4011/6562/2045
f 4007/6556/2046 4009/6630/2046 3997/6628/2046
f 4007/6556/2047 4008/6555/2047 4009/6630/2047
f 4008/6555/2048 3996/6631/2048 4009/6630/2048
f 4037/6632/1969 4050/6633/1969 4049/6634/1969
f 4038/6635/1970 4050/6636/1970 4052/6637/1970
f 4037/6632/1971 4049/6634/1971 4054/6638/1971
f 4037/6632/1972 4054/6638/1972 4056/6639/1972
f 4037/6632/1973 4056/6639/1973 4053/6640/1973
f 4038/6635/1974 4052/6637/1974 4059/6641/1974
f 4039/6642/1975 4051/6643/1975 4061/6644/1975
f 4040/6645/1976 4055/6646/1976 4063/6647/1976
f 4041/6648/1977 4057/6649/1977 4065/6650/1977
f 4042/6651/1978 4058/6652/1978 4067/6653/1978
f 4038/6635/1979 4059/6641/1979 4062/6654/1979
f 4039/6642/1980 4061/6644/1980 4064/6655/1980
f 4040/6645/1981 4063/6647/1981 4066/6656/1981
f 4041/6648/1982 4065/6650/1982 4068/6657/1982
f 4042/6651/1983 4067/6653/1983 4060/6658/1983
f 4043/6659/1984 4069/6660/1984 4074/6661/1984
f 4044/6662/1985 4070/6663/1985 4076/6664/1985
f 4045/6665/1986 4071/6666/1986 4077/6667/1986
f 4046/6668/1987 4072/6669/1987 4078/6670/1987
f 4047/6671/1988 4073/6672/1988 4075/6673/1988
f 4075/6674/1989 4078/6670/1989 4048/6675/1989
f 4075/6674/1990 4073/6676/1990 4078/6670/1990
f 4073/6676/1991 4046/6668/1991 4078/6670/1991
f 4078/6670/1992 4077/6677/1992 4048/6675/1992
f 4078/6670/1993 4072/6669/1993 4077/6677/1993
f 4072/6669/1994 4045/6678/1994 4077/6677/1994
f 4077/6677/1995 4076/6679/1995 4048/6675/1995
f 4077/6677/1996 4071/6680/1996 4076/6679/1996
f 4071/6666/1997 4044/6681/1997 4076/6682/1997
f 4076/6679/1998 4074/6661/1998 4048/6675/1998
f 4076/6679/1999 4070/6683/1999 4074/6661/1999
f 4070/6663/2000 4043/6684/2000 4074/6685/2000
f 4074/6661/2001 4075/6674/2001 4048/6675/2001
f 4074/6661/2002 4069/6660/2002 4075/6674/2002
f 4069/6686/2003 4047/6671/2003 4075/6673/2003
f 4060/6658/2004 4073/6672/2004 4047/6671/2004
f 4060/6658/2005 4067/6653/2005 4073/6672/2005
f 4067/6653/2006 4046/6687/2006 4073/6672/2006
f 4068/6657/2007 4072/6688/2007 4046/6689/2007
f 4068/6657/2008 4065/6650/2008 4072/6688/2008
f 4065/6650/2009 4045/6690/2009 4072/6688/2009
f 4066/6656/2010 4071/6666/2010 4045/6665/2010
f 4066/6656/2011 4063/6647/2011 4071/6666/2011
f 4063/6647/2012 4044/6681/2012 4071/6666/2012
f 4064/6655/2013 4070/6663/2013 4044/6662/2013
f 4064/6655/2014 4061/6644/2014 4070/6663/2014
f 4061/6644/2015 4043/6684/2015 4070/6663/2015
f 4062/6691/2016 4069/6692/2016 4043/6684/2016
f 4062/6654/2017 4059/6641/2017 4069/6686/2017
f 4059/6641/2018 4047/6671/2018 4069/6686/2018
f 4067/6693/2019 4068/6657/2019 4046/6689/2019
f 4067/6693/2020 4058/6694/2020 4068/6657/2020
f 4058/6694/2021 4041/6648/2021 4068/6657/2021
f 4065/6695/2022 4066/6656/2022 4045/6665/2022
f 4065/6695/2023 4057/6696/2023 4066/6656/2023
f 4057/6696/2024 4040/6645/2024 4066/6656/2024
f 4063/6697/2025 4064/6655/2025 4044/6662/2025
f 4063/6697/2026 4055/6698/2026 4064/6655/2026
f 4055/6698/2027 4039/6642/2027 4064/6655/2027
f 4061/6644/2028 4062/6691/2028 4043/6684/2028
f 4061/6644/2029 4051/6643/2029 4062/6691/2029
f 4051/6643/2030 4038/6699/2030 4062/6691/2030
f 4059/6641/2031 4060/6658/2031 4047/6671/2031
f 4059/6641/2032 4052/6637/2032 4060/6658/2032
f 4052/6637/2033 4042/6651/2033 4060/6658/2033
f 4053/6700/2034 4058/6652/2034 4042/6651/2034
f 4053/6640/2035 4056/6639/2035 4058/6701/2035
f 4056/6702/2036 4041/6648/2036 4058/6694/2036
f 4056/6702/2037 4057/6649/2037 4041/6648/2037
f 4056/6639/2038 4054/6638/2038 4057/6703/2038
f 4054/6704/2039 4040/6645/2039 4057/6696/2039
f 4054/6704/2040 4055/6646/2040 4040/6645/2040
f 4054/6638/2041 4049/6634/2041 4055/6705/2041
f 4049/6634/2042 4039/6706/2042 4055/6705/2042
f 4052/6637/2043 4053/6700/2043 4042/6651/2043
f 4052/6707/2044 4050/6633/2044 4053/6640/2044
f 4050/6633/2045 4037/6632/2045 4053/6640/2045
f 4049/6634/2046 4051/6708/2046 4039/6706/2046
f 4049/6634/2047 4050/6633/2047 4051/6708/2047
f 4050/6633/2048 4038/6709/2048 4051/6708/2048
f 4079/6710/1969 4092/6711/1969 4091/6712/1969
f 4080/6713/1970 4092/6714/1970 4094/6715/1970
f 4079/6710/1971 4091/6712/1971 4096/6716/1971
f 4079/6710/1972 4096/6716/1972 4098/6717/1972
f 4079/6710/1973 4098/6717/1973 4095/6718/1973
f 4080/6713/1974 4094/6715/1974 4101/6719/1974
f 4081/6720/1975 4093/6721/1975 4103/6722/1975
f 4082/6723/1976 4097/6724/1976 4105/6725/1976
f 4083/6726/1977 4099/6727/1977 4107/6728/1977
f 4084/6729/1978 4100/6730/1978 4109/6731/1978
f 4080/6713/1979 4101/6719/1979 4104/6732/1979
f 4081/6720/1980 4103/6722/1980 4106/6733/1980
f 4082/6723/1981 4105/6725/1981 4108/6734/1981
f 4083/6726/1982 4107/6728/1982 4110/6735/1982
f 4084/6729/1983 4109/6731/1983 4102/6736/1983
f 4085/6737/1984 4111/6738/1984 4116/6739/1984
f 4086/6740/1985 4112/6741/1985 4118/6742/1985
f 4087/6743/1986 4113/6744/1986 4119/6745/1986
f 4088/6746/1987 4114/6747/1987 4120/6748/1987
f 4089/6749/1988 4115/6750/1988 4117/6751/1988
f 4117/6752/1989 4120/6748/1989 4090/6753/1989
f 4117/6752/1990 4115/6754/1990 4120/6748/1990
f 4115/6754/1991 4088/6746/1991 4120/6748/1991
f 4120/6748/1992 4119/6755/1992 4090/6753/1992
f 4120/6748/1993 4114/6747/1993 4119/6755/1993
f 4114/6747/1994 4087/6756/1994 4119/6755/1994
f 4119/6755/1995 4118/6757/1995 4090/6753/1995
f 4119/6755/1996 4113/6758/1996 4118/6757/1996
f 4113/6744/1997 4086/6759/1997 4118/6760/1997
f 4118/6757/1998 4116/6739/1998 4090/6753/1998
f 4118/6757/1999 4112/6761/1999 4116/6739/1999
f 4112/6741/2000 4085/6762/2000 4116/6763/2000
f 4116/6739/2001 4117/6752/2001 4090/6753/2001
f 4116/6739/2002 4111/6738/2002 4117/6752/2002
f 4111/6764/2003 4089/6749/2003 4117/6751/2003
f 4102/6736/2004 4115/6750/2004 4089/6749/2004
f 4102/6736/2005 4109/6731/2005 4115/6750/2005
f 4109/6731/2006 4088/6765/2006 4115/6750/2006
f 4110/6735/2007 4114/6766/2007 4088/6767/2007
f 4110/6735/2008 4107/6728/2008 4114/6766/2008
f 4107/6728/2009 4087/6768/2009 4114/6766/2009
f 4108/6734/2010 4113/6744/2010 4087/6743/2010
f 4108/6734/2011 4105/6725/2011 4113/6744/2011
f 4105/6725/2012 4086/6759/2012 4113/6744/2012
f 4106/6733/2013 4112/6741/2013 4086/6740/2013
f 4106/6733/2014 4103/6722/2014 4112/6741/2014
f 4103/6722/2015 4085/6762/2015 4112/6741/2015
f 4104/6769/2016 4111/6770/2016 4085/6762/2016
f 4104/6732/2017 4101/6719/2017 4111/6764/2017
f 4101/6719/2018 4089/6749/2018 4111/6764/2018
f 4109/6771/2019 4110/6735/2019 4088/6767/2019
f 4109/6771/2020 4100/6772/2020 4110/6735/2020
f 4100/6772/2021 4083/6726/2021 4110/6735/2021
f 4107/6773/2022 4108/6734/2022 4087/6743/2022
f 4107/6773/2023 4099/6774/2023 4108/6734/2023
f 4099/6774/2024 4082/6723/2024 4108/6734/2024
f 4105/6775/2025 4106/6733/2025 4086/6740/2025
f 4105/6775/2026 4097/6776/2026 4106/6733/2026
f 4097/6776/2027 4081/6720/2027 4106/6733/2027
f 4103/6722/2028 4104/6769/2028 4085/6762/2028
f 4103/6722/2029 4093/6721/2029 4104/6769/2029
f 4093/6721/2030 4080/6777/2030 4104/6769/2030
f 4101/6719/2031 4102/6736/2031 4089/6749/2031
f 4101/6719/2032 4094/6715/2032 4102/6736/2032
f 4094/6715/2033 4084/6729/2033 4102/6736/2033
f 4095/6778/2034 4100/6730/2034 4084/6729/2034
f 4095/6718/2035 4098/6717/2035 4100/6779/2035
f 4098/6780/2036 4083/6726/2036 4100/6772/2036
f 4098/6780/2037 4099/6727/2037 4083/6726/2037
f 4098/6717/2038 4096/6716/2038 4099/6781/2038
f 4096/6782/2039 4082/6723/2039 4099/6774/2039
f 4096/6782/2040 4097/6724/2040 4082/6723/2040
f 4096/6716/2041 4091/6712/2041 4097/6783/2041
f 4091/6712/2042 4081/6784/2042 4097/6783/2042
f 4094/6715/2043 4095/6778/2043 4084/6729/2043
f 4094/6785/2044 4092/6711/2044 4095/6718/2044
f 4092/6711/2045 4079/6710/2045 4095/6718/2045
f 4091/6712/2046 4093/6786/2046 4081/6784/2046
f 4091/6712/2047 4092/6711/2047 4093/6786/2047
f 4092/6711/2048 4080/6787/2048 4093/6786/2048
f 4121/6788/1969 4134/6789/1969 4133/6790/1969
f 4122/6791/1970 4134/6792/1970 4136/6793/1970
f 4121/6788/1971 4133/6790/1971 4138/6794/1971
f 4121/6788/1972 4138/6794/1972 4140/6795/1972
f 4121/6788/1973 4140/6795/1973 4137/6796/1973
f 4122/6791/1974 4136/6793/1974 4143/6797/1974
f 4123/6798/1975 4135/6799/1975 4145/6800/1975
f 4124/6801/1976 4139/6802/1976 4147/6803/1976
f 4125/6804/1977 4141/6805/1977 4149/6806/1977
f 4126/6807/1978 4142/6808/1978 4151/6809/1978
f 4122/6791/1979 4143/6797/1979 4146/6810/1979
f 4123/6798/1980 4145/6800/1980 4148/6811/1980
f 4124/6801/1981 4147/6803/1981 4150/6812/1981
f 4125/6804/1982 4149/6806/1982 4152/6813/1982
f 4126/6807/1983 4151/6809/1983 4144/6814/1983
f 4127/6815/1984 4153/6816/1984 4158/6817/1984
f 4128/6818/1985 4154/6819/1985 4160/6820/1985
f 4129/6821/1986 4155/6822/1986 4161/6823/1986
f 4130/6824/1987 4156/6825/1987 4162/6826/1987
f 4131/6827/1988 4157/6828/1988 4159/6829/1988
f 4159/6830/1989 4162/6826/1989 4132/6831/1989
f 4159/6830/1990 4157/6832/1990 4162/6826/1990
f 4157/6832/1991 4130/6824/1991 4162/6826/1991
f 4162/6826/1992 4161/6833/1992 4132/6831/1992
f 4162/6826/1993 4156/6825/1993 4161/6833/1993
f 4156/6825/1994 4129/6834/1994 4161/6833/1994
f 4161/6833/1995 4160/6835/1995 4132/6831/1995
f 4161/6833/1996 4155/6836/1996 4160/6835/1996
f 4155/6822/1997 4128/6837/1997 4160/6838/1997
f 4160/6835/1998 4158/6817/1998 4132/6831/1998
f 4160/6835/1999 4154/6839/1999 4158/6817/1999
f 4154/6819/2000 4127/6840/2000 4158/6841/2000
f 4158/6817/2001 4159/6830/2001 4132/6831/2001
f 4158/6817/2002 4153/6816/2002 4159/6830/2002
f 4153/6842/2003 4131/6827/2003 4159/6829/2003
f 4144/6814/2004 4157/6828/2004 4131/6827/2004
f 4144/6814/2005 4151/6809/2005 4157/6828/2005
f 4151/6809/2006 4130/6843/2006 4157/6828/2006
f 4152/6813/2007 4156/6844/2007 4130/6845/2007
f 4152/6813/2008 4149/6806/2008 4156/6844/2008
f 4149/6806/2009 4129/6846/2009 4156/6844/2009
f 4150/6812/2010 4155/6822/2010 4129/6821/2010
f 4150/6812/2011 4147/6803/2011 4155/6822/2011
f 4147/6803/2012 4128/6837/2012 4155/6822/2012
f 4148/6811/2013 4154/6819/2013 4128/6818/2013
f 4148/6811/2014 4145/6800/2014 4154/6819/2014
f 4145/6800/2015 4127/6840/2015 4154/6819/2015
f 4146/6847/2016 4153/6848/2016 4127/6840/2016
f 4146/6810/2017 4143/6797/2017 4153/6842/2017
f 4143/6797/2018 4131/6827/2018 4153/6842/2018
f 4151/6849/2019 4152/6813/2019 4130/6845/2019
f 4151/6849/2020 4142/6850/2020 4152/6813/2020
f 4142/6850/2021 4125/6804/2021 4152/6813/2021
f 4149/6851/2022 4150/6812/2022 4129/6821/2022
f 4149/6851/2023 4141/6852/2023 4150/6812/2023
f 4141/6852/2024 4124/6801/2024 4150/6812/2024
f 4147/6853/2025 4148/6811/2025 4128/6818/2025
f 4147/6853/2026 4139/6854/2026 4148/6811/2026
f 4139/6854/2027 4123/6798/2027 4148/6811/2027
f 4145/6800/2028 4146/6847/2028 4127/6840/2028
f 4145/6800/2029 4135/6799/2029 4146/6847/2029
f 4135/6799/2030 4122/6855/2030 4146/6847/2030
f 4143/6797/2031 4144/6814/2031 4131/6827/2031
f 4143/6797/2032 4136/6793/2032 4144/6814/2032
f 4136/6793/2033 4126/6807/2033 4144/6814/2033
f 4137/6856/2034 4142/6808/2034 4126/6807/2034
f 4137/6796/2035 4140/6795/2035 4142/6857/2035
f 4140/6858/2036 4125/6804/2036 4142/6850/2036
f 4140/6858/2037 4141/6805/2037 4125/6804/2037
f 4140/6795/2038 4138/6794/2038 4141/6859/2038
f 4138/6860/2039 4124/6801/2039 4141/6852/2039
f 4138/6860/2040 4139/6802/2040 4124/6801/2040
f 4138/6794/2041 4133/6790/2041 4139/6861/2041
f 4133/6790/2042 4123/6862/2042 4139/6861/2042
f 4136/6793/2043 4137/6856/2043 4126/6807/2043
f 4136/6863/2044 4134/6789/2044 4137/6796/2044
f 4134/6789/2045 4121/6788/2045 4137/6796/2045
f 4133/6790/2046 4135/6864/2046 4123/6862/2046
f 4133/6790/2047 4134/6789/2047 4135/6864/2047
f 4134/6789/2048 4122/6865/2048 4135/6864/2048
f 4163/6866/1969 4176/6867/1969 4175/6868/1969
f 4164/6869/1970 4176/6870/1970 4178/6871/1970
f 4163/6866/1971 4175/6868/1971 4180/6872/1971
f 4163/6866/1972 4180/6872/1972 4182/6873/1972
f 4163/6866/1973 4182/6873/1973 4179/6874/1973
f 4164/6869/1974 4178/6871/1974 4185/6875/1974
f 4165/6876/1975 4177/6877/1975 4187/6878/1975
f 4166/6879/1976 4181/6880/1976 4189/6881/1976
f 4167/6882/1977 4183/6883/1977 4191/6884/1977
f 4168/6885/1978 4184/6886/1978 4193/6887/1978
f 4164/6869/1979 4185/6875/1979 4188/6888/1979
f 4165/6876/1980 4187/6878/1980 4190/6889/1980
f 4166/6879/1981 4189/6881/1981 4192/6890/1981
f 4167/6882/1982 4191/6884/1982 4194/6891/1982
f 4168/6885/1983 4193/6887/1983 4186/6892/1983
f 4169/6893/1984 4195/6894/1984 4200/6895/1984
f 4170/6896/1985 4196/6897/1985 4202/6898/1985
f 4171/6899/1986 4197/6900/1986 4203/6901/1986
f 4172/6902/1987 4198/6903/1987 4204/6904/1987
f 4173/6905/1988 4199/6906/1988 4201/6907/1988
f 4201/6908/1989 4204/6904/1989 4174/6909/1989
f 4201/6908/1990 4199/6910/1990 4204/6904/1990
f 4199/6910/1991 4172/6902/1991 4204/6904/1991
f 4204/6904/1992 4203/6911/1992 4174/6909/1992
f 4204/6904/1993 4198/6903/1993 4203/6911/1993
f 4198/6903/1994 4171/6912/1994 4203/6911/1994
f 4203/6911/1995 4202/6913/1995 4174/6909/1995
f 4203/6911/1996 4197/6914/1996 4202/6913/1996
f 4197/6900/1997 4170/6915/1997 4202/6916/1997
f 4202/6913/1998 4200/6895/1998 4174/6909/1998
f 4202/6913/1999 4196/6917/1999 4200/6895/1999
f 4196/6897/2000 4169/6918/2000 4200/6919/2000
f 4200/6895/2001 4201/6908/2001 4174/6909/2001
f 4200/6895/2002 4195/6894/2002 4201/6908/2002
f 4195/6920/2003 4173/6905/2003 4201/6907/2003
f 4186/6892/2004 4199/6906/2004 4173/6905/2004
f 4186/6892/2005 4193/6887/2005 4199/6906/2005
f 4193/6887/2006 4172/6921/2006 4199/6906/2006
f 4194/6891/2007 4198/6922/2007 4172/6923/2007
f 4194/6891/2008 4191/6884/2008 4198/6922/2008
f 4191/6884/2009 4171/6924/2009 4198/6922/2009
f 4192/6890/2010 4197/6900/2010 4171/6899/2010
f 4192/6890/2011 4189/6881/2011 4197/6900/2011
f 4189/6881/2012 4170/6915/2012 4197/6900/2012
f 4190/6889/2013 4196/6897/2013 4170/6896/2013
f 4190/6889/2014 4187/6878/2014 4196/6897/2014
f 4187/6878/2015 4169/6918/2015 4196/6897/2015
f 4188/6925/2016 4195/6926/2016 4169/6918/2016
f 4188/6888/2017 4185/6875/2017 4195/6920/2017
f 4185/6875/2018 4173/6905/2018 4195/6920/2018
f 4193/6927/2019 4194/6891/2019 4172/6923/2019
f 4193/6927/2020 4184/6928/2020 4194/6891/2020
f 4184/6928/2021 4167/6882/2021 4194/6891/2021
f 4191/6929/2022 4192/6890/2022 4171/6899/2022
f 4191/6929/2023 4183/6930/2023 4192/6890/2023
f 4183/6930/2024 4166/6879/2024 4192/6890/2024
f 4189/6931/2025 4190/6889/2025 4170/6896/2025
f 4189/6931/2026 4181/6932/2026 4190/6889/2026
f 4181/6932/2027 4165/6876/2027 4190/6889/2027
f 4187/6878/2028 4188/6925/2028 4169/6918/2028
f 4187/6878/2029 4177/6877/2029 4188/6925/2029
f 4177/6877/2030 4164/6933/2030 4188/6925/2030
f 4185/6875/2031 4186/6892/2031 4173/6905/2031
f 4185/6875/2032 4178/6871/2032 4186/6892/2032
f 4178/6871/2033 4168/6885/2033 4186/6892/2033
f 4179/6934/2034 4184/6886/2034 4168/6885/2034
f 4179/6874/2035 4182/6873/2035 4184/6935/2035
f 4182/6936/2036 4167/6882/2036 4184/6928/2036
f 4182/6936/2037 4183/6883/2037 4167/6882/2037
f 4182/6873/2038 4180/6872/2038 4183/6937/2038
f 4180/6938/2039 4166/6879/2039 4183/6930/2039
f 4180/6938/2040 4181/6880/2040 4166/6879/2040
f 4180/6872/2041 4175/6868/2041 4181/6939/2041
f 4175/6868/2042 4165/6940/2042 4181/6939/2042
f 4178/6871/2043 4179/6934/2043 4168/6885/2043
f 4178/6941/2044 4176/6867/2044 4179/6874/2044
f 4176/6867/2045 4163/6866/2045 4179/6874/2045
f 4175/6868/2046 4177/6942/2046 4165/6940/2046
f 4175/6868/2047 4176/6867/2047 4177/6942/2047
f 4176/6867/2048 4164/6943/2048 4177/6942/2048
f 4205/6944/1969 4218/6945/1969 4217/6946/1969
f 4206/6947/1970 4218/6948/1970 4220/6949/1970
f 4205/6944/1971 4217/6946/1971 4222/6950/1971
f 4205/6944/1972 4222/6950/1972 4224/6951/1972
f 4205/6944/1973 4224/6951/1973 4221/6952/1973
f 4206/6947/1974 4220/6949/1974 4227/6953/1974
f 4207/6954/1975 4219/6955/1975 4229/6956/1975
f 4208/6957/1976 4223/6958/1976 4231/6959/1976
f 4209/6960/1977 4225/6961/1977 4233/6962/1977
f 4210/6963/1978 4226/6964/1978 4235/6965/1978
f 4206/6947/1979 4227/6953/1979 4230/6966/1979
f 4207/6954/1980 4229/6956/1980 4232/6967/1980
f 4208/6957/1981 4231/6959/1981 4234/6968/1981
f 4209/6960/1982 4233/6962/1982 4236/6969/1982
f 4210/6963/1983 4235/6965/1983 4228/6970/1983
f 4211/6971/1984 4237/6972/1984 4242/6973/1984
f 4212/6974/1985 4238/6975/1985 4244/6976/1985
f 4213/6977/1986 4239/6978/1986 4245/6979/1986
f 4214/6980/1987 4240/6981/1987 4246/6982/1987
f 4215/6983/1988 4241/6984/1988 4243/6985/1988
f 4243/6986/1989 4246/6982/1989 4216/6987/1989
f 4243/6986/1990 4241/6988/1990 4246/6982/1990
f 4241/6988/1991 4214/6980/1991 4246/6982/1991
f 4246/6982/1992 4245/6989/1992 4216/6987/1992
f 4246/6982/1993 4240/6981/1993 4245/6989/1993
f 4240/6981/1994 4213/6990/1994 4245/6989/1994
f 4245/6989/1995 4244/6991/1995 4216/6987/1995
f 4245/6989/1996 4239/6992/1996 4244/6991/1996
f 4239/6978/1997 4212/6993/1997 4244/6994/1997
f 4244/6991/1998 4242/6973/1998 4216/6987/1998
f 4244/6991/1999 4238/6995/1999 4242/6973/1999
f 4238/6975/2000 4211/6996/2000 4242/6997/2000
f 4242/6973/2001 4243/6986/2001 4216/6987/2001
f 4242/6973/2002 4237/6972/2002 4243/6986/2002
f 4237/6998/2003 4215/6983/2003 4243/6985/2003
f 4228/6970/2004 4241/6984/2004 4215/6983/2004
f 4228/6970/2005 4235/6965/2005 4241/6984/2005
f 4235/6965/2006 4214/6999/2006 4241/6984/2006
f 4236/6969/2007 4240/7000/2007 4214/7001/2007
f 4236/6969/2008 4233/6962/2008 4240/7000/2008
f 4233/6962/2009 4213/7002/2009 4240/7000/2009
f 4234/6968/2010 4239/6978/2010 4213/6977/2010
f 4234/6968/2011 4231/6959/2011 4239/6978/2011
f 4231/6959/2012 4212/6993/2012 4239/6978/2012
f 4232/6967/2013 4238/6975/2013 4212/6974/2013
f 4232/6967/2014 4229/6956/2014 4238/6975/2014
f 4229/6956/2015 4211/6996/2015 4238/6975/2015
f 4230/7003/2016 4237/7004/2016 4211/6996/2016
f 4230/6966/2017 4227/6953/2017 4237/6998/2017
f 4227/6953/2018 4215/6983/2018 4237/6998/2018
f 4235/7005/2019 4236/6969/2019 4214/7001/2019
f 4235/7005/2020 4226/7006/2020 4236/6969/2020
f 4226/7006/2021 4209/6960/2021 4236/6969/2021
f 4233/7007/2022 4234/6968/2022 4213/6977/2022
f 4233/7007/2023 4225/7008/2023 4234/6968/2023
f 4225/7008/2024 4208/6957/2024 4234/6968/2024
f 4231/7009/2025 4232/6967/2025 4212/6974/2025
f 4231/7009/2026 4223/7010/2026 4232/6967/2026
f 4223/7010/2027 4207/6954/2027 4232/6967/2027
f 4229/6956/2028 4230/7003/2028 4211/6996/2028
f 4229/6956/2029 4219/6955/2029 4230/7003/2029
f 4219/6955/2030 4206/7011/2030 4230/7003/2030
f 4227/6953/2031 4228/6970/2031 4215/6983/2031
f 4227/6953/2032 4220/6949/2032 4228/6970/2032
f 4220/6949/2033 4210/6963/2033 4228/6970/2033
f 4221/7012/2034 4226/6964/2034 4210/6963/2034
f 4221/6952/2035 4224/6951/2035 4226/7013/2035
f 4224/7014/2036 4209/6960/2036 4226/7006/2036
f 4224/7014/2037 4225/6961/2037 4209/6960/2037
f 4224/6951/2038 4222/6950/2038 4225/7015/2038
f 4222/7016/2039 4208/6957/2039 4225/7008/2039
f 4222/7016/2040 4223/6958/2040 4208/6957/2040
f 4222/6950/2041 4217/6946/2041 4223/7017/2041
f 4217/6946/2042 4207/7018/2042 4223/7017/2042
f 4220/6949/2043 4221/7012/2043 4210/6963/2043
f 4220/7019/2044 4218/6945/2044 4221/6952/2044
f 4218/6945/2045 4205/6944/2045 4221/6952/2045
f 4217/6946/2046 4219/7020/2046 4207/7018/2046
f 4217/6946/2047 4218/6945/2047 4219/7020/2047
f 4218/6945/2048 4206/7021/2048 4219/7020/2048
f 4247/7022/1969 4260/7023/1969 4259/7024/1969
f 4248/7025/1970 4260/7026/1970 4262/7027/1970
f 4247/7022/1971 4259/7024/1971 4264/7028/1971
f 4247/7022/1972 4264/7028/1972 4266/7029/1972
f 4247/7022/1973 4266/7029/1973 4263/7030/1973
f 4248/7025/1974 4262/7027/1974 4269/7031/1974
f 4249/7032/1975 4261/7033/1975 4271/7034/1975
f 4250/7035/1976 4265/7036/1976 4273/7037/1976
f 4251/7038/1977 4267/7039/1977 4275/7040/1977
f 4252/7041/1978 4268/7042/1978 4277/7043/1978
f 4248/7025/1979 4269/7031/1979 4272/7044/1979
f 4249/7032/1980 4271/7034/1980 4274/7045/1980
f 4250/7035/1981 4273/7037/1981 4276/7046/1981
f 4251/7038/1982 4275/7040/1982 4278/7047/1982
f 4252/7041/1983 4277/7043/1983 4270/7048/1983
f 4253/7049/1984 4279/7050/1984 4284/7051/1984
f 4254/7052/1985 4280/7053/1985 4286/7054/1985
f 4255/7055/1986 4281/7056/1986 4287/7057/1986
f 4256/7058/1987 4282/7059/1987 4288/7060/1987
f 4257/7061/1988 4283/7062/1988 4285/7063/1988
f 4285/7064/1989 4288/7060/1989 4258/7065/1989
f 4285/7064/1990 4283/7066/1990 4288/7060/1990
f 4283/7066/1991 4256/7058/1991 4288/7060/1991
f 4288/7060/1992 4287/7067/1992 4258/7065/1992
f 4288/7060/1993 4282/7059/1993 4287/7067/1993
f 4282/7059/1994 4255/7068/1994 4287/7067/1994
f 4287/7067/1995 4286/7069/1995 4258/7065/1995
f 4287/7067/1996 4281/7070/1996 4286/7069/1996
f 4281/7056/1997 4254/7071/1997 4286/7072/1997
f 4286/7069/1998 4284/7051/1998 4258/7065/1998
f 4286/7069/1999 4280/7073/1999 4284/7051/1999
f 4280/7053/2000 4253/7074/2000 4284/7075/2000
f 4284/7051/2001 4285/7064/2001 4258/7065/2001
f 4284/7051/2002 4279/7050/2002 4285/7064/2002
f 4279/7076/2003 4257/7061/2003 4285/7063/2003
f 4270/7048/2004 4283/7062/2004 4257/7061/2004
f 4270/7048/2005 4277/7043/2005 4283/7062/2005
f 4277/7043/2006 4256/7077/2006 4283/7062/2006
f 4278/7047/2007 4282/7078/2007 4256/7079/2007
f 4278/7047/2008 4275/7040/2008 4282/7078/2008
f 4275/7040/2009 4255/7080/2009 4282/7078/2009
f 4276/7046/2010 4281/7056/2010 4255/7055/2010
f 4276/7046/2011 4273/7037/2011 4281/7056/2011
f 4273/7037/2012 4254/7071/2012 4281/7056/2012
f 4274/7045/2013 4280/7053/2013 4254/7052/2013
f 4274/7045/2014 4271/7034/2014 4280/7053/2014
f 4271/7034/2015 4253/7074/2015 4280/7053/2015
f 4272/7081/2016 4279/7082/2016 4253/7074/2016
f 4272/7044/2017 4269/7031/2017 4279/7076/2017
f 4269/7031/2018 4257/7061/2018 4279/7076/2018
f 4277/7083/2019 4278/7047/2019 4256/7079/2019
f 4277/7083/2020 4268/7084/2020 4278/7047/2020
f 4268/7084/2021 4251/7038/2021 4278/7047/2021
f 4275/7085/2022 4276/7046/2022 4255/7055/2022
f 4275/7085/2023 4267/7086/2023 4276/7046/2023
f 4267/7086/2024 4250/7035/2024 4276/7046/2024
f 4273/7087/2025 4274/7045/2025 4254/7052/2025
f 4273/7087/2026 4265/7088/2026 4274/7045/2026
f 4265/7088/2027 4249/7032/2027 4274/7045/2027
f 4271/7034/2028 4272/7081/2028 4253/7074/2028
f 4271/7034/2029 4261/7033/2029 4272/7081/2029
f 4261/7033/2030 4248/7089/2030 4272/7081/2030
f 4269/7031/2031 4270/7048/2031 4257/7061/2031
f 4269/7031/2032 4262/7027/2032 4270/7048/2032
f 4262/7027/2033 4252/7041/2033 4270/7048/2033
f 4263/7090/2034 4268/7042/2034 4252/7041/2034
f 4263/7030/2035 4266/7029/2035 4268/7091/2035
f 4266/7092/2036 4251/7038/2036 4268/7084/2036
f 4266/7092/2037 4267/7039/2037 4251/7038/2037
f 4266/7029/2038 4264/7028/2038 4267/7093/2038
f 4264/7094/2039 4250/7035/2039 4267/7086/2039
f 4264/7094/2040 4265/7036/2040 4250/7035/2040
f 4264/7028/2041 4259/7024/2041 4265/7095/2041
f 4259/7024/2042 4249/7096/2042 4265/7095/2042
f 4262/7027/2043 4263/7090/2043 4252/7041/2043
f 4262/7097/2044 4260/7023/2044 4263/7030/2044
f 4260/7023/2045 4247/7022/2045 4263/7030/2045
f 4259/7024/2046 4261/7098/2046 4249/7096/2046
f 4259/7024/2047 4260/7023/2047 4261/7098/2047
f 4260/7023/2048 4248/7099/2048 4261/7098/2048
f 4289/7100/1969 4302/7101/1969 4301/7102/1969
f 4290/7103/1970 4302/7104/1970 4304/7105/1970
f 4289/7100/1971 4301/7102/1971 4306/7106/1971
f 4289/7100/1972 4306/7106/1972 4308/7107/1972
f 4289/7100/1973 4308/7107/1973 4305/7108/1973
f 4290/7103/1974 4304/7105/1974 4311/7109/1974
f 4291/7110/1975 4303/7111/1975 4313/7112/1975
f 4292/7113/1976 4307/7114/1976 4315/7115/1976
f 4293/7116/1977 4309/7117/1977 4317/7118/1977
f 4294/7119/1978 4310/7120/1978 4319/7121/1978
f 4290/7103/1979 4311/7109/1979 4314/7122/1979
f 4291/7110/1980 4313/7112/1980 4316/7123/1980
f 4292/7113/1981 4315/7115/1981 4318/7124/1981
f 4293/7116/1982 4317/7118/1982 4320/7125/1982
f 4294/7119/1983 4319/7121/1983 4312/7126/1983
f 4295/7127/1984 4321/7128/1984 4326/7129/1984
f 4296/7130/1985 4322/7131/1985 4328/7132/1985
f 4297/7133/1986 4323/7134/1986 4329/7135/1986
f 4298/7136/1987 4324/7137/1987 4330/7138/1987
f 4299/7139/1988 4325/7140/1988 4327/7141/1988
f 4327/7142/1989 4330/7138/1989 4300/7143/1989
f 4327/7142/1990 4325/7144/1990 4330/7138/1990
f 4325/7144/1991 4298/7136/1991 4330/7138/1991
f 4330/7138/1992 4329/7145/1992 4300/7143/1992
f 4330/7138/1993 4324/7137/1993 4329/7145/1993
f 4324/7137/1994 4297/7146/1994 4329/7145/1994
f 4329/7145/1995 4328/7147/1995 4300/7143/1995
f 4329/7145/1996 4323/7148/1996 4328/7147/1996
f 4323/7134/1997 4296/7149/1997 4328/7150/1997
f 4328/7147/1998 4326/7129/1998 4300/7143/1998
f 4328/7147/1999 4322/7151/1999 4326/7129/1999
f 4322/7131/2000 4295/7152/2000 4326/7153/2000
f 4326/7129/2001 4327/7142/2001 4300/7143/2001
f 4326/7129/2002 4321/7128/2002 4327/7142/2002
f 4321/7154/2003 4299/7139/2003 4327/7141/2003
f 4312/7126/2004 4325/7140/2004 4299/7139/2004
f 4312/7126/2005 4319/7121/2005 4325/7140/2005
f 4319/7121/2006 4298/7155/2006 4325/7140/2006
f 4320/7125/2007 4324/7156/2007 4298/7157/2007
f 4320/7125/2008 4317/7118/2008 4324/7156/2008
f 4317/7118/2009 4297/7158/2009 4324/7156/2009
f 4318/7124/2010 4323/7134/2010 4297/7133/2010
f 4318/7124/2011 4315/7115/2011 4323/7134/2011
f 4315/7115/2012 4296/7149/2012 4323/7134/2012
f 4316/7123/2013 4322/7131/2013 4296/7130/2013
f 4316/7123/2014 4313/7112/2014 4322/7131/2014
f 4313/7112/2015 4295/7152/2015 4322/7131/2015
f 4314/7159/2016 4321/7160/2016 4295/7152/2016
f 4314/7122/2017 4311/7109/2017 4321/7154/2017
f 4311/7109/2018 4299/7139/2018 4321/7154/2018
f 4319/7161/2019 4320/7125/2019 4298/7157/2019
f 4319/7161/2020 4310/7162/2020 4320/7125/2020
f 4310/7162/2021 4293/7116/2021 4320/7125/2021
f 4317/7163/2022 4318/7124/2022 4297/7133/2022
f 4317/7163/2023 4309/7164/2023 4318/7124/2023
f 4309/7164/2024 4292/7113/2024 4318/7124/2024
f 4315/7165/2025 4316/7123/2025 4296/7130/2025
f 4315/7165/2026 4307/7166/2026 4316/7123/2026
f 4307/7166/2027 4291/7110/2027 4316/7123/2027
f 4313/7112/2028 4314/7159/2028 4295/7152/2028
f 4313/7112/2029 4303/7111/2029 4314/7159/2029
f 4303/7111/2030 4290/7167/2030 4314/7159/2030
f 4311/7109/2031 4312/7126/2031 4299/7139/2031
f 4311/7109/2032 4304/7105/2032 4312/7126/2032
f 4304/7105/2033 4294/7119/2033 4312/7126/2033
f 4305/7168/2034 4310/7120/2034 4294/7119/2034
f 4305/7108/2035 4308/7107/2035 4310/7169/2035
f 4308/7170/2036 4293/7116/2036 4310/7162/2036
f 4308/7170/2037 4309/7117/2037 4293/7116/2037
f 4308/7107/2038 4306/7106/2038 4309/7171/2038
f 4306/7172/2039 4292/7113/2039 4309/7164/2039
f 4306/7172/2040 4307/7114/2040 4292/7113/2040
f 4306/7106/2041 4301/7102/2041 4307/7173/2041
f 4301/7102/2042 4291/7174/2042 4307/7173/2042
f 4304/7105/2043 4305/7168/2043 4294/7119/2043
f 4304/7175/2044 4302/7101/2044 4305/7108/2044
f 4302/7101/2045 4289/7100/2045 4305/7108/2045
f 4301/7102/2046 4303/7176/2046 4291/7174/2046
f 4301/7102/2047 4302/7101/2047 4303/7176/2047
f 4302/7101/2048 4290/7177/2048 4303/7176/2048
f 4331/7178/1969 4344/7179/1969 4343/7180/1969
f 4332/7181/1970 4344/7182/1970 4346/7183/1970
f 4331/7178/1971 4343/7180/1971 4348/7184/1971
f 4331/7178/1972 4348/7184/1972 4350/7185/1972
f 4331/7178/1973 4350/7185/1973 4347/7186/1973
f 4332/7181/1974 4346/7183/1974 4353/7187/1974
f 4333/7188/1975 4345/7189/1975 4355/7190/1975
f 4334/7191/1976 4349/7192/1976 4357/7193/1976
f 4335/7194/1977 4351/7195/1977 4359/7196/1977
f 4336/7197/1978 4352/7198/1978 4361/7199/1978
f 4332/7181/1979 4353/7187/1979 4356/7200/1979
f 4333/7188/1980 4355/7190/1980 4358/7201/1980
f 4334/7191/1981 4357/7193/1981 4360/7202/1981
f 4335/7194/1982 4359/7196/1982 4362/7203/1982
f 4336/7197/1983 4361/7199/1983 4354/7204/1983
f 4337/7205/1984 4363/7206/1984 4368/7207/1984
f 4338/7208/1985 4364/7209/1985 4370/7210/1985
f 4339/7211/1986 4365/7212/1986 4371/7213/1986
f 4340/7214/1987 4366/7215/1987 4372/7216/1987
f 4341/7217/1988 4367/7218/1988 4369/7219/1988
f 4369/7220/1989 4372/7216/1989 4342/7221/1989
f 4369/7220/1990 4367/7222/1990 4372/7216/1990
f 4367/7222/1991 4340/7214/1991 4372/7216/1991
f 4372/7216/1992 4371/7223/1992 4342/7221/1992
f 4372/7216/1993 4366/7215/1993 4371/7223/1993
f 4366/7215/1994 4339/7224/1994 4371/7223/1994
f 4371/7223/1995 4370/7225/1995 4342/7221/1995
f 4371/7223/1996 4365/7226/1996 4370/7225/1996
f 4365/7212/1997 4338/7227/1997 4370/7228/1997
f 4370/7225/1998 4368/7207/1998 4342/7221/1998
f 4370/7225/1999 4364/7229/1999 4368/7207/1999
f 4364/7209/2000 4337/7230/2000 4368/7231/2000
f 4368/7207/2001 4369/7220/2001 4342/7221/2001
f 4368/7207/2002 4363/7206/2002 4369/7220/2002
f 4363/7232/2003 4341/7217/2003 4369/7219/2003
f 4354/7204/2004 4367/7218/2004 4341/7217/2004
f 4354/7204/2005 4361/7199/2005 4367/7218/2005
f 4361/7199/2006 4340/7233/2006 4367/7218/2006
f 4362/7203/2007 4366/7234/2007 4340/7235/2007
f 4362/7203/2008 4359/7196/2008 4366/7234/2008
f 4359/7196/2009 4339/7236/2009 4366/7234/2009
f 4360/7202/2010 4365/7212/2010 4339/7211/2010
f 4360/7202/2011 4357/7193/2011 4365/7212/2011
f 4357/7193/2012 4338/7227/2012 4365/7212/2012
f 4358/7201/2013 4364/7209/2013 4338/7208/2013
f 4358/7201/2014 4355/7190/2014 4364/7209/2014
f 4355/7190/2015 4337/7230/2015 4364/7209/2015
f 4356/7237/2016 4363/7238/2016 4337/7230/2016
f 4356/7200/2017 4353/7187/2017 4363/7232/2017
f 4353/7187/2018 4341/7217/2018 4363/7232/2018
f 4361/7239/2019 4362/7203/2019 4340/7235/2019
f 4361/7239/2020 4352/7240/2020 4362/7203/2020
f 4352/7240/2021 4335/7194/2021 4362/7203/2021
f 4359/7241/2022 4360/7202/2022 4339/7211/2022
f 4359/7241/2023 4351/7242/2023 4360/7202/2023
f 4351/7242/2024 4334/7191/2024 4360/7202/2024
f 4357/7243/2025 4358/7201/2025 4338/7208/2025
f 4357/7243/2026 4349/7244/2026 4358/7201/2026
f 4349/7244/2027 4333/7188/2027 4358/7201/2027
f 4355/7190/2028 4356/7237/2028 4337/7230/2028
f 4355/7190/2029 4345/7189/2029 4356/7237/2029
f 4345/7189/2030 4332/7245/2030 4356/7237/2030
f 4353/7187/2031 4354/7204/2031 4341/7217/2031
f 4353/7187/2032 4346/7183/2032 4354/7204/2032
f 4346/7183/2033 4336/7197/2033 4354/7204/2033
f 4347/7246/2034 4352/7198/2034 4336/7197/2034
f 4347/7186/2035 4350/7185/2035 4352/7247/2035
f 4350/7248/2036 4335/7194/2036 4352/7240/2036
f 4350/7248/2037 4351/7195/2037 4335/7194/2037
f 4350/7185/2038 4348/7184/2038 4351/7249/2038
f 4348/7250/2039 4334/7191/2039 4351/7242/2039
f 4348/7250/2040 4349/7192/2040 4334/7191/2040
f 4348/7184/2041 4343/7180/2041 4349/7251/2041
f 4343/7180/2042 4333/7252/2042 4349/7251/2042
f 4346/7183/2043 4347/7246/2043 4336/7197/2043
f 4346/7253/2044 4344/7179/2044 4347/7186/2044
f 4344/7179/2045 4331/7178/2045 4347/7186/2045
f 4343/7180/2046 4345/7254/2046 4333/7252/2046
f 4343/7180/2047 4344/7179/2047 4345/7254/2047
f 4344/7179/2048 4332/7255/2048 4345/7254/2048
f 4373/7256/1969 4386/7257/1969 4385/7258/1969
f 4374/7259/1970 4386/7260/1970 4388/7261/1970
f 4373/7256/1971 4385/7258/1971 4390/7262/1971
f 4373/7256/1972 4390/7262/1972 4392/7263/1972
f 4373/7256/1973 4392/7263/1973 4389/7264/1973
f 4374/7259/1974 4388/7261/1974 4395/7265/1974
f 4375/7266/1975 4387/7267/1975 4397/7268/1975
f 4376/7269/1976 4391/7270/1976 4399/7271/1976
f 4377/7272/1977 4393/7273/1977 4401/7274/1977
f 4378/7275/1978 4394/7276/1978 4403/7277/1978
f 4374/7259/1979 4395/7265/1979 4398/7278/1979
f 4375/7266/1980 4397/7268/1980 4400/7279/1980
f 4376/7269/1981 4399/7271/1981 4402/7280/1981
f 4377/7272/1982 4401/7274/1982 4404/7281/1982
f 4378/7275/1983 4403/7277/1983 4396/7282/1983
f 4379/7283/1984 4405/7284/1984 4410/7285/1984
f 4380/7286/1985 4406/7287/1985 4412/7288/1985
f 4381/7289/1986 4407/7290/1986 4413/7291/1986
f 4382/7292/1987 4408/7293/1987 4414/7294/1987
f 4383/7295/1988 4409/7296/1988 4411/7297/1988
f 4411/7298/1989 4414/7294/1989 4384/7299/1989
f 4411/7298/1990 4409/7300/1990 4414/7294/1990
f 4409/7300/1991 4382/7292/1991 4414/7294/1991
f 4414/7294/1992 4413/7301/1992 4384/7299/1992
f 4414/7294/1993 4408/7293/1993 4413/7301/1993
f 4408/7293/1994 4381/7302/1994 4413/7301/1994
f 4413/7301/1995 4412/7303/1995 4384/7299/1995
f 4413/7301/1996 4407/7304/1996 4412/7303/1996
f 4407/7290/1997 4380/7305/1997 4412/7306/1997
f 4412/7303/1998 4410/7285/1998 4384/7299/1998
f 4412/7303/1999 4406/7307/1999 4410/7285/1999
f 4406/7287/2000 4379/7308/2000 4410/7309/2000
f 4410/7285/2001 4411/7298/2001 4384/7299/2001
f 4410/7285/2002 4405/7284/2002 4411/7298/2002
f 4405/7310/2003 4383/7295/2003 4411/7297/2003
f 4396/7282/2004 4409/7296/2004 4383/7295/2004
f 4396/7282/2005 4403/7277/2005 4409/7296/2005
f 4403/7277/2006 4382/7311/2006 4409/7296/2006
f 4404/7281/2007 4408/7312/2007 4382/7313/2007
f 4404/7281/2008 4401/7274/2008 4408/7312/2008
f 4401/7274/2009 4381/7314/2009 4408/7312/2009
f 4402/7280/2010 4407/7290/2010 4381/7289/2010
f 4402/7280/2011 4399/7271/2011 4407/7290/2011
f 4399/7271/2012 4380/7305/2012 4407/7290/2012
f 4400/7279/2013 4406/7287/2013 4380/7286/2013
f 4400/7279/2014 4397/7268/2014 4406/7287/2014
f 4397/7268/2015 4379/7308/2015 4406/7287/2015
f 4398/7315/2016 4405/7316/2016 4379/7308/2016
f 4398/7278/2017 4395/7265/2017 4405/7310/2017
f 4395/7265/2018 4383/7295/2018 4405/7310/2018
f 4403/7317/2019 4404/7281/2019 4382/7313/2019
f 4403/7317/2020 4394/7318/2020 4404/7281/2020
f 4394/7318/2021 4377/7272/2021 4404/7281/2021
f 4401/7319/2022 4402/7280/2022 4381/7289/2022
f 4401/7319/2023 4393/7320/2023 4402/7280/2023
f 4393/7320/2024 4376/7269/2024 4402/7280/2024
f 4399/7321/2025 4400/7279/2025 4380/7286/2025
f 4399/7321/2026 4391/7322/2026 4400/7279/2026
f 4391/7322/2027 4375/7266/2027 4400/7279/2027
f 4397/7268/2028 4398/7315/2028 4379/7308/2028
f 4397/7268/2029 4387/7267/2029 4398/7315/2029
f 4387/7267/2030 4374/7323/2030 4398/7315/2030
f 4395/7265/2031 4396/7282/2031 4383/7295/2031
f 4395/7265/2032 4388/7261/2032 4396/7282/2032
f 4388/7261/2033 4378/7275/2033 4396/7282/2033
f 4389/7324/2034 4394/7276/2034 4378/7275/2034
f 4389/7264/2035 4392/7263/2035 4394/7325/2035
f 4392/7326/2036 4377/7272/2036 4394/7318/2036
f 4392/7326/2037 4393/7273/2037 4377/7272/2037
f 4392/7263/2038 4390/7262/2038 4393/7327/2038
f 4390/7328/2039 4376/7269/2039 4393/7320/2039
f 4390/7328/2040 4391/7270/2040 4376/7269/2040
f 4390/7262/2041 4385/7258/2041 4391/7329/2041
f 4385/7258/2042 4375/7330/2042 4391/7329/2042
f 4388/7261/2043 4389/7324/2043 4378/7275/2043
f 4388/7331/2044 4386/7257/2044 4389/7264/2044
f 4386/7257/2045 4373/7256/2045 4389/7264/2045
f 4385/7258/2046 4387/7332/2046 4375/7330/2046
f 4385/7258/2047 4386/7257/2047 4387/7332/2047
f 4386/7257/2048 4374/7333/2048 4387/7332/2048
f 4415/7334/1969 4428/7335/1969 4427/7336/1969
f 4416/7337/1970 4428/7338/1970 4430/7339/1970
f 4415/7334/1971 4427/7336/1971 4432/7340/1971
f 4415/7334/1972 4432/7340/1972 4434/7341/1972
f 4415/7334/1973 4434/7341/1973 4431/7342/1973
f 4416/7337/1974 4430/7339/1974 4437/7343/1974
f 4417/7344/1975 4429/7345/1975 4439/7346/1975
f 4418/7347/1976 4433/7348/1976 4441/7349/1976
f 4419/7350/1977 4435/7351/1977 4443/7352/1977
f 4420/7353/1978 4436/7354/1978 4445/7355/1978
f 4416/7337/1979 4437/7343/1979 4440/7356/1979
f 4417/7344/1980 4439/7346/1980 4442/7357/1980
f 4418/7347/1981 4441/7349/1981 4444/7358/1981
f 4419/7350/1982 4443/7352/1982 4446/7359/1982
f 4420/7353/1983 4445/7355/1983 4438/7360/1983
f 4421/7361/1984 4447/7362/1984 4452/7363/1984
f 4422/7364/1985 4448/7365/1985 4454/7366/1985
f 4423/7367/1986 4449/7368/1986 4455/7369/1986
f 4424/7370/1987 4450/7371/1987 4456/7372/1987
f 4425/7373/1988 4451/7374/1988 4453/7375/1988
f 4453/7376/1989 4456/7372/1989 4426/7377/1989
f 4453/7376/1990 4451/7378/1990 4456/7372/1990
f 4451/7378/1991 4424/7370/1991 4456/7372/1991
f 4456/7372/1992 4455/7379/1992 4426/7377/1992
f 4456/7372/1993 4450/7371/1993 4455/7379/1993
f 4450/7371/1994 4423/7380/1994 4455/7379/1994
f 4455/7379/1995 4454/7381/1995 4426/7377/1995
f 4455/7379/1996 4449/7382/1996 4454/7381/1996
f 4449/7368/1997 4422/7383/1997 4454/7384/1997
f 4454/7381/1998 4452/7363/1998 4426/7377/1998
f 4454/7381/1999 4448/7385/1999 4452/7363/1999
f 4448/7365/2000 4421/7386/2000 4452/7387/2000
f 4452/7363/2001 4453/7376/2001 4426/7377/2001
f 4452/7363/2002 4447/7362/2002 4453/7376/2002
f 4447/7388/2003 4425/7373/2003 4453/7375/2003
f 4438/7360/2004 4451/7374/2004 4425/7373/2004
f 4438/7360/2005 4445/7355/2005 4451/7374/2005
f 4445/7355/2006 4424/7389/2006 4451/7374/2006
f 4446/7359/2007 4450/7390/2007 4424/7391/2007
f 4446/7359/2008 4443/7352/2008 4450/7390/2008
f 4443/7352/2009 4423/7392/2009 4450/7390/2009
f 4444/7358/2010 4449/7368/2010 4423/7367/2010
f 4444/7358/2011 4441/7349/2011 4449/7368/2011
f 4441/7349/2012 4422/7383/2012 4449/7368/2012
f 4442/7357/2013 4448/7365/2013 4422/7364/2013
f 4442/7357/2014 4439/7346/2014 4448/7365/2014
f 4439/7346/2015 4421/7386/2015 4448/7365/2015
f 4440/7393/2016 4447/7394/2016 4421/7386/2016
f 4440/7356/2017 4437/7343/2017 4447/7388/2017
f 4437/7343/2018 4425/7373/2018 4447/7388/2018
f 4445/7395/2019 4446/7359/2019 4424/7391/2019
f 4445/7395/2020 4436/7396/2020 4446/7359/2020
f 4436/7396/2021 4419/7350/2021 4446/7359/2021
f 4443/7397/2022 4444/7358/2022 4423/7367/2022
f 4443/7397/2023 4435/7398/2023 4444/7358/2023
f 4435/7398/2024 4418/7347/2024 4444/7358/2024
f 4441/7399/2025 4442/7357/2025 4422/7364/2025
f 4441/7399/2026 4433/7400/2026 4442/7357/2026
f 4433/7400/2027 4417/7344/2027 4442/7357/2027
f 4439/7346/2028 4440/7393/2028 4421/7386/2028
f 4439/7346/2029 4429/7345/2029 4440/7393/2029
f 4429/7345/2030 4416/7401/2030 4440/7393/2030
f 4437/7343/2031 4438/7360/2031 4425/7373/2031
f 4437/7343/2032 4430/7339/2032 4438/7360/2032
f 4430/7339/2033 4420/7353/2033 4438/7360/2033
f 4431/7402/2034 4436/7354/2034 4420/7353/2034
f 4431/7342/2035 4434/7341/2035 4436/7403/2035
f 4434/7404/2036 4419/7350/2036 4436/7396/2036
f 4434/7404/2037 4435/7351/2037 4419/7350/2037
f 4434/7341/2038 4432/7340/2038 4435/7405/2038
f 4432/7406/2039 4418/7347/2039 4435/7398/2039
f 4432/7406/2040 4433/7348/2040 4418/7347/2040
f 4432/7340/2041 4427/7336/2041 4433/7407/2041
f 4427/7336/2042 4417/7408/2042 4433/7407/2042
f 4430/7339/2043 4431/7402/2043 4420/7353/2043
f 4430/7409/2044 4428/7335/2044 4431/7342/2044
f 4428/7335/2045 4415/7334/2045 4431/7342/2045
f 4427/7336/2046 4429/7410/2046 4417/7408/2046
f 4427/7336/2047 4428/7335/2047 4429/7410/2047
f 4428/7335/2048 4416/7411/2048 4429/7410/2048
f 4457/7412/1969 4470/7413/1969 4469/7414/1969
f 4458/7415/1970 4470/7416/1970 4472/7417/1970
f 4457/7412/1971 4469/7414/1971 4474/7418/1971
f 4457/7412/1972 4474/7418/1972 4476/7419/1972
f 4457/7412/1973 4476/7419/1973 4473/7420/1973
f 4458/7415/1974 4472/7417/1974 4479/7421/1974
f 4459/7422/1975 4471/7423/1975 4481/7424/1975
f 4460/7425/1976 4475/7426/1976 4483/7427/1976
f 4461/7428/1977 4477/7429/1977 4485/7430/1977
f 4462/7431/1978 4478/7432/1978 4487/7433/1978
f 4458/7415/1979 4479/7421/1979 4482/7434/1979
f 4459/7422/1980 4481/7424/1980 4484/7435/1980
f 4460/7425/1981 4483/7427/1981 4486/7436/1981
f 4461/7428/1982 4485/7430/1982 4488/7437/1982
f 4462/7431/1983 4487/7433/1983 4480/7438/1983
f 4463/7439/1984 4489/7440/1984 4494/7441/1984
f 4464/7442/1985 4490/7443/1985 4496/7444/1985
f 4465/7445/1986 4491/7446/1986 4497/7447/1986
f 4466/7448/1987 4492/7449/1987 4498/7450/1987
f 4467/7451/1988 4493/7452/1988 4495/7453/1988
f 4495/7454/1989 4498/7450/1989 4468/7455/1989
f 4495/7454/1990 4493/7456/1990 4498/7450/1990
f 4493/7456/1991 4466/7448/1991 4498/7450/1991
f 4498/7450/1992 4497/7457/1992 4468/7455/1992
f 4498/7450/1993 4492/7449/1993 4497/7457/1993
f 4492/7449/1994 4465/7458/1994 4497/7457/1994
f 4497/7457/1995 4496/7459/1995 4468/7455/1995
f 4497/7457/1996 4491/7460/1996 4496/7459/1996
f 4491/7446/1997 4464/7461/1997 4496/7462/1997
f 4496/7459/1998 4494/7441/1998 4468/7455/1998
f 4496/7459/1999 4490/7463/1999 4494/7441/1999
f 4490/7443/2000 4463/7464/2000 4494/7465/2000
f 4494/7441/2001 4495/7454/2001 4468/7455/2001
f 4494/7441/2002 4489/7440/2002 4495/7454/2002
f 4489/7466/2003 4467/7451/2003 4495/7453/2003
f 4480/7438/2004 4493/7452/2004 4467/7451/2004
f 4480/7438/2005 4487/7433/2005 4493/7452/2005
f 4487/7433/2006 4466/7467/2006 4493/7452/2006
f 4488/7437/2007 4492/7468/2007 4466/7469/2007
f 4488/7437/2008 4485/7430/2008 4492/7468/2008
f 4485/7430/2009 4465/7470/2009 4492/7468/2009
f 4486/7436/2010 4491/7446/2010 4465/7445/2010
f 4486/7436/2011 4483/7427/2011 4491/7446/2011
f 4483/7427/2012 4464/7461/2012 4491/7446/2012
f 4484/7435/2013 4490/7443/2013 4464/7442/2013
f 4484/7435/2014 4481/7424/2014 4490/7443/2014
f 4481/7424/2015 4463/7464/2015 4490/7443/2015
f 4482/7471/2016 4489/7472/2016 4463/7464/2016
f 4482/7434/2017 4479/7421/2017 4489/7466/2017
f 4479/7421/2018 4467/7451/2018 4489/7466/2018
f 4487/7473/2019 4488/7437/2019 4466/7469/2019
f 4487/7473/2020 4478/7474/2020 4488/7437/2020
f 4478/7474/2021 4461/7428/2021 4488/7437/2021
f 4485/7475/2022 4486/7436/2022 4465/7445/2022
f 4485/7475/2023 4477/7476/2023 4486/7436/2023
f 4477/7476/2024 4460/7425/2024 4486/7436/2024
f 4483/7477/2025 4484/7435/2025 4464/7442/2025
f 4483/7477/2026 4475/7478/2026 4484/7435/2026
f 4475/7478/2027 4459/7422/2027 4484/7435/2027
f 4481/7424/2028 4482/7471/2028 4463/7464/2028
f 4481/7424/2029 4471/7423/2029 4482/7471/2029
f 4471/7423/2030 4458/7479/2030 4482/7471/2030
f 4479/7421/2031 4480/7438/2031 4467/7451/2031
f 4479/7421/2032 4472/7417/2032 4480/7438/2032
f 4472/7417/2033 4462/7431/2033 4480/7438/2033
f 4473/7480/2034 4478/7432/2034 4462/7431/2034
f 4473/7420/2035 4476/7419/2035 4478/7481/2035
f 4476/7482/2036 4461/7428/2036 4478/7474/2036
f 4476/7482/2037 4477/7429/2037 4461/7428/2037
f 4476/7419/2038 4474/7418/2038 4477/7483/2038
f 4474/7484/2039 4460/7425/2039 4477/7476/2039
f 4474/7484/2040 4475/7426/2040 4460/7425/2040
f 4474/7418/2041 4469/7414/2041 4475/7485/2041
f 4469/7414/2042 4459/7486/2042 4475/7485/2042
f 4472/7417/2043 4473/7480/2043 4462/7431/2043
f 4472/7487/2044 4470/7413/2044 4473/7420/2044
f 4470/7413/2045 4457/7412/2045 4473/7420/2045
f 4469/7414/2046 4471/7488/2046 4459/7486/2046
f 4469/7414/2047 4470/7413/2047 4471/7488/2047
f 4470/7413/2048 4458/7489/2048 4471/7488/2048
f 4499/7490/1969 4512/7491/1969 4511/7492/1969
f 4500/7493/1970 4512/7494/1970 4514/7495/1970
f 4499/7490/1971 4511/7492/1971 4516/7496/1971
f 4499/7490/1972 4516/7496/1972 4518/7497/1972
f 4499/7490/1973 4518/7497/1973 4515/7498/1973
f 4500/7493/1974 4514/7495/1974 4521/7499/1974
f 4501/7500/1975 4513/7501/1975 4523/7502/1975
f 4502/7503/1976 4517/7504/1976 4525/7505/1976
f 4503/7506/1977 4519/7507/1977 4527/7508/1977
f 4504/7509/1978 4520/7510/1978 4529/7511/1978
f 4500/7493/1979 4521/7499/1979 4524/7512/1979
f 4501/7500/1980 4523/7502/1980 4526/7513/1980
f 4502/7503/1981 4525/7505/1981 4528/7514/1981
f 4503/7506/1982 4527/7508/1982 4530/7515/1982
f 4504/7509/1983 4529/7511/1983 4522/7516/1983
f 4505/7517/1984 4531/7518/1984 4536/7519/1984
f 4506/7520/1985 4532/7521/1985 4538/7522/1985
f 4507/7523/1986 4533/7524/1986 4539/7525/1986
f 4508/7526/1987 4534/7527/1987 4540/7528/1987
f 4509/7529/1988 4535/7530/1988 4537/7531/1988
f 4537/7532/1989 4540/7528/1989 4510/7533/1989
f 4537/7532/1990 4535/7534/1990 4540/7528/1990
f 4535/7534/1991 4508/7526/1991 4540/7528/1991
f 4540/7528/1992 4539/7535/1992 4510/7533/1992
f 4540/7528/1993 4534/7527/1993 4539/7535/1993
f 4534/7527/1994 4507/7536/1994 4539/7535/1994
f 4539/7535/1995 4538/7537/1995 4510/7533/1995
f 4539/7535/1996 4533/7538/1996 4538/7537/1996
f 4533/7524/1997 4506/7539/1997 4538/7540/1997
f 4538/7537/1998 4536/7519/1998 4510/7533/1998
f 4538/7537/1999 4532/7541/1999 4536/7519/1999
f 4532/7521/2000 4505/7542/2000 4536/7543/2000
f 4536/7519/2001 4537/7532/2001 4510/7533/2001
f 4536/7519/2002 4531/7518/2002 4537/7532/2002
f 4531/7544/2003 4509/7529/2003 4537/7531/2003
f 4522/7516/2004 4535/7530/2004 4509/7529/2004
f 4522/7516/2005 4529/7511/2005 4535/7530/2005
f 4529/7511/2006 4508/7545/2006 4535/7530/2006
f 4530/7515/2007 4534/7546/2007 4508/7547/2007
f 4530/7515/2008 4527/7508/2008 4534/7546/2008
f 4527/7508/2009 4507/7548/2009 4534/7546/2009
f 4528/7514/2010 4533/7524/2010 4507/7523/2010
f 4528/7514/2011 4525/7505/2011 4533/7524/2011
f 4525/7505/2012 4506/7539/2012 4533/7524/2012
f 4526/7513/2013 4532/7521/2013 4506/7520/2013
f 4526/7513/2014 4523/7502/2014 4532/7521/2014
f 4523/7502/2015 4505/7542/2015 4532/7521/2015
f 4524/7549/2016 4531/7550/2016 4505/7542/2016
f 4524/7512/2017 4521/7499/2017 4531/7544/2017
f 4521/7499/2018 4509/7529/2018 4531/7544/2018
f 4529/7551/2019 4530/7515/2019 4508/7547/2019
f 4529/7551/2020 4520/7552/2020 4530/7515/2020
f 4520/7552/2021 4503/7506/2021 4530/7515/2021
f 4527/7553/2022 4528/7514/2022 4507/7523/2022
f 4527/7553/2023 4519/7554/2023 4528/7514/2023
f 4519/7554/2024 4502/7503/2024 4528/7514/2024
f 4525/7555/2025 4526/7513/2025 4506/7520/2025
f 4525/7555/2026 4517/7556/2026 4526/7513/2026
f 4517/7556/2027 4501/7500/2027 4526/7513/2027
f 4523/7502/2028 4524/7549/2028 4505/7542/2028
f 4523/7502/2029 4513/7501/2029 4524/7549/2029
f 4513/7501/2030 4500/7557/2030 4524/7549/2030
f 4521/7499/2031 4522/7516/2031 4509/7529/2031
f 4521/7499/2032 4514/7495/2032 4522/7516/2032
f 4514/7495/2033 4504/7509/2033 4522/7516/2033
f 4515/7558/2034 4520/7510/2034 4504/7509/2034
f 4515/7498/2035 4518/7497/2035 4520/7559/2035
f 4518/7560/2036 4503/7506/2036 4520/7552/2036
f 4518/7560/2037 4519/7507/2037 4503/7506/2037
f 4518/7497/2038 4516/7496/2038 4519/7561/2038
f 4516/7562/2039 4502/7503/2039 4519/7554/2039
f 4516/7562/2040 4517/7504/2040 4502/7503/2040
f 4516/7496/2041 4511/7492/2041 4517/7563/2041
f 4511/7492/2042 4501/7564/2042 4517/7563/2042
f 4514/7495/2043 4515/7558/2043 4504/7509/2043
f 4514/7565/2044 4512/7491/2044 4515/7498/2044
f 4512/7491/2045 4499/7490/2045 4515/7498/2045
f 4511/7492/2046 4513/7566/2046 4501/7564/2046
f 4511/7492/2047 4512/7491/2047 4513/7566/2047
f 4512/7491/2048 4500/7567/2048 4513/7566/2048
usemtl 材質.001
f 273/397/68 223/398/68 219/399/68 270/400/68
f 275/401/163 235/402/163 221/403/163 271/404/163
f 279/405/164 254/406/164 236/407/164 274/408/164
f 279/405/165 256/409/165 262/410/165 283/411/165
f 258/412/166 255/413/166 261/414/166 267/415/166
f 235/416/167 219/417/167 223/418/167 237/419/167
f 234/420/168 220/421/168 224/422/168 238/423/168
f 271/424/67 221/425/67 225/426/67 272/427/67
f 276/428/68 245/429/68 223/398/68 273/397/68
f 250/430/68 247/431/68 229/432/68 233/433/68
f 231/434/67 227/435/67 228/436/67 232/437/67
f 257/438/169 259/439/169 268/440/169 264/441/169
f 257/442/170 256/409/170 239/443/170 242/444/170
f 241/445/163 240/446/163 227/447/163 231/448/163
f 233/433/68 229/432/68 226/449/68 230/450/68
f 222/451/68 233/433/68 230/450/68 218/452/68
f 234/453/163 241/445/163 231/448/163 220/454/163
f 220/455/67 231/434/67 232/437/67 224/456/67
f 243/457/68 250/430/68 233/433/68 222/451/68
f 218/458/163 230/459/163 241/445/163 234/453/163
f 230/459/163 226/460/163 240/446/163 241/445/163
f 267/415/171 268/461/171 259/462/171 258/412/171
f 218/463/168 234/420/168 238/423/168 222/464/168
f 221/465/167 235/416/167 237/419/167 225/466/167
f 279/405/172 283/411/172 254/406/172
f 256/467/173 257/468/173 264/469/173 262/470/173
f 270/471/163 219/472/163 235/402/163 275/401/163
f 222/464/174 238/423/174 252/473/174 243/474/174
f 225/466/167 237/419/167 251/475/167 244/476/167
f 224/456/67 232/437/67 249/477/67 246/478/67
f 232/437/67 228/436/67 248/479/67 249/477/67
f 242/444/175 239/443/175 255/413/175 258/412/175
f 274/408/176 236/407/176 253/480/176 278/481/176
f 237/419/167 223/418/167 245/482/167 251/475/167
f 238/423/177 224/422/177 246/483/177 252/473/177
f 272/427/67 225/426/67 244/484/67 277/485/67
f 265/486/67 246/478/67 249/477/67
f 242/444/178 259/462/178 257/442/178
f 258/412/179 259/462/179 242/444/179
f 252/473/180 246/483/180 269/487/180
f 243/474/181 269/487/181 266/488/181
f 269/487/182 243/474/182 252/473/182
f 280/489/68 245/429/68 276/428/68
f 266/490/68 260/491/68 247/431/68 250/430/68
f 236/492/167 254/493/167 244/476/167 251/475/167
f 249/477/67 248/479/67 263/494/67 265/486/67
f 265/495/183 269/487/183 246/483/183
f 250/430/68 243/457/68 266/490/68
f 280/496/184 281/497/184 253/480/184 245/498/184
f 280/489/185 260/491/185 261/499/185 281/500/185
f 260/501/186 266/502/186 267/415/186 261/414/186
f 282/503/67 277/485/67 244/484/67
f 265/486/187 263/494/187 262/470/187 264/469/187
f 269/487/188 265/495/188 264/441/188 268/440/188
f 266/502/189 269/504/189 268/461/189 267/415/189
f 253/480/190 281/497/190 278/481/190
f 255/413/191 278/481/191 281/497/191 261/414/191
f 263/494/192 282/503/192 283/505/192 262/470/192
f 236/492/167 251/475/167 245/482/167 253/506/167
f 248/479/67 277/485/67 282/503/67 263/494/67
f 260/491/68 280/489/68 276/428/68 247/431/68
f 228/436/67 272/427/67 277/485/67 248/479/67
f 239/443/193 274/408/193 278/481/193 255/413/193
f 226/460/163 270/471/163 275/401/163 240/446/163
f 247/431/68 276/428/68 273/397/68 229/432/68
f 227/435/67 271/424/67 272/427/67 228/436/67
f 282/503/194 244/484/194 254/507/194 283/505/194
f 256/409/195 279/405/195 274/408/195 239/443/195
f 240/446/163 275/401/163 271/404/163 227/447/163
f 229/432/68 273/397/68 270/400/68 226/449/68
